ISO-10303-21;
HEADER;
/* Generated by software containing ST-Developer
 * from STEP Tools, Inc. (www.steptools.com) 
 */

FILE_DESCRIPTION(
/* description */ (''),
/* implementation_level */ '2;1');

FILE_NAME(
/* name */ 'base.step',
/* time_stamp */ '2026-08-24T23:00:06+01:00',
/* author */ (''),
/* organization */ (''),
/* preprocessor_version */ 'ST-DEVELOPER v20.1',
/* originating_system */ 'Autodesk Translation Framework v15.8.0.0',
/* authorisation */ '');

FILE_SCHEMA (('AUTOMOTIVE_DESIGN { 1 0 10303 214 3 1 1 }'));
ENDSEC;

DATA;
#10=MECHANICAL_DESIGN_GEOMETRIC_PRESENTATION_REPRESENTATION('',(#26,#27),
#7517);
#11=ITEM_DEFINED_TRANSFORMATION($,$,#2523,#2693);
#12=(
REPRESENTATION_RELATIONSHIP($,$,#7528,#7527)
REPRESENTATION_RELATIONSHIP_WITH_TRANSFORMATION(#11)
SHAPE_REPRESENTATION_RELATIONSHIP()
);
#13=CONTEXT_DEPENDENT_SHAPE_REPRESENTATION(#12,#7526);
#14=NEXT_ASSEMBLY_USAGE_OCCURRENCE('base:1','base:1','base:1',#7530,#7531,
'base:1');
#15=SHAPE_REPRESENTATION_RELATIONSHIP('SRR','None',#7528,#16);
#16=ADVANCED_BREP_SHAPE_REPRESENTATION('',(#28,#29),#7516);
#17=(
BOUNDED_CURVE()
B_SPLINE_CURVE(5,(#7115,#7116,#7117,#7118,#7119,#7120,#7121,#7122,#7123,
#7124,#7125,#7126,#7127,#7128,#7129,#7130,#7131,#7132,#7133,#7134),
 .UNSPECIFIED.,.F.,.F.)
B_SPLINE_CURVE_WITH_KNOTS((6,1,1,1,1,1,1,1,1,1,1,1,1,1,1,6),(-1.,-0.933333333333333,
-0.866666666666667,-0.8,-0.733333333333333,-0.666666666666667,-0.6,-0.533333333333333,
-0.466666666666667,-0.4,-0.333333333333333,-0.266666666666667,-0.2,-0.133333333333333,
-0.0666666666666667,0.),.UNSPECIFIED.)
CURVE()
GEOMETRIC_REPRESENTATION_ITEM()
RATIONAL_B_SPLINE_CURVE((1.,1.,1.,1.,1.,1.,1.,1.,1.,1.,1.,1.,1.,1.,1.,1.,
1.,1.,1.,1.))
REPRESENTATION_ITEM('')
);
#18=(
BOUNDED_CURVE()
B_SPLINE_CURVE(5,(#7138,#7139,#7140,#7141,#7142,#7143,#7144,#7145,#7146,
#7147,#7148,#7149,#7150,#7151,#7152,#7153,#7154,#7155,#7156,#7157),
 .UNSPECIFIED.,.F.,.F.)
B_SPLINE_CURVE_WITH_KNOTS((6,1,1,1,1,1,1,1,1,1,1,1,1,1,1,6),(-1.,-0.933333333333333,
-0.866666666666667,-0.8,-0.733333333333333,-0.666666666666667,-0.6,-0.533333333333333,
-0.466666666666667,-0.4,-0.333333333333333,-0.266666666666667,-0.2,-0.133333333333333,
-0.0666666666666667,0.),.UNSPECIFIED.)
CURVE()
GEOMETRIC_REPRESENTATION_ITEM()
RATIONAL_B_SPLINE_CURVE((1.,1.,1.,1.,1.,1.,1.,1.,1.,1.,1.,1.,1.,1.,1.,1.,
1.,1.,1.,1.))
REPRESENTATION_ITEM('')
);
#19=(
BOUNDED_CURVE()
B_SPLINE_CURVE(5,(#7201,#7202,#7203,#7204,#7205,#7206,#7207,#7208,#7209,
#7210,#7211,#7212,#7213,#7214,#7215,#7216,#7217,#7218,#7219,#7220),
 .UNSPECIFIED.,.F.,.F.)
B_SPLINE_CURVE_WITH_KNOTS((6,1,1,1,1,1,1,1,1,1,1,1,1,1,1,6),(0.,0.0666666666666667,
0.133333333333333,0.2,0.266666666666667,0.333333333333333,0.4,0.466666666666667,
0.533333333333333,0.6,0.666666666666667,0.733333333333333,0.8,0.866666666666667,
0.933333333333333,1.),.UNSPECIFIED.)
CURVE()
GEOMETRIC_REPRESENTATION_ITEM()
RATIONAL_B_SPLINE_CURVE((1.,1.,1.,1.,1.,1.,1.,1.,1.,1.,1.,1.,1.,1.,1.,1.,
1.,1.,1.,1.))
REPRESENTATION_ITEM('')
);
#20=(
BOUNDED_CURVE()
B_SPLINE_CURVE(5,(#7224,#7225,#7226,#7227,#7228,#7229,#7230,#7231,#7232,
#7233,#7234,#7235,#7236,#7237,#7238,#7239,#7240,#7241,#7242,#7243),
 .UNSPECIFIED.,.F.,.F.)
B_SPLINE_CURVE_WITH_KNOTS((6,1,1,1,1,1,1,1,1,1,1,1,1,1,1,6),(0.,0.0666666666666667,
0.133333333333333,0.2,0.266666666666667,0.333333333333333,0.4,0.466666666666667,
0.533333333333333,0.6,0.666666666666667,0.733333333333333,0.8,0.866666666666667,
0.933333333333333,1.),.UNSPECIFIED.)
CURVE()
GEOMETRIC_REPRESENTATION_ITEM()
RATIONAL_B_SPLINE_CURVE((1.,1.,1.,1.,1.,1.,1.,1.,1.,1.,1.,1.,1.,1.,1.,1.,
1.,1.,1.,1.))
REPRESENTATION_ITEM('')
);
#21=(
BOUNDED_CURVE()
B_SPLINE_CURVE(5,(#7312,#7313,#7314,#7315,#7316,#7317,#7318,#7319,#7320,
#7321,#7322,#7323,#7324,#7325,#7326,#7327,#7328,#7329,#7330,#7331),
 .UNSPECIFIED.,.F.,.F.)
B_SPLINE_CURVE_WITH_KNOTS((6,1,1,1,1,1,1,1,1,1,1,1,1,1,1,6),(-1.,-0.933333333333333,
-0.866666666666667,-0.8,-0.733333333333333,-0.666666666666667,-0.6,-0.533333333333333,
-0.466666666666667,-0.4,-0.333333333333333,-0.266666666666667,-0.2,-0.133333333333333,
-0.0666666666666667,0.),.UNSPECIFIED.)
CURVE()
GEOMETRIC_REPRESENTATION_ITEM()
RATIONAL_B_SPLINE_CURVE((1.,1.,1.,1.,1.,1.,1.,1.,1.,1.,1.,1.,1.,1.,1.,1.,
1.,1.,1.,1.))
REPRESENTATION_ITEM('')
);
#22=(
BOUNDED_CURVE()
B_SPLINE_CURVE(5,(#7333,#7334,#7335,#7336,#7337,#7338,#7339,#7340,#7341,
#7342,#7343,#7344,#7345,#7346,#7347,#7348,#7349,#7350,#7351,#7352),
 .UNSPECIFIED.,.F.,.F.)
B_SPLINE_CURVE_WITH_KNOTS((6,1,1,1,1,1,1,1,1,1,1,1,1,1,1,6),(-1.,-0.933333333333333,
-0.866666666666667,-0.8,-0.733333333333333,-0.666666666666667,-0.6,-0.533333333333333,
-0.466666666666667,-0.4,-0.333333333333333,-0.266666666666667,-0.2,-0.133333333333333,
-0.0666666666666667,0.),.UNSPECIFIED.)
CURVE()
GEOMETRIC_REPRESENTATION_ITEM()
RATIONAL_B_SPLINE_CURVE((1.,1.,1.,1.,1.,1.,1.,1.,1.,1.,1.,1.,1.,1.,1.,1.,
1.,1.,1.,1.))
REPRESENTATION_ITEM('')
);
#23=(
BOUNDED_SURFACE()
B_SPLINE_SURFACE(5,1,((#7073,#7074),(#7075,#7076),(#7077,#7078),(#7079,
#7080),(#7081,#7082),(#7083,#7084),(#7085,#7086),(#7087,#7088),(#7089,#7090),
(#7091,#7092),(#7093,#7094),(#7095,#7096),(#7097,#7098),(#7099,#7100),(#7101,
#7102),(#7103,#7104),(#7105,#7106),(#7107,#7108),(#7109,#7110),(#7111,#7112)),
 .UNSPECIFIED.,.F.,.F.,.F.)
B_SPLINE_SURFACE_WITH_KNOTS((6,1,1,1,1,1,1,1,1,1,1,1,1,1,1,6),(2,2),(-1.,
-0.933333333333333,-0.866666666666667,-0.8,-0.733333333333333,-0.666666666666667,
-0.6,-0.533333333333333,-0.466666666666667,-0.4,-0.333333333333333,-0.266666666666667,
-0.2,-0.133333333333333,-0.0666666666666667,0.),(0.,0.1),.UNSPECIFIED.)
GEOMETRIC_REPRESENTATION_ITEM()
RATIONAL_B_SPLINE_SURFACE(((1.,1.),(1.,1.),(1.,1.),(1.,1.),(1.,1.),(1.,
1.),(1.,1.),(1.,1.),(1.,1.),(1.,1.),(1.,1.),(1.,1.),(1.,1.),(1.,1.),(1.,
1.),(1.,1.),(1.,1.),(1.,1.),(1.,1.),(1.,1.)))
REPRESENTATION_ITEM('')
SURFACE()
);
#24=(
BOUNDED_SURFACE()
B_SPLINE_SURFACE(5,1,((#7159,#7160),(#7161,#7162),(#7163,#7164),(#7165,
#7166),(#7167,#7168),(#7169,#7170),(#7171,#7172),(#7173,#7174),(#7175,#7176),
(#7177,#7178),(#7179,#7180),(#7181,#7182),(#7183,#7184),(#7185,#7186),(#7187,
#7188),(#7189,#7190),(#7191,#7192),(#7193,#7194),(#7195,#7196),(#7197,#7198)),
 .UNSPECIFIED.,.F.,.F.,.F.)
B_SPLINE_SURFACE_WITH_KNOTS((6,1,1,1,1,1,1,1,1,1,1,1,1,1,1,6),(2,2),(0.,
0.0666666666666667,0.133333333333333,0.2,0.266666666666667,0.333333333333333,
0.4,0.466666666666667,0.533333333333333,0.6,0.666666666666667,0.733333333333333,
0.8,0.866666666666667,0.933333333333333,1.),(0.,0.1),.UNSPECIFIED.)
GEOMETRIC_REPRESENTATION_ITEM()
RATIONAL_B_SPLINE_SURFACE(((1.,1.),(1.,1.),(1.,1.),(1.,1.),(1.,1.),(1.,
1.),(1.,1.),(1.,1.),(1.,1.),(1.,1.),(1.,1.),(1.,1.),(1.,1.),(1.,1.),(1.,
1.),(1.,1.),(1.,1.),(1.,1.),(1.,1.),(1.,1.)))
REPRESENTATION_ITEM('')
SURFACE()
);
#25=(
BOUNDED_SURFACE()
B_SPLINE_SURFACE(5,1,((#7271,#7272),(#7273,#7274),(#7275,#7276),(#7277,
#7278),(#7279,#7280),(#7281,#7282),(#7283,#7284),(#7285,#7286),(#7287,#7288),
(#7289,#7290),(#7291,#7292),(#7293,#7294),(#7295,#7296),(#7297,#7298),(#7299,
#7300),(#7301,#7302),(#7303,#7304),(#7305,#7306),(#7307,#7308),(#7309,#7310)),
 .UNSPECIFIED.,.F.,.F.,.F.)
B_SPLINE_SURFACE_WITH_KNOTS((6,1,1,1,1,1,1,1,1,1,1,1,1,1,1,6),(2,2),(-1.,
-0.933333333333333,-0.866666666666667,-0.8,-0.733333333333333,-0.666666666666667,
-0.6,-0.533333333333333,-0.466666666666667,-0.4,-0.333333333333333,-0.266666666666667,
-0.2,-0.133333333333333,-0.0666666666666667,0.),(0.,0.1),.UNSPECIFIED.)
GEOMETRIC_REPRESENTATION_ITEM()
RATIONAL_B_SPLINE_SURFACE(((1.,1.),(1.,1.),(1.,1.),(1.,1.),(1.,1.),(1.,
1.),(1.,1.),(1.,1.),(1.,1.),(1.,1.),(1.,1.),(1.,1.),(1.,1.),(1.,1.),(1.,
1.),(1.,1.),(1.,1.),(1.,1.),(1.,1.),(1.,1.)))
REPRESENTATION_ITEM('')
SURFACE()
);
#26=STYLED_ITEM('',(#7541),#28);
#27=STYLED_ITEM('',(#7541),#29);
#28=MANIFOLD_SOLID_BREP('base',#2508);
#29=MANIFOLD_SOLID_BREP('lid',#2509);
#30=FACE_BOUND('',#310,.T.);
#31=FACE_BOUND('',#312,.T.);
#32=FACE_BOUND('',#313,.T.);
#33=FACE_BOUND('',#314,.T.);
#34=FACE_BOUND('',#339,.T.);
#35=FACE_BOUND('',#345,.T.);
#36=FACE_BOUND('',#356,.T.);
#37=FACE_BOUND('',#357,.T.);
#38=FACE_BOUND('',#377,.T.);
#39=FACE_BOUND('',#378,.T.);
#40=B_SPLINE_SURFACE_WITH_KNOTS('',3,3,((#4964,#4965,#4966,#4967,#4968,
#4969,#4970,#4971,#4972,#4973,#4974,#4975,#4976,#4977,#4978,#4979,#4980,
#4981,#4982,#4983,#4984,#4985,#4986,#4987,#4988,#4989,#4990,#4991,#4992,
#4993,#4994,#4995,#4996,#4997,#4998,#4999,#5000,#5001,#5002,#5003,#5004,
#5005,#5006,#5007,#5008,#5009,#5010,#5011,#5012,#5013,#5014,#5015,#5016,
#5017,#5018,#5019,#5020,#5021,#5022,#5023,#5024,#5025,#5026,#5027,#5028,
#5029,#5030,#5031,#5032,#5033,#5034,#5035,#5036,#5037,#5038),(#5039,#5040,
#5041,#5042,#5043,#5044,#5045,#5046,#5047,#5048,#5049,#5050,#5051,#5052,
#5053,#5054,#5055,#5056,#5057,#5058,#5059,#5060,#5061,#5062,#5063,#5064,
#5065,#5066,#5067,#5068,#5069,#5070,#5071,#5072,#5073,#5074,#5075,#5076,
#5077,#5078,#5079,#5080,#5081,#5082,#5083,#5084,#5085,#5086,#5087,#5088,
#5089,#5090,#5091,#5092,#5093,#5094,#5095,#5096,#5097,#5098,#5099,#5100,
#5101,#5102,#5103,#5104,#5105,#5106,#5107,#5108,#5109,#5110,#5111,#5112,
#5113),(#5114,#5115,#5116,#5117,#5118,#5119,#5120,#5121,#5122,#5123,#5124,
#5125,#5126,#5127,#5128,#5129,#5130,#5131,#5132,#5133,#5134,#5135,#5136,
#5137,#5138,#5139,#5140,#5141,#5142,#5143,#5144,#5145,#5146,#5147,#5148,
#5149,#5150,#5151,#5152,#5153,#5154,#5155,#5156,#5157,#5158,#5159,#5160,
#5161,#5162,#5163,#5164,#5165,#5166,#5167,#5168,#5169,#5170,#5171,#5172,
#5173,#5174,#5175,#5176,#5177,#5178,#5179,#5180,#5181,#5182,#5183,#5184,
#5185,#5186,#5187,#5188),(#5189,#5190,#5191,#5192,#5193,#5194,#5195,#5196,
#5197,#5198,#5199,#5200,#5201,#5202,#5203,#5204,#5205,#5206,#5207,#5208,
#5209,#5210,#5211,#5212,#5213,#5214,#5215,#5216,#5217,#5218,#5219,#5220,
#5221,#5222,#5223,#5224,#5225,#5226,#5227,#5228,#5229,#5230,#5231,#5232,
#5233,#5234,#5235,#5236,#5237,#5238,#5239,#5240,#5241,#5242,#5243,#5244,
#5245,#5246,#5247,#5248,#5249,#5250,#5251,#5252,#5253,#5254,#5255,#5256,
#5257,#5258,#5259,#5260,#5261,#5262,#5263)),.UNSPECIFIED.,.F.,.F.,.F.,(4,
4),(4,1,1,1,1,1,1,1,1,1,1,1,1,1,1,1,1,1,1,1,1,1,1,1,1,1,1,1,1,1,1,1,1,1,
1,1,1,1,1,1,1,1,1,1,1,1,1,1,1,1,1,1,1,1,1,1,1,1,1,1,1,1,1,1,1,1,1,1,1,1,
1,1,4),(0.,0.0291273210806173),(11.8408508686654,12.8387208783924,13.8365908881194,
14.8344608978463,15.8323309075733,16.8302009173003,17.8280709270273,18.8259409367543,
19.8238109464812,20.8216809562082,21.8195509659352,22.8174209756622,23.8152909853892,
24.8131609951161,25.8110310048431,26.8089010145701,27.8067710242971,28.804641034024,
29.802511043751,30.800381053478,31.798251063205,32.796121072932,33.7939910826589,
34.7918610923859,35.7897311021129,36.7876011118399,37.7854711215669,38.7833411312938,
39.7812111410208,40.7790811507478,41.7769511604748,42.7748211702017,43.7726911799287,
44.7705611896557,45.7684311993827,46.7663012091097,47.7641712188366,48.7620412285636,
49.7599112382906,50.7577812480176,51.7556512577446,52.7535212674715,53.7513912771985,
54.7492612869255,55.7471312966525,56.7450013063794,57.7428713161064,58.7407413258334,
59.7386113355604,60.7364813452874,61.7343513550143,62.7322213647413,63.7300913744683,
64.7279613841953,65.7258313939222,66.7237014036492,67.7215714133762,68.7194414231032,
69.7173114328302,70.7151814425571,71.7130514522841,72.7109214620111,73.7087914717381,
74.706661481465,75.704531491192,76.702401500919,77.700271510646,78.698141520373,
79.6960115301,80.6938815398269,81.6917515495539,82.6896215592809,83.6874915690079),
 .UNSPECIFIED.);
#41=B_SPLINE_SURFACE_WITH_KNOTS('',3,3,((#5447,#5448,#5449,#5450,#5451,
#5452,#5453,#5454,#5455,#5456,#5457,#5458,#5459,#5460,#5461,#5462,#5463,
#5464,#5465,#5466,#5467,#5468,#5469,#5470,#5471,#5472,#5473,#5474,#5475,
#5476,#5477,#5478,#5479,#5480,#5481,#5482,#5483,#5484,#5485,#5486,#5487,
#5488,#5489,#5490,#5491,#5492,#5493,#5494,#5495,#5496,#5497,#5498,#5499,
#5500,#5501,#5502,#5503,#5504,#5505,#5506,#5507,#5508,#5509,#5510,#5511,
#5512,#5513,#5514,#5515,#5516,#5517,#5518,#5519,#5520,#5521),(#5522,#5523,
#5524,#5525,#5526,#5527,#5528,#5529,#5530,#5531,#5532,#5533,#5534,#5535,
#5536,#5537,#5538,#5539,#5540,#5541,#5542,#5543,#5544,#5545,#5546,#5547,
#5548,#5549,#5550,#5551,#5552,#5553,#5554,#5555,#5556,#5557,#5558,#5559,
#5560,#5561,#5562,#5563,#5564,#5565,#5566,#5567,#5568,#5569,#5570,#5571,
#5572,#5573,#5574,#5575,#5576,#5577,#5578,#5579,#5580,#5581,#5582,#5583,
#5584,#5585,#5586,#5587,#5588,#5589,#5590,#5591,#5592,#5593,#5594,#5595,
#5596),(#5597,#5598,#5599,#5600,#5601,#5602,#5603,#5604,#5605,#5606,#5607,
#5608,#5609,#5610,#5611,#5612,#5613,#5614,#5615,#5616,#5617,#5618,#5619,
#5620,#5621,#5622,#5623,#5624,#5625,#5626,#5627,#5628,#5629,#5630,#5631,
#5632,#5633,#5634,#5635,#5636,#5637,#5638,#5639,#5640,#5641,#5642,#5643,
#5644,#5645,#5646,#5647,#5648,#5649,#5650,#5651,#5652,#5653,#5654,#5655,
#5656,#5657,#5658,#5659,#5660,#5661,#5662,#5663,#5664,#5665,#5666,#5667,
#5668,#5669,#5670,#5671),(#5672,#5673,#5674,#5675,#5676,#5677,#5678,#5679,
#5680,#5681,#5682,#5683,#5684,#5685,#5686,#5687,#5688,#5689,#5690,#5691,
#5692,#5693,#5694,#5695,#5696,#5697,#5698,#5699,#5700,#5701,#5702,#5703,
#5704,#5705,#5706,#5707,#5708,#5709,#5710,#5711,#5712,#5713,#5714,#5715,
#5716,#5717,#5718,#5719,#5720,#5721,#5722,#5723,#5724,#5725,#5726,#5727,
#5728,#5729,#5730,#5731,#5732,#5733,#5734,#5735,#5736,#5737,#5738,#5739,
#5740,#5741,#5742,#5743,#5744,#5745,#5746)),.UNSPECIFIED.,.F.,.F.,.F.,(4,
4),(4,1,1,1,1,1,1,1,1,1,1,1,1,1,1,1,1,1,1,1,1,1,1,1,1,1,1,1,1,1,1,1,1,1,
1,1,1,1,1,1,1,1,1,1,1,1,1,1,1,1,1,1,1,1,1,1,1,1,1,1,1,1,1,1,1,1,1,1,1,1,
1,1,4),(0.,0.0291273210806171),(14.4000123930733,15.3978824028003,16.3957524125273,
17.3936224222542,18.3914924319812,19.3893624417082,20.3872324514352,21.3851024611622,
22.3829724708891,23.3808424806161,24.3787124903431,25.3765825000701,26.3744525097971,
27.372322519524,28.370192529251,29.368062538978,30.365932548705,31.3638025584319,
32.3616725681589,33.3595425778859,34.3574125876129,35.3552825973399,36.3531526070668,
37.3510226167938,38.3488926265208,39.3467626362478,40.3446326459747,41.3425026557017,
42.3403726654287,43.3382426751557,44.3361126848827,45.3339826946096,46.3318527043366,
47.3297227140636,48.3275927237906,49.3254627335176,50.3233327432445,51.3212027529715,
52.3190727626985,53.3169427724255,54.3148127821525,55.3126827918794,56.3105528016064,
57.3084228113334,58.3062928210604,59.3041628307873,60.3020328405143,61.2999028502413,
62.2977728599683,63.2956428696952,64.2935128794222,65.2913828891492,66.2892528988762,
67.2871229086032,68.2849929183301,69.2828629280571,70.2807329377841,71.2786029475111,
72.2764729572381,73.274342966965,74.272212976692,75.270082986419,76.267952996146,
77.2658230058729,78.2636930155999,79.2615630253269,80.2594330350539,81.2573030447809,
82.2551730545078,83.2530430642348,84.2509130739618,85.2487830836888,86.2466530934157),
 .UNSPECIFIED.);
#42=B_SPLINE_SURFACE_WITH_KNOTS('',3,3,((#6045,#6046,#6047,#6048,#6049,
#6050,#6051,#6052,#6053,#6054,#6055,#6056,#6057,#6058,#6059,#6060,#6061,
#6062,#6063,#6064,#6065,#6066,#6067,#6068,#6069,#6070,#6071,#6072,#6073,
#6074,#6075,#6076,#6077,#6078,#6079,#6080,#6081,#6082,#6083,#6084,#6085,
#6086,#6087,#6088,#6089,#6090,#6091,#6092,#6093,#6094,#6095,#6096,#6097,
#6098,#6099,#6100,#6101,#6102,#6103,#6104,#6105,#6106,#6107,#6108,#6109,
#6110,#6111,#6112,#6113,#6114,#6115,#6116,#6117,#6118,#6119),(#6120,#6121,
#6122,#6123,#6124,#6125,#6126,#6127,#6128,#6129,#6130,#6131,#6132,#6133,
#6134,#6135,#6136,#6137,#6138,#6139,#6140,#6141,#6142,#6143,#6144,#6145,
#6146,#6147,#6148,#6149,#6150,#6151,#6152,#6153,#6154,#6155,#6156,#6157,
#6158,#6159,#6160,#6161,#6162,#6163,#6164,#6165,#6166,#6167,#6168,#6169,
#6170,#6171,#6172,#6173,#6174,#6175,#6176,#6177,#6178,#6179,#6180,#6181,
#6182,#6183,#6184,#6185,#6186,#6187,#6188,#6189,#6190,#6191,#6192,#6193,
#6194),(#6195,#6196,#6197,#6198,#6199,#6200,#6201,#6202,#6203,#6204,#6205,
#6206,#6207,#6208,#6209,#6210,#6211,#6212,#6213,#6214,#6215,#6216,#6217,
#6218,#6219,#6220,#6221,#6222,#6223,#6224,#6225,#6226,#6227,#6228,#6229,
#6230,#6231,#6232,#6233,#6234,#6235,#6236,#6237,#6238,#6239,#6240,#6241,
#6242,#6243,#6244,#6245,#6246,#6247,#6248,#6249,#6250,#6251,#6252,#6253,
#6254,#6255,#6256,#6257,#6258,#6259,#6260,#6261,#6262,#6263,#6264,#6265,
#6266,#6267,#6268,#6269),(#6270,#6271,#6272,#6273,#6274,#6275,#6276,#6277,
#6278,#6279,#6280,#6281,#6282,#6283,#6284,#6285,#6286,#6287,#6288,#6289,
#6290,#6291,#6292,#6293,#6294,#6295,#6296,#6297,#6298,#6299,#6300,#6301,
#6302,#6303,#6304,#6305,#6306,#6307,#6308,#6309,#6310,#6311,#6312,#6313,
#6314,#6315,#6316,#6317,#6318,#6319,#6320,#6321,#6322,#6323,#6324,#6325,
#6326,#6327,#6328,#6329,#6330,#6331,#6332,#6333,#6334,#6335,#6336,#6337,
#6338,#6339,#6340,#6341,#6342,#6343,#6344)),.UNSPECIFIED.,.F.,.F.,.F.,(4,
4),(4,1,1,1,1,1,1,1,1,1,1,1,1,1,1,1,1,1,1,1,1,1,1,1,1,1,1,1,1,1,1,1,1,1,
1,1,1,1,1,1,1,1,1,1,1,1,1,1,1,1,1,1,1,1,1,1,1,1,1,1,1,1,1,1,1,1,1,1,1,1,
1,1,4),(0.,0.0291273210806173),(11.8408508686654,12.8387208783924,13.8365908881194,
14.8344608978464,15.8323309075733,16.8302009173003,17.8280709270273,18.8259409367543,
19.8238109464812,20.8216809562082,21.8195509659352,22.8174209756622,23.8152909853892,
24.8131609951161,25.8110310048431,26.8089010145701,27.8067710242971,28.804641034024,
29.802511043751,30.800381053478,31.798251063205,32.796121072932,33.7939910826589,
34.7918610923859,35.7897311021129,36.7876011118399,37.7854711215668,38.7833411312938,
39.7812111410208,40.7790811507478,41.7769511604748,42.7748211702017,43.7726911799287,
44.7705611896557,45.7684311993827,46.7663012091096,47.7641712188366,48.7620412285636,
49.7599112382906,50.7577812480176,51.7556512577445,52.7535212674715,53.7513912771985,
54.7492612869255,55.7471312966524,56.7450013063794,57.7428713161064,58.7407413258334,
59.7386113355604,60.7364813452873,61.7343513550143,62.7322213647413,63.7300913744683,
64.7279613841952,65.7258313939222,66.7237014036492,67.7215714133762,68.7194414231031,
69.7173114328301,70.7151814425571,71.7130514522841,72.7109214620111,73.708791471738,
74.706661481465,75.704531491192,76.702401500919,77.7002715106459,78.6981415203729,
79.6960115300999,80.6938815398269,81.6917515495539,82.6896215592808,83.6874915690078),
 .UNSPECIFIED.);
#43=B_SPLINE_SURFACE_WITH_KNOTS('',3,3,((#6528,#6529,#6530,#6531,#6532,
#6533,#6534,#6535,#6536,#6537,#6538,#6539,#6540,#6541,#6542,#6543,#6544,
#6545,#6546,#6547,#6548,#6549,#6550,#6551,#6552,#6553,#6554,#6555,#6556,
#6557,#6558,#6559,#6560,#6561,#6562,#6563,#6564,#6565,#6566,#6567,#6568,
#6569,#6570,#6571,#6572,#6573,#6574,#6575,#6576,#6577,#6578,#6579,#6580,
#6581,#6582,#6583,#6584,#6585,#6586,#6587,#6588,#6589,#6590,#6591,#6592,
#6593,#6594,#6595,#6596,#6597,#6598,#6599,#6600,#6601,#6602),(#6603,#6604,
#6605,#6606,#6607,#6608,#6609,#6610,#6611,#6612,#6613,#6614,#6615,#6616,
#6617,#6618,#6619,#6620,#6621,#6622,#6623,#6624,#6625,#6626,#6627,#6628,
#6629,#6630,#6631,#6632,#6633,#6634,#6635,#6636,#6637,#6638,#6639,#6640,
#6641,#6642,#6643,#6644,#6645,#6646,#6647,#6648,#6649,#6650,#6651,#6652,
#6653,#6654,#6655,#6656,#6657,#6658,#6659,#6660,#6661,#6662,#6663,#6664,
#6665,#6666,#6667,#6668,#6669,#6670,#6671,#6672,#6673,#6674,#6675,#6676,
#6677),(#6678,#6679,#6680,#6681,#6682,#6683,#6684,#6685,#6686,#6687,#6688,
#6689,#6690,#6691,#6692,#6693,#6694,#6695,#6696,#6697,#6698,#6699,#6700,
#6701,#6702,#6703,#6704,#6705,#6706,#6707,#6708,#6709,#6710,#6711,#6712,
#6713,#6714,#6715,#6716,#6717,#6718,#6719,#6720,#6721,#6722,#6723,#6724,
#6725,#6726,#6727,#6728,#6729,#6730,#6731,#6732,#6733,#6734,#6735,#6736,
#6737,#6738,#6739,#6740,#6741,#6742,#6743,#6744,#6745,#6746,#6747,#6748,
#6749,#6750,#6751,#6752),(#6753,#6754,#6755,#6756,#6757,#6758,#6759,#6760,
#6761,#6762,#6763,#6764,#6765,#6766,#6767,#6768,#6769,#6770,#6771,#6772,
#6773,#6774,#6775,#6776,#6777,#6778,#6779,#6780,#6781,#6782,#6783,#6784,
#6785,#6786,#6787,#6788,#6789,#6790,#6791,#6792,#6793,#6794,#6795,#6796,
#6797,#6798,#6799,#6800,#6801,#6802,#6803,#6804,#6805,#6806,#6807,#6808,
#6809,#6810,#6811,#6812,#6813,#6814,#6815,#6816,#6817,#6818,#6819,#6820,
#6821,#6822,#6823,#6824,#6825,#6826,#6827)),.UNSPECIFIED.,.F.,.F.,.F.,(4,
4),(4,1,1,1,1,1,1,1,1,1,1,1,1,1,1,1,1,1,1,1,1,1,1,1,1,1,1,1,1,1,1,1,1,1,
1,1,1,1,1,1,1,1,1,1,1,1,1,1,1,1,1,1,1,1,1,1,1,1,1,1,1,1,1,1,1,1,1,1,1,1,
1,1,4),(0.,0.0291273210806173),(14.4000123930733,15.3978824028003,16.3957524125273,
17.3936224222543,18.3914924319812,19.3893624417082,20.3872324514352,21.3851024611622,
22.3829724708892,23.3808424806161,24.3787124903431,25.3765825000701,26.3744525097971,
27.372322519524,28.370192529251,29.368062538978,30.365932548705,31.363802558432,
32.3616725681589,33.3595425778859,34.3574125876129,35.3552825973399,36.3531526070668,
37.3510226167938,38.3488926265208,39.3467626362478,40.3446326459748,41.3425026557017,
42.3403726654287,43.3382426751557,44.3361126848827,45.3339826946096,46.3318527043366,
47.3297227140636,48.3275927237906,49.3254627335176,50.3233327432445,51.3212027529715,
52.3190727626985,53.3169427724255,54.3148127821524,55.3126827918794,56.3105528016064,
57.3084228113334,58.3062928210604,59.3041628307873,60.3020328405143,61.2999028502413,
62.2977728599683,63.2956428696952,64.2935128794222,65.2913828891492,66.2892528988762,
67.2871229086032,68.2849929183301,69.2828629280571,70.2807329377841,71.2786029475111,
72.276472957238,73.274342966965,74.272212976692,75.270082986419,76.267952996146,
77.2658230058729,78.2636930155999,79.2615630253269,80.2594330350539,81.2573030447809,
82.2551730545078,83.2530430642348,84.2509130739618,85.2487830836888,86.2466530934157),
 .UNSPECIFIED.);
#44=B_SPLINE_SURFACE_WITH_KNOTS('',3,1,((#7354,#7355),(#7356,#7357),(#7358,
#7359),(#7360,#7361),(#7362,#7363),(#7364,#7365),(#7366,#7367),(#7368,#7369),
(#7370,#7371),(#7372,#7373),(#7374,#7375),(#7376,#7377),(#7378,#7379),(#7380,
#7381),(#7382,#7383),(#7384,#7385)),.UNSPECIFIED.,.F.,.F.,.F.,(4,3,3,3,
3,4),(2,2),(0.0205181871450906,0.193203247722164,0.3690390571996,0.623382463286885,
0.817068083033559,0.962301796667964),(0.,0.1),.UNSPECIFIED.);
#45=PLANE('',#2576);
#46=PLANE('',#2585);
#47=PLANE('',#2590);
#48=PLANE('',#2591);
#49=PLANE('',#2592);
#50=PLANE('',#2593);
#51=PLANE('',#2596);
#52=PLANE('',#2599);
#53=PLANE('',#2604);
#54=PLANE('',#2605);
#55=PLANE('',#2606);
#56=PLANE('',#2607);
#57=PLANE('',#2608);
#58=PLANE('',#2609);
#59=PLANE('',#2610);
#60=PLANE('',#2613);
#61=PLANE('',#2617);
#62=PLANE('',#2618);
#63=PLANE('',#2620);
#64=PLANE('',#2621);
#65=PLANE('',#2622);
#66=PLANE('',#2623);
#67=PLANE('',#2624);
#68=PLANE('',#2625);
#69=PLANE('',#2626);
#70=PLANE('',#2627);
#71=PLANE('',#2628);
#72=PLANE('',#2629);
#73=PLANE('',#2630);
#74=PLANE('',#2631);
#75=PLANE('',#2632);
#76=PLANE('',#2633);
#77=PLANE('',#2634);
#78=PLANE('',#2635);
#79=PLANE('',#2636);
#80=PLANE('',#2639);
#81=PLANE('',#2642);
#82=PLANE('',#2643);
#83=PLANE('',#2644);
#84=PLANE('',#2645);
#85=PLANE('',#2646);
#86=PLANE('',#2647);
#87=PLANE('',#2652);
#88=PLANE('',#2653);
#89=PLANE('',#2654);
#90=PLANE('',#2655);
#91=PLANE('',#2658);
#92=PLANE('',#2659);
#93=PLANE('',#2666);
#94=PLANE('',#2670);
#95=PLANE('',#2675);
#96=PLANE('',#2678);
#97=PLANE('',#2681);
#98=PLANE('',#2684);
#99=PLANE('',#2687);
#100=PLANE('',#2688);
#101=PLANE('',#2689);
#102=PLANE('',#2690);
#103=PLANE('',#2691);
#104=PLANE('',#2692);
#105=FACE_OUTER_BOUND('',#238,.T.);
#106=FACE_OUTER_BOUND('',#239,.T.);
#107=FACE_OUTER_BOUND('',#240,.T.);
#108=FACE_OUTER_BOUND('',#241,.T.);
#109=FACE_OUTER_BOUND('',#242,.T.);
#110=FACE_OUTER_BOUND('',#243,.T.);
#111=FACE_OUTER_BOUND('',#244,.T.);
#112=FACE_OUTER_BOUND('',#245,.T.);
#113=FACE_OUTER_BOUND('',#246,.T.);
#114=FACE_OUTER_BOUND('',#247,.T.);
#115=FACE_OUTER_BOUND('',#248,.T.);
#116=FACE_OUTER_BOUND('',#249,.T.);
#117=FACE_OUTER_BOUND('',#250,.T.);
#118=FACE_OUTER_BOUND('',#251,.T.);
#119=FACE_OUTER_BOUND('',#252,.T.);
#120=FACE_OUTER_BOUND('',#253,.T.);
#121=FACE_OUTER_BOUND('',#254,.T.);
#122=FACE_OUTER_BOUND('',#255,.T.);
#123=FACE_OUTER_BOUND('',#256,.T.);
#124=FACE_OUTER_BOUND('',#257,.T.);
#125=FACE_OUTER_BOUND('',#258,.T.);
#126=FACE_OUTER_BOUND('',#259,.T.);
#127=FACE_OUTER_BOUND('',#260,.T.);
#128=FACE_OUTER_BOUND('',#261,.T.);
#129=FACE_OUTER_BOUND('',#262,.T.);
#130=FACE_OUTER_BOUND('',#263,.T.);
#131=FACE_OUTER_BOUND('',#264,.T.);
#132=FACE_OUTER_BOUND('',#265,.T.);
#133=FACE_OUTER_BOUND('',#266,.T.);
#134=FACE_OUTER_BOUND('',#267,.T.);
#135=FACE_OUTER_BOUND('',#268,.T.);
#136=FACE_OUTER_BOUND('',#269,.T.);
#137=FACE_OUTER_BOUND('',#270,.T.);
#138=FACE_OUTER_BOUND('',#271,.T.);
#139=FACE_OUTER_BOUND('',#272,.T.);
#140=FACE_OUTER_BOUND('',#273,.T.);
#141=FACE_OUTER_BOUND('',#274,.T.);
#142=FACE_OUTER_BOUND('',#275,.T.);
#143=FACE_OUTER_BOUND('',#276,.T.);
#144=FACE_OUTER_BOUND('',#277,.T.);
#145=FACE_OUTER_BOUND('',#278,.T.);
#146=FACE_OUTER_BOUND('',#279,.T.);
#147=FACE_OUTER_BOUND('',#280,.T.);
#148=FACE_OUTER_BOUND('',#281,.T.);
#149=FACE_OUTER_BOUND('',#282,.T.);
#150=FACE_OUTER_BOUND('',#283,.T.);
#151=FACE_OUTER_BOUND('',#284,.T.);
#152=FACE_OUTER_BOUND('',#285,.T.);
#153=FACE_OUTER_BOUND('',#286,.T.);
#154=FACE_OUTER_BOUND('',#287,.T.);
#155=FACE_OUTER_BOUND('',#288,.T.);
#156=FACE_OUTER_BOUND('',#289,.T.);
#157=FACE_OUTER_BOUND('',#290,.T.);
#158=FACE_OUTER_BOUND('',#291,.T.);
#159=FACE_OUTER_BOUND('',#292,.T.);
#160=FACE_OUTER_BOUND('',#293,.T.);
#161=FACE_OUTER_BOUND('',#294,.T.);
#162=FACE_OUTER_BOUND('',#295,.T.);
#163=FACE_OUTER_BOUND('',#296,.T.);
#164=FACE_OUTER_BOUND('',#297,.T.);
#165=FACE_OUTER_BOUND('',#298,.T.);
#166=FACE_OUTER_BOUND('',#299,.T.);
#167=FACE_OUTER_BOUND('',#300,.T.);
#168=FACE_OUTER_BOUND('',#301,.T.);
#169=FACE_OUTER_BOUND('',#302,.T.);
#170=FACE_OUTER_BOUND('',#303,.T.);
#171=FACE_OUTER_BOUND('',#304,.T.);
#172=FACE_OUTER_BOUND('',#305,.T.);
#173=FACE_OUTER_BOUND('',#306,.T.);
#174=FACE_OUTER_BOUND('',#307,.T.);
#175=FACE_OUTER_BOUND('',#308,.T.);
#176=FACE_OUTER_BOUND('',#309,.T.);
#177=FACE_OUTER_BOUND('',#311,.T.);
#178=FACE_OUTER_BOUND('',#315,.T.);
#179=FACE_OUTER_BOUND('',#316,.T.);
#180=FACE_OUTER_BOUND('',#317,.T.);
#181=FACE_OUTER_BOUND('',#318,.T.);
#182=FACE_OUTER_BOUND('',#319,.T.);
#183=FACE_OUTER_BOUND('',#320,.T.);
#184=FACE_OUTER_BOUND('',#321,.T.);
#185=FACE_OUTER_BOUND('',#322,.T.);
#186=FACE_OUTER_BOUND('',#323,.T.);
#187=FACE_OUTER_BOUND('',#324,.T.);
#188=FACE_OUTER_BOUND('',#325,.T.);
#189=FACE_OUTER_BOUND('',#326,.T.);
#190=FACE_OUTER_BOUND('',#327,.T.);
#191=FACE_OUTER_BOUND('',#328,.T.);
#192=FACE_OUTER_BOUND('',#329,.T.);
#193=FACE_OUTER_BOUND('',#330,.T.);
#194=FACE_OUTER_BOUND('',#331,.T.);
#195=FACE_OUTER_BOUND('',#332,.T.);
#196=FACE_OUTER_BOUND('',#333,.T.);
#197=FACE_OUTER_BOUND('',#334,.T.);
#198=FACE_OUTER_BOUND('',#335,.T.);
#199=FACE_OUTER_BOUND('',#336,.T.);
#200=FACE_OUTER_BOUND('',#337,.T.);
#201=FACE_OUTER_BOUND('',#338,.T.);
#202=FACE_OUTER_BOUND('',#340,.T.);
#203=FACE_OUTER_BOUND('',#341,.T.);
#204=FACE_OUTER_BOUND('',#342,.T.);
#205=FACE_OUTER_BOUND('',#343,.T.);
#206=FACE_OUTER_BOUND('',#344,.T.);
#207=FACE_OUTER_BOUND('',#346,.T.);
#208=FACE_OUTER_BOUND('',#347,.T.);
#209=FACE_OUTER_BOUND('',#348,.T.);
#210=FACE_OUTER_BOUND('',#349,.T.);
#211=FACE_OUTER_BOUND('',#350,.T.);
#212=FACE_OUTER_BOUND('',#351,.T.);
#213=FACE_OUTER_BOUND('',#352,.T.);
#214=FACE_OUTER_BOUND('',#353,.T.);
#215=FACE_OUTER_BOUND('',#354,.T.);
#216=FACE_OUTER_BOUND('',#355,.T.);
#217=FACE_OUTER_BOUND('',#358,.T.);
#218=FACE_OUTER_BOUND('',#359,.T.);
#219=FACE_OUTER_BOUND('',#360,.T.);
#220=FACE_OUTER_BOUND('',#361,.T.);
#221=FACE_OUTER_BOUND('',#362,.T.);
#222=FACE_OUTER_BOUND('',#363,.T.);
#223=FACE_OUTER_BOUND('',#364,.T.);
#224=FACE_OUTER_BOUND('',#365,.T.);
#225=FACE_OUTER_BOUND('',#366,.T.);
#226=FACE_OUTER_BOUND('',#367,.T.);
#227=FACE_OUTER_BOUND('',#368,.T.);
#228=FACE_OUTER_BOUND('',#369,.T.);
#229=FACE_OUTER_BOUND('',#370,.T.);
#230=FACE_OUTER_BOUND('',#371,.T.);
#231=FACE_OUTER_BOUND('',#372,.T.);
#232=FACE_OUTER_BOUND('',#373,.T.);
#233=FACE_OUTER_BOUND('',#374,.T.);
#234=FACE_OUTER_BOUND('',#375,.T.);
#235=FACE_OUTER_BOUND('',#376,.T.);
#236=FACE_OUTER_BOUND('',#379,.T.);
#237=FACE_OUTER_BOUND('',#380,.T.);
#238=EDGE_LOOP('',(#1572,#1573,#1574,#1575));
#239=EDGE_LOOP('',(#1576,#1577,#1578,#1579));
#240=EDGE_LOOP('',(#1580,#1581,#1582,#1583));
#241=EDGE_LOOP('',(#1584,#1585,#1586,#1587));
#242=EDGE_LOOP('',(#1588,#1589,#1590,#1591));
#243=EDGE_LOOP('',(#1592,#1593,#1594,#1595));
#244=EDGE_LOOP('',(#1596,#1597,#1598,#1599));
#245=EDGE_LOOP('',(#1600,#1601,#1602,#1603));
#246=EDGE_LOOP('',(#1604,#1605,#1606,#1607));
#247=EDGE_LOOP('',(#1608,#1609,#1610,#1611));
#248=EDGE_LOOP('',(#1612,#1613,#1614,#1615));
#249=EDGE_LOOP('',(#1616,#1617,#1618,#1619));
#250=EDGE_LOOP('',(#1620,#1621,#1622,#1623));
#251=EDGE_LOOP('',(#1624,#1625,#1626,#1627));
#252=EDGE_LOOP('',(#1628,#1629,#1630,#1631));
#253=EDGE_LOOP('',(#1632,#1633,#1634,#1635));
#254=EDGE_LOOP('',(#1636,#1637,#1638,#1639));
#255=EDGE_LOOP('',(#1640,#1641,#1642,#1643));
#256=EDGE_LOOP('',(#1644,#1645,#1646,#1647));
#257=EDGE_LOOP('',(#1648,#1649,#1650,#1651));
#258=EDGE_LOOP('',(#1652,#1653,#1654,#1655));
#259=EDGE_LOOP('',(#1656,#1657,#1658,#1659));
#260=EDGE_LOOP('',(#1660,#1661,#1662,#1663));
#261=EDGE_LOOP('',(#1664,#1665,#1666,#1667));
#262=EDGE_LOOP('',(#1668,#1669,#1670,#1671));
#263=EDGE_LOOP('',(#1672,#1673,#1674,#1675));
#264=EDGE_LOOP('',(#1676,#1677,#1678,#1679));
#265=EDGE_LOOP('',(#1680,#1681,#1682,#1683));
#266=EDGE_LOOP('',(#1684,#1685,#1686,#1687));
#267=EDGE_LOOP('',(#1688,#1689,#1690,#1691));
#268=EDGE_LOOP('',(#1692,#1693,#1694,#1695));
#269=EDGE_LOOP('',(#1696,#1697,#1698,#1699));
#270=EDGE_LOOP('',(#1700,#1701,#1702,#1703));
#271=EDGE_LOOP('',(#1704,#1705,#1706,#1707));
#272=EDGE_LOOP('',(#1708,#1709,#1710,#1711));
#273=EDGE_LOOP('',(#1712,#1713,#1714,#1715));
#274=EDGE_LOOP('',(#1716,#1717,#1718,#1719));
#275=EDGE_LOOP('',(#1720,#1721,#1722,#1723));
#276=EDGE_LOOP('',(#1724,#1725,#1726,#1727));
#277=EDGE_LOOP('',(#1728,#1729,#1730,#1731));
#278=EDGE_LOOP('',(#1732,#1733,#1734,#1735));
#279=EDGE_LOOP('',(#1736,#1737,#1738,#1739));
#280=EDGE_LOOP('',(#1740,#1741,#1742,#1743));
#281=EDGE_LOOP('',(#1744,#1745,#1746,#1747));
#282=EDGE_LOOP('',(#1748,#1749,#1750,#1751,#1752,#1753,#1754,#1755,#1756,
#1757,#1758,#1759,#1760,#1761,#1762,#1763));
#283=EDGE_LOOP('',(#1764,#1765,#1766,#1767,#1768,#1769));
#284=EDGE_LOOP('',(#1770,#1771,#1772,#1773));
#285=EDGE_LOOP('',(#1774,#1775,#1776,#1777,#1778,#1779));
#286=EDGE_LOOP('',(#1780,#1781,#1782,#1783));
#287=EDGE_LOOP('',(#1784,#1785,#1786,#1787));
#288=EDGE_LOOP('',(#1788,#1789,#1790,#1791,#1792,#1793,#1794,#1795));
#289=EDGE_LOOP('',(#1796,#1797,#1798,#1799,#1800));
#290=EDGE_LOOP('',(#1801,#1802,#1803,#1804));
#291=EDGE_LOOP('',(#1805,#1806,#1807,#1808,#1809,#1810,#1811,#1812,#1813,
#1814));
#292=EDGE_LOOP('',(#1815,#1816,#1817,#1818));
#293=EDGE_LOOP('',(#1819,#1820,#1821,#1822));
#294=EDGE_LOOP('',(#1823,#1824,#1825,#1826));
#295=EDGE_LOOP('',(#1827,#1828,#1829,#1830));
#296=EDGE_LOOP('',(#1831,#1832,#1833,#1834,#1835,#1836,#1837,#1838));
#297=EDGE_LOOP('',(#1839,#1840,#1841,#1842));
#298=EDGE_LOOP('',(#1843,#1844,#1845,#1846));
#299=EDGE_LOOP('',(#1847,#1848,#1849,#1850));
#300=EDGE_LOOP('',(#1851,#1852,#1853,#1854,#1855));
#301=EDGE_LOOP('',(#1856,#1857,#1858,#1859,#1860,#1861,#1862,#1863,#1864,
#1865,#1866,#1867));
#302=EDGE_LOOP('',(#1868,#1869,#1870,#1871));
#303=EDGE_LOOP('',(#1872,#1873,#1874,#1875));
#304=EDGE_LOOP('',(#1876,#1877,#1878,#1879,#1880,#1881,#1882,#1883,#1884,
#1885,#1886,#1887,#1888,#1889,#1890,#1891,#1892,#1893,#1894,#1895,#1896,
#1897,#1898,#1899,#1900,#1901));
#305=EDGE_LOOP('',(#1902,#1903,#1904,#1905,#1906,#1907,#1908,#1909,#1910,
#1911,#1912,#1913,#1914,#1915,#1916,#1917,#1918,#1919,#1920,#1921,#1922,
#1923,#1924,#1925,#1926,#1927));
#306=EDGE_LOOP('',(#1928,#1929,#1930,#1931));
#307=EDGE_LOOP('',(#1932,#1933,#1934,#1935));
#308=EDGE_LOOP('',(#1936,#1937,#1938,#1939));
#309=EDGE_LOOP('',(#1940));
#310=EDGE_LOOP('',(#1941,#1942,#1943,#1944));
#311=EDGE_LOOP('',(#1945,#1946,#1947,#1948));
#312=EDGE_LOOP('',(#1949));
#313=EDGE_LOOP('',(#1950,#1951,#1952,#1953));
#314=EDGE_LOOP('',(#1954));
#315=EDGE_LOOP('',(#1955,#1956,#1957,#1958));
#316=EDGE_LOOP('',(#1959,#1960,#1961,#1962));
#317=EDGE_LOOP('',(#1963,#1964,#1965,#1966));
#318=EDGE_LOOP('',(#1967,#1968,#1969,#1970));
#319=EDGE_LOOP('',(#1971,#1972,#1973,#1974));
#320=EDGE_LOOP('',(#1975,#1976,#1977,#1978,#1979,#1980,#1981,#1982));
#321=EDGE_LOOP('',(#1983,#1984,#1985,#1986));
#322=EDGE_LOOP('',(#1987,#1988,#1989,#1990));
#323=EDGE_LOOP('',(#1991,#1992,#1993,#1994));
#324=EDGE_LOOP('',(#1995,#1996,#1997,#1998));
#325=EDGE_LOOP('',(#1999,#2000,#2001,#2002,#2003,#2004,#2005,#2006));
#326=EDGE_LOOP('',(#2007,#2008,#2009,#2010));
#327=EDGE_LOOP('',(#2011,#2012,#2013,#2014));
#328=EDGE_LOOP('',(#2015,#2016,#2017,#2018));
#329=EDGE_LOOP('',(#2019,#2020,#2021,#2022,#2023,#2024,#2025,#2026,#2027,
#2028,#2029,#2030));
#330=EDGE_LOOP('',(#2031,#2032,#2033,#2034));
#331=EDGE_LOOP('',(#2035,#2036,#2037,#2038));
#332=EDGE_LOOP('',(#2039,#2040,#2041,#2042));
#333=EDGE_LOOP('',(#2043,#2044,#2045,#2046,#2047,#2048,#2049,#2050,#2051,
#2052,#2053,#2054,#2055,#2056,#2057,#2058,#2059,#2060,#2061,#2062,#2063,
#2064,#2065,#2066,#2067,#2068));
#334=EDGE_LOOP('',(#2069,#2070,#2071,#2072,#2073,#2074,#2075,#2076,#2077,
#2078,#2079,#2080,#2081,#2082,#2083,#2084,#2085,#2086,#2087,#2088,#2089,
#2090,#2091,#2092,#2093,#2094));
#335=EDGE_LOOP('',(#2095,#2096,#2097,#2098));
#336=EDGE_LOOP('',(#2099,#2100,#2101,#2102));
#337=EDGE_LOOP('',(#2103,#2104,#2105,#2106));
#338=EDGE_LOOP('',(#2107));
#339=EDGE_LOOP('',(#2108,#2109,#2110,#2111));
#340=EDGE_LOOP('',(#2112,#2113,#2114,#2115));
#341=EDGE_LOOP('',(#2116,#2117,#2118,#2119));
#342=EDGE_LOOP('',(#2120,#2121,#2122,#2123));
#343=EDGE_LOOP('',(#2124,#2125,#2126,#2127));
#344=EDGE_LOOP('',(#2128,#2129,#2130,#2131,#2132,#2133,#2134,#2135));
#345=EDGE_LOOP('',(#2136,#2137,#2138,#2139,#2140,#2141,#2142,#2143));
#346=EDGE_LOOP('',(#2144,#2145,#2146,#2147));
#347=EDGE_LOOP('',(#2148,#2149,#2150,#2151));
#348=EDGE_LOOP('',(#2152,#2153,#2154,#2155));
#349=EDGE_LOOP('',(#2156,#2157,#2158,#2159));
#350=EDGE_LOOP('',(#2160,#2161,#2162,#2163,#2164,#2165,#2166,#2167,#2168,
#2169,#2170,#2171));
#351=EDGE_LOOP('',(#2172,#2173,#2174,#2175,#2176,#2177));
#352=EDGE_LOOP('',(#2178,#2179,#2180,#2181));
#353=EDGE_LOOP('',(#2182,#2183,#2184,#2185));
#354=EDGE_LOOP('',(#2186,#2187,#2188,#2189));
#355=EDGE_LOOP('',(#2190,#2191,#2192,#2193,#2194,#2195));
#356=EDGE_LOOP('',(#2196,#2197,#2198,#2199,#2200,#2201,#2202,#2203));
#357=EDGE_LOOP('',(#2204));
#358=EDGE_LOOP('',(#2205,#2206,#2207,#2208));
#359=EDGE_LOOP('',(#2209,#2210,#2211,#2212));
#360=EDGE_LOOP('',(#2213,#2214,#2215,#2216));
#361=EDGE_LOOP('',(#2217,#2218,#2219,#2220,#2221,#2222,#2223,#2224));
#362=EDGE_LOOP('',(#2225,#2226,#2227,#2228));
#363=EDGE_LOOP('',(#2229,#2230,#2231,#2232));
#364=EDGE_LOOP('',(#2233,#2234,#2235,#2236));
#365=EDGE_LOOP('',(#2237,#2238,#2239,#2240));
#366=EDGE_LOOP('',(#2241,#2242,#2243,#2244));
#367=EDGE_LOOP('',(#2245,#2246,#2247,#2248));
#368=EDGE_LOOP('',(#2249,#2250,#2251,#2252));
#369=EDGE_LOOP('',(#2253,#2254,#2255,#2256));
#370=EDGE_LOOP('',(#2257,#2258,#2259,#2260));
#371=EDGE_LOOP('',(#2261,#2262,#2263,#2264));
#372=EDGE_LOOP('',(#2265,#2266,#2267,#2268));
#373=EDGE_LOOP('',(#2269,#2270,#2271,#2272));
#374=EDGE_LOOP('',(#2273,#2274,#2275,#2276));
#375=EDGE_LOOP('',(#2277,#2278,#2279,#2280));
#376=EDGE_LOOP('',(#2281,#2282,#2283,#2284,#2285,#2286,#2287,#2288));
#377=EDGE_LOOP('',(#2289,#2290,#2291,#2292,#2293,#2294,#2295,#2296));
#378=EDGE_LOOP('',(#2297));
#379=EDGE_LOOP('',(#2298,#2299,#2300,#2301));
#380=EDGE_LOOP('',(#2302,#2303,#2304,#2305,#2306,#2307,#2308,#2309));
#381=CIRCLE('',#2525,1.03775);
#382=CIRCLE('',#2536,1.03775);
#383=CIRCLE('',#2538,1.28999999999999);
#384=CIRCLE('',#2549,1.29);
#385=CIRCLE('',#2551,1.03775);
#386=CIRCLE('',#2562,1.03775);
#387=CIRCLE('',#2564,1.29000000000001);
#388=CIRCLE('',#2575,1.29000000000001);
#389=CIRCLE('',#2577,3.);
#390=CIRCLE('',#2578,3.);
#391=CIRCLE('',#2579,3.);
#392=CIRCLE('',#2580,3.);
#393=CIRCLE('',#2582,1.);
#394=CIRCLE('',#2583,1.);
#395=CIRCLE('',#2584,1.);
#396=CIRCLE('',#2587,1.);
#397=CIRCLE('',#2588,1.);
#398=CIRCLE('',#2589,1.);
#399=CIRCLE('',#2595,3.);
#400=CIRCLE('',#2598,3.);
#401=CIRCLE('',#2601,3.);
#402=CIRCLE('',#2603,3.);
#403=CIRCLE('',#2615,2.5);
#404=CIRCLE('',#2616,2.5);
#405=CIRCLE('',#2619,2.5);
#406=CIRCLE('',#2641,2.5);
#407=CIRCLE('',#2648,3.);
#408=CIRCLE('',#2649,3.);
#409=CIRCLE('',#2650,3.);
#410=CIRCLE('',#2651,3.);
#411=CIRCLE('',#2656,3.);
#412=CIRCLE('',#2657,3.);
#413=CIRCLE('',#2660,3.);
#414=CIRCLE('',#2661,2.);
#415=CIRCLE('',#2662,2.);
#416=CIRCLE('',#2663,2.);
#417=CIRCLE('',#2664,2.);
#418=CIRCLE('',#2665,17.8308);
#419=CIRCLE('',#2667,3.);
#420=CIRCLE('',#2674,2.);
#421=CIRCLE('',#2677,2.);
#422=CIRCLE('',#2680,2.);
#423=CIRCLE('',#2683,2.);
#424=CIRCLE('',#2686,17.8308);
#425=B_SPLINE_CURVE_WITH_KNOTS('',3,(#3258,#3259,#3260,#3261,#3262,#3263,
#3264),.UNSPECIFIED.,.F.,.F.,(4,3,4),(70.4229892538511,70.8487706906155,
71.8466407003424),.UNSPECIFIED.);
#426=B_SPLINE_CURVE_WITH_KNOTS('',3,(#3267,#3268,#3269,#3270,#3271,#3272,
#3273,#3274,#3275,#3276,#3277,#3278,#3279),.UNSPECIFIED.,.F.,.F.,(4,3,3,
3,4),(-69.8131700797732,-68.8530306711614,-67.8551606614345,-66.8572906517075,
-66.6989654710794),.UNSPECIFIED.);
#427=B_SPLINE_CURVE_WITH_KNOTS('',3,(#3284,#3285,#3286,#3287,#3288,#3289,
#3290,#3291,#3292,#3293,#3294,#3295,#3296,#3297,#3298,#3299,#3300,#3301,
#3302,#3303,#3304,#3305),.UNSPECIFIED.,.F.,.F.,(4,3,3,3,3,3,3,4),(64.1398039466714,
64.8615506322536,65.8594206419805,66.8572906517075,67.8551606614345,68.8530306711615,
69.8509006808885,70.4229892538511),.UNSPECIFIED.);
#428=B_SPLINE_CURVE_WITH_KNOTS('',3,(#3306,#3307,#3308,#3309,#3310,#3311,
#3312,#3313,#3314,#3315,#3316,#3317,#3318,#3319,#3320,#3321,#3322,#3323,
#3324,#3325,#3326,#3327),.UNSPECIFIED.,.F.,.F.,(4,3,3,3,3,3,3,4),(-66.6989654710794,
-65.8594206419805,-64.8615506322535,-63.8636806225266,-62.8658106127996,
-61.8679406030726,-60.8700705933456,-60.4157801638998),.UNSPECIFIED.);
#429=B_SPLINE_CURVE_WITH_KNOTS('',3,(#3332,#3333,#3334,#3335,#3336,#3337,
#3338,#3339,#3340,#3341,#3342,#3343,#3344,#3345,#3346,#3347,#3348,#3349,
#3350,#3351,#3352,#3353,#3354,#3355,#3356),.UNSPECIFIED.,.F.,.F.,(4,3,3,
3,3,3,3,3,4),(57.8566186394919,57.8764605641647,58.8743305738917,59.8722005836187,
60.8700705933457,61.8679406030726,62.8658106127996,63.8636806225266,64.1398039466714),
 .UNSPECIFIED.);
#430=B_SPLINE_CURVE_WITH_KNOTS('',3,(#3357,#3358,#3359,#3360,#3361,#3362,
#3363,#3364,#3365,#3366,#3367,#3368,#3369,#3370,#3371,#3372,#3373,#3374,
#3375,#3376,#3377,#3378),.UNSPECIFIED.,.F.,.F.,(4,3,3,3,3,3,3,4),(-60.4157801638998,
-59.8722005836187,-58.8743305738917,-57.8764605641647,-56.8785905544377,
-55.8807205447108,-54.8828505349838,-54.1325948567202),.UNSPECIFIED.);
#431=B_SPLINE_CURVE_WITH_KNOTS('',3,(#3383,#3384,#3385,#3386,#3387,#3388,
#3389,#3390,#3391,#3392,#3393,#3394,#3395,#3396,#3397,#3398,#3399,#3400,
#3401,#3402,#3403,#3404),.UNSPECIFIED.,.F.,.F.,(4,3,3,3,3,3,3,4),(51.5734333323123,
51.8892405058029,52.8871105155298,53.8849805252568,54.8828505349838,55.8807205447108,
56.8785905544378,57.8566186394919),.UNSPECIFIED.);
#432=B_SPLINE_CURVE_WITH_KNOTS('',3,(#3405,#3406,#3407,#3408,#3409,#3410,
#3411,#3412,#3413,#3414,#3415,#3416,#3417,#3418,#3419,#3420,#3421,#3422,
#3423,#3424,#3425,#3426,#3427,#3428,#3429),.UNSPECIFIED.,.F.,.F.,(4,3,3,
3,3,3,3,3,4),(-54.1325948567202,-53.8849805252568,-52.8871105155298,-51.8892405058028,
-50.8913704960759,-49.8935004863489,-48.8956304766219,-47.8977604668949,
-47.8494095495406),.UNSPECIFIED.);
#433=B_SPLINE_CURVE_WITH_KNOTS('',3,(#3434,#3435,#3436,#3437,#3438,#3439,
#3440,#3441,#3442,#3443,#3444,#3445,#3446,#3447,#3448,#3449,#3450,#3451,
#3452,#3453,#3454,#3455),.UNSPECIFIED.,.F.,.F.,(4,3,3,3,3,3,3,4),(45.2902480251327,
45.902020447441,46.899890457168,47.8977604668949,48.8956304766219,49.8935004863489,
50.8913704960759,51.5734333323123),.UNSPECIFIED.);
#434=B_SPLINE_CURVE_WITH_KNOTS('',3,(#3456,#3457,#3458,#3459,#3460,#3461,
#3462,#3463,#3464,#3465,#3466,#3467,#3468,#3469,#3470,#3471,#3472,#3473,
#3474,#3475,#3476,#3477),.UNSPECIFIED.,.F.,.F.,(4,3,3,3,3,3,3,4),(-47.8494095495406,
-46.8998904571679,-45.902020447441,-44.904150437714,-43.906280427987,-42.90841041826,
-41.9105404085331,-41.566224242361),.UNSPECIFIED.);
#435=B_SPLINE_CURVE_WITH_KNOTS('',3,(#3482,#3483,#3484,#3485,#3486,#3487,
#3488,#3489,#3490,#3491,#3492,#3493,#3494,#3495,#3496,#3497,#3498,#3499,
#3500,#3501,#3502,#3503),.UNSPECIFIED.,.F.,.F.,(4,3,3,3,3,3,3,4),(39.0070627179531,
39.9148003890791,40.9126703988061,41.9105404085331,42.9084104182601,43.906280427987,
44.904150437714,45.2902480251327),.UNSPECIFIED.);
#436=B_SPLINE_CURVE_WITH_KNOTS('',3,(#3504,#3505,#3506,#3507,#3508,#3509,
#3510,#3511,#3512,#3513,#3514,#3515,#3516,#3517,#3518,#3519,#3520,#3521,
#3522,#3523,#3524,#3525),.UNSPECIFIED.,.F.,.F.,(4,3,3,3,3,3,3,4),(-41.566224242361,
-40.9126703988061,-39.9148003890791,-38.9169303793521,-37.9190603696252,
-36.9211903598982,-35.9233203501712,-35.2830389351814),.UNSPECIFIED.);
#437=B_SPLINE_CURVE_WITH_KNOTS('',3,(#3530,#3531,#3532,#3533,#3534,#3535,
#3536,#3537,#3538,#3539,#3540,#3541,#3542,#3543,#3544,#3545,#3546,#3547,
#3548,#3549,#3550,#3551,#3552,#3553,#3554),.UNSPECIFIED.,.F.,.F.,(4,3,3,
3,3,3,3,3,4),(32.7238774107735,32.9297103209903,33.9275803307173,34.9254503404442,
35.9233203501712,36.9211903598982,37.9190603696252,38.9169303793521,39.0070627179531),
 .UNSPECIFIED.);
#438=B_SPLINE_CURVE_WITH_KNOTS('',3,(#3555,#3556,#3557,#3558,#3559,#3560,
#3561,#3562,#3563,#3564,#3565,#3566,#3567,#3568,#3569,#3570,#3571,#3572,
#3573,#3574,#3575,#3576),.UNSPECIFIED.,.F.,.F.,(4,3,3,3,3,3,3,4),(-35.2830389351814,
-34.9254503404442,-33.9275803307172,-32.9297103209903,-31.9318403112633,
-30.9339703015363,-29.9361002918093,-28.9998536280018),.UNSPECIFIED.);
#439=B_SPLINE_CURVE_WITH_KNOTS('',3,(#3581,#3582,#3583,#3584,#3585,#3586,
#3587,#3588,#3589,#3590,#3591,#3592,#3593,#3594,#3595,#3596,#3597,#3598,
#3599,#3600,#3601,#3602),.UNSPECIFIED.,.F.,.F.,(4,3,3,3,3,3,3,4),(26.4406921035939,
26.9424902626284,27.9403602723554,28.9382302820824,29.9361002918093,30.9339703015363,
31.9318403112633,32.7238774107735),.UNSPECIFIED.);
#440=B_SPLINE_CURVE_WITH_KNOTS('',3,(#3603,#3604,#3605,#3606,#3607,#3608,
#3609,#3610,#3611,#3612,#3613,#3614,#3615,#3616,#3617,#3618,#3619,#3620,
#3621,#3622,#3623,#3624,#3625,#3626,#3627),.UNSPECIFIED.,.F.,.F.,(4,3,3,
3,3,3,3,3,4),(-28.9998536280018,-28.9382302820824,-27.9403602723554,-26.9424902626284,
-25.9446202529014,-24.9467502431744,-23.9488802334475,-22.9510102237205,
-22.7166683208223),.UNSPECIFIED.);
#441=B_SPLINE_CURVE_WITH_KNOTS('',3,(#3632,#3633,#3634,#3635,#3636,#3637,
#3638,#3639,#3640,#3641,#3642,#3643,#3644,#3645,#3646,#3647,#3648,#3649,
#3650,#3651,#3652,#3653),.UNSPECIFIED.,.F.,.F.,(4,3,3,3,3,3,3,4),(20.1575067964143,
20.9552702042665,21.9531402139935,22.9510102237205,23.9488802334475,24.9467502431744,
25.9446202529014,26.4406921035939),.UNSPECIFIED.);
#442=B_SPLINE_CURVE_WITH_KNOTS('',3,(#3654,#3655,#3656,#3657,#3658,#3659,
#3660,#3661,#3662,#3663,#3664,#3665,#3666,#3667,#3668,#3669,#3670,#3671,
#3672,#3673,#3674,#3675),.UNSPECIFIED.,.F.,.F.,(4,3,3,3,3,3,3,4),(-22.7166683208223,
-21.9531402139935,-20.9552702042665,-19.9574001945396,-18.9595301848126,
-17.9616601750856,-16.9637901653586,-16.4334830136427),.UNSPECIFIED.);
#443=B_SPLINE_CURVE_WITH_KNOTS('',3,(#3680,#3681,#3682,#3683,#3684,#3685,
#3686,#3687,#3688,#3689,#3690,#3691,#3692,#3693,#3694,#3695,#3696,#3697,
#3698,#3699,#3700,#3701,#3702,#3703,#3704),.UNSPECIFIED.,.F.,.F.,(4,3,3,
3,3,3,3,3,4),(13.8743214892347,13.9701801361777,14.9680501459047,15.9659201556317,
16.9637901653586,17.9616601750856,18.9595301848126,19.9574001945396,20.1575067964143),
 .UNSPECIFIED.);
#444=B_SPLINE_CURVE_WITH_KNOTS('',3,(#3705,#3706,#3707,#3708,#3709,#3710,
#3711,#3712,#3713,#3714,#3715,#3716,#3717,#3718,#3719,#3720,#3721,#3722,
#3723,#3724,#3725,#3726),.UNSPECIFIED.,.F.,.F.,(4,3,3,3,3,3,3,4),(-16.4334830136427,
-15.9659201556316,-14.9680501459047,-13.9701801361777,-12.9723101264507,
-11.9744401167237,-10.9765701069968,-10.1502977064631),.UNSPECIFIED.);
#445=B_SPLINE_CURVE_WITH_KNOTS('',3,(#3732,#3733,#3734,#3735,#3736,#3737,
#3738,#3739,#3740,#3741,#3742,#3743,#3744),.UNSPECIFIED.,.F.,.F.,(4,3,3,
3,4),(-3.86711239928349,-2.99361002918093,-1.99574001945395,-0.997870009726973,
0.),.UNSPECIFIED.);
#446=B_SPLINE_CURVE_WITH_KNOTS('',3,(#3747,#3748,#3749,#3750,#3751,#3752,
#3753,#3754,#3755,#3756,#3757,#3758,#3759,#3760,#3761,#3762,#3763,#3764,
#3765),.UNSPECIFIED.,.F.,.F.,(4,3,3,3,3,3,4),(2.03347062056918,2.99361002918093,
3.99148003890791,4.98935004863489,5.98722005836187,6.98509006808884,7.59113618205514),
 .UNSPECIFIED.);
#447=B_SPLINE_CURVE_WITH_KNOTS('',3,(#3771,#3772,#3773,#3774,#3775,#3776,
#3777,#3778,#3779),.UNSPECIFIED.,.F.,.F.,(4,1,1,1,1,1,4),(78.5398163397448,
78.6981415203729,79.6960115300999,80.6938815398269,81.6917515495539,82.6896215592808,
83.6874915690078),.UNSPECIFIED.);
#448=B_SPLINE_CURVE_WITH_KNOTS('',3,(#3782,#3783,#3784,#3785,#3786,#3787,
#3788,#3789,#3790),.UNSPECIFIED.,.F.,.F.,(4,1,1,1,1,1,4),(78.5398163397448,
79.2615630253269,80.2594330350539,81.2573030447809,82.2551730545078,83.2530430642348,
84.2131824728465),.UNSPECIFIED.);
#449=B_SPLINE_CURVE_WITH_KNOTS('',3,(#3795,#3796,#3797,#3798,#3799,#3800,
#3801,#3802,#3803,#3804),.UNSPECIFIED.,.F.,.F.,(4,1,1,1,1,1,1,4),(72.2566310325653,
72.7109214620111,73.708791471738,74.706661481465,75.704531491192,76.702401500919,
77.7002715106459,78.5398163397448),.UNSPECIFIED.);
#450=B_SPLINE_CURVE_WITH_KNOTS('',3,(#3805,#3806,#3807,#3808,#3809,#3810,
#3811,#3812,#3813,#3814,#3815),.UNSPECIFIED.,.F.,.F.,(4,1,1,1,1,1,1,1,4),
(72.2566310325652,72.276472957238,73.274342966965,74.272212976692,75.270082986419,
76.267952996146,77.2658230058729,78.2636930155999,78.5398163397448),
 .UNSPECIFIED.);
#451=B_SPLINE_CURVE_WITH_KNOTS('',3,(#3820,#3821,#3822,#3823,#3824,#3825,
#3826,#3827,#3828,#3829),.UNSPECIFIED.,.F.,.F.,(4,1,1,1,1,1,1,4),(65.9734457253856,
66.7237014036492,67.7215714133762,68.7194414231031,69.7173114328301,70.7151814425571,
71.7130514522841,72.2566310325653),.UNSPECIFIED.);
#452=B_SPLINE_CURVE_WITH_KNOTS('',3,(#3830,#3831,#3832,#3833,#3834,#3835,
#3836,#3837,#3838,#3839),.UNSPECIFIED.,.F.,.F.,(4,1,1,1,1,1,1,4),(65.9734457253856,
66.2892528988762,67.2871229086032,68.2849929183301,69.2828629280571,70.2807329377841,
71.2786029475111,72.2566310325652),.UNSPECIFIED.);
#453=B_SPLINE_CURVE_WITH_KNOTS('',3,(#3844,#3845,#3846,#3847,#3848,#3849,
#3850,#3851,#3852,#3853,#3854),.UNSPECIFIED.,.F.,.F.,(4,1,1,1,1,1,1,1,4),
(59.6902604182061,59.7386113355604,60.7364813452873,61.7343513550143,62.7322213647413,
63.7300913744683,64.7279613841952,65.7258313939222,65.9734457253856),
 .UNSPECIFIED.);
#454=B_SPLINE_CURVE_WITH_KNOTS('',3,(#3855,#3856,#3857,#3858,#3859,#3860,
#3861,#3862,#3863,#3864),.UNSPECIFIED.,.F.,.F.,(4,1,1,1,1,1,1,4),(59.6902604182061,
60.3020328405143,61.2999028502413,62.2977728599683,63.2956428696952,64.2935128794222,
65.2913828891492,65.9734457253856),.UNSPECIFIED.);
#455=B_SPLINE_CURVE_WITH_KNOTS('',3,(#3869,#3870,#3871,#3872,#3873,#3874,
#3875,#3876,#3877,#3878),.UNSPECIFIED.,.F.,.F.,(4,1,1,1,1,1,1,4),(53.4070751110265,
53.7513912771985,54.7492612869255,55.7471312966524,56.7450013063794,57.7428713161064,
58.7407413258334,59.6902604182061),.UNSPECIFIED.);
#456=B_SPLINE_CURVE_WITH_KNOTS('',3,(#3879,#3880,#3881,#3882,#3883,#3884,
#3885,#3886,#3887,#3888),.UNSPECIFIED.,.F.,.F.,(4,1,1,1,1,1,1,4),(53.4070751110265,
54.3148127821524,55.3126827918794,56.3105528016064,57.3084228113334,58.3062928210604,
59.3041628307873,59.6902604182061),.UNSPECIFIED.);
#457=B_SPLINE_CURVE_WITH_KNOTS('',3,(#3893,#3894,#3895,#3896,#3897,#3898,
#3899,#3900,#3901,#3902),.UNSPECIFIED.,.F.,.F.,(4,1,1,1,1,1,1,4),(47.1238898038469,
47.7641712188366,48.7620412285636,49.7599112382906,50.7577812480176,51.7556512577445,
52.7535212674715,53.4070751110265),.UNSPECIFIED.);
#458=B_SPLINE_CURVE_WITH_KNOTS('',3,(#3903,#3904,#3905,#3906,#3907,#3908,
#3909,#3910,#3911,#3912,#3913),.UNSPECIFIED.,.F.,.F.,(4,1,1,1,1,1,1,1,4),
(47.1238898038469,47.3297227140636,48.3275927237906,49.3254627335176,50.3233327432445,
51.3212027529715,52.3190727626985,53.3169427724255,53.4070751110265),
 .UNSPECIFIED.);
#459=B_SPLINE_CURVE_WITH_KNOTS('',3,(#3918,#3919,#3920,#3921,#3922,#3923,
#3924,#3925,#3926,#3927),.UNSPECIFIED.,.F.,.F.,(4,1,1,1,1,1,1,4),(40.8407044966673,
41.7769511604748,42.7748211702017,43.7726911799287,44.7705611896557,45.7684311993827,
46.7663012091096,47.1238898038469),.UNSPECIFIED.);
#460=B_SPLINE_CURVE_WITH_KNOTS('',3,(#3928,#3929,#3930,#3931,#3932,#3933,
#3934,#3935,#3936,#3937),.UNSPECIFIED.,.F.,.F.,(4,1,1,1,1,1,1,4),(40.8407044966673,
41.3425026557017,42.3403726654287,43.3382426751557,44.3361126848827,45.3339826946096,
46.3318527043366,47.1238898038469),.UNSPECIFIED.);
#461=B_SPLINE_CURVE_WITH_KNOTS('',3,(#3942,#3943,#3944,#3945,#3946,#3947,
#3948,#3949,#3950,#3951,#3952),.UNSPECIFIED.,.F.,.F.,(4,1,1,1,1,1,1,1,4),
(34.5575191894877,34.7918610923859,35.7897311021129,36.7876011118399,37.7854711215668,
38.7833411312938,39.7812111410208,40.7790811507478,40.8407044966673),
 .UNSPECIFIED.);
#462=B_SPLINE_CURVE_WITH_KNOTS('',3,(#3953,#3954,#3955,#3956,#3957,#3958,
#3959,#3960,#3961,#3962),.UNSPECIFIED.,.F.,.F.,(4,1,1,1,1,1,1,4),(34.5575191894877,
35.3552825973399,36.3531526070668,37.3510226167938,38.3488926265208,39.3467626362478,
40.3446326459748,40.8407044966673),.UNSPECIFIED.);
#463=B_SPLINE_CURVE_WITH_KNOTS('',3,(#3967,#3968,#3969,#3970,#3971,#3972,
#3973,#3974,#3975,#3976),.UNSPECIFIED.,.F.,.F.,(4,1,1,1,1,1,1,4),(28.2743338823081,
28.804641034024,29.802511043751,30.800381053478,31.798251063205,32.796121072932,
33.7939910826589,34.5575191894877),.UNSPECIFIED.);
#464=B_SPLINE_CURVE_WITH_KNOTS('',3,(#3977,#3978,#3979,#3980,#3981,#3982,
#3983,#3984,#3985,#3986,#3987),.UNSPECIFIED.,.F.,.F.,(4,1,1,1,1,1,1,1,4),
(28.2743338823081,28.370192529251,29.368062538978,30.365932548705,31.363802558432,
32.3616725681589,33.3595425778859,34.3574125876129,34.5575191894877),
 .UNSPECIFIED.);
#465=B_SPLINE_CURVE_WITH_KNOTS('',3,(#3992,#3993,#3994,#3995,#3996,#3997,
#3998,#3999,#4000,#4001),.UNSPECIFIED.,.F.,.F.,(4,1,1,1,1,1,1,4),(21.9911485751285,
22.8174209756622,23.8152909853892,24.8131609951161,25.8110310048431,26.8089010145701,
27.8067710242971,28.2743338823081),.UNSPECIFIED.);
#466=B_SPLINE_CURVE_WITH_KNOTS('',3,(#4002,#4003,#4004,#4005,#4006,#4007,
#4008,#4009,#4010,#4011),.UNSPECIFIED.,.F.,.F.,(4,1,1,1,1,1,1,4),(21.9911485751285,
22.3829724708892,23.3808424806161,24.3787124903431,25.3765825000701,26.3744525097971,
27.372322519524,28.2743338823081),.UNSPECIFIED.);
#467=B_SPLINE_CURVE_WITH_KNOTS('',3,(#4017,#4018,#4019,#4020,#4021),
 .UNSPECIFIED.,.F.,.F.,(4,1,4),(14.4000123930733,15.3978824028003,15.7079632679489),
 .UNSPECIFIED.);
#468=B_SPLINE_CURVE_WITH_KNOTS('',3,(#4024,#4025,#4026,#4027,#4028),
 .UNSPECIFIED.,.F.,.F.,(4,1,4),(13.8743214892347,14.8344608978464,15.7079632679489),
 .UNSPECIFIED.);
#469=B_SPLINE_CURVE_WITH_KNOTS('',3,(#4034,#4035,#4036,#4037,#4038,#4039,
#4040),.UNSPECIFIED.,.F.,.F.,(4,3,4),(70.4229892538511,70.8487706906155,
71.8466407003424),.UNSPECIFIED.);
#470=B_SPLINE_CURVE_WITH_KNOTS('',3,(#4043,#4044,#4045,#4046,#4047,#4048,
#4049,#4050,#4051,#4052,#4053,#4054,#4055),.UNSPECIFIED.,.F.,.F.,(4,3,3,
3,4),(-69.8131700797732,-68.8530306711615,-67.8551606614345,-66.8572906517076,
-66.6989654710794),.UNSPECIFIED.);
#471=B_SPLINE_CURVE_WITH_KNOTS('',3,(#4060,#4061,#4062,#4063,#4064,#4065,
#4066,#4067,#4068,#4069,#4070,#4071,#4072,#4073,#4074,#4075,#4076,#4077,
#4078,#4079,#4080,#4081),.UNSPECIFIED.,.F.,.F.,(4,3,3,3,3,3,3,4),(64.1398039466714,
64.8615506322536,65.8594206419806,66.8572906517075,67.8551606614345,68.8530306711615,
69.8509006808885,70.4229892538511),.UNSPECIFIED.);
#472=B_SPLINE_CURVE_WITH_KNOTS('',3,(#4082,#4083,#4084,#4085,#4086,#4087,
#4088,#4089,#4090,#4091,#4092,#4093,#4094,#4095,#4096,#4097,#4098,#4099,
#4100,#4101,#4102,#4103),.UNSPECIFIED.,.F.,.F.,(4,3,3,3,3,3,3,4),(-66.6989654710794,
-65.8594206419806,-64.8615506322536,-63.8636806225266,-62.8658106127996,
-61.8679406030727,-60.8700705933457,-60.4157801638998),.UNSPECIFIED.);
#473=B_SPLINE_CURVE_WITH_KNOTS('',3,(#4108,#4109,#4110,#4111,#4112,#4113,
#4114,#4115,#4116,#4117,#4118,#4119,#4120,#4121,#4122,#4123,#4124,#4125,
#4126,#4127,#4128,#4129,#4130,#4131,#4132),.UNSPECIFIED.,.F.,.F.,(4,3,3,
3,3,3,3,3,4),(57.8566186394919,57.8764605641647,58.8743305738917,59.8722005836187,
60.8700705933457,61.8679406030727,62.8658106127996,63.8636806225266,64.1398039466714),
 .UNSPECIFIED.);
#474=B_SPLINE_CURVE_WITH_KNOTS('',3,(#4133,#4134,#4135,#4136,#4137,#4138,
#4139,#4140,#4141,#4142,#4143,#4144,#4145,#4146,#4147,#4148,#4149,#4150,
#4151,#4152,#4153,#4154),.UNSPECIFIED.,.F.,.F.,(4,3,3,3,3,3,3,4),(-60.4157801638998,
-59.8722005836187,-58.8743305738917,-57.8764605641647,-56.8785905544378,
-55.8807205447108,-54.8828505349838,-54.1325948567202),.UNSPECIFIED.);
#475=B_SPLINE_CURVE_WITH_KNOTS('',3,(#4159,#4160,#4161,#4162,#4163,#4164,
#4165,#4166,#4167,#4168,#4169,#4170,#4171,#4172,#4173,#4174,#4175,#4176,
#4177,#4178,#4179,#4180),.UNSPECIFIED.,.F.,.F.,(4,3,3,3,3,3,3,4),(51.5734333323123,
51.8892405058029,52.8871105155299,53.8849805252568,54.8828505349838,55.8807205447108,
56.8785905544378,57.8566186394919),.UNSPECIFIED.);
#476=B_SPLINE_CURVE_WITH_KNOTS('',3,(#4181,#4182,#4183,#4184,#4185,#4186,
#4187,#4188,#4189,#4190,#4191,#4192,#4193,#4194,#4195,#4196,#4197,#4198,
#4199,#4200,#4201,#4202,#4203,#4204,#4205),.UNSPECIFIED.,.F.,.F.,(4,3,3,
3,3,3,3,3,4),(-54.1325948567202,-53.8849805252568,-52.8871105155298,-51.8892405058029,
-50.8913704960759,-49.8935004863489,-48.8956304766219,-47.897760466895,
-47.8494095495406),.UNSPECIFIED.);
#477=B_SPLINE_CURVE_WITH_KNOTS('',3,(#4210,#4211,#4212,#4213,#4214,#4215,
#4216,#4217,#4218,#4219,#4220,#4221,#4222,#4223,#4224,#4225,#4226,#4227,
#4228,#4229,#4230,#4231),.UNSPECIFIED.,.F.,.F.,(4,3,3,3,3,3,3,4),(45.2902480251327,
45.902020447441,46.899890457168,47.897760466895,48.8956304766219,49.8935004863489,
50.8913704960759,51.5734333323123),.UNSPECIFIED.);
#478=B_SPLINE_CURVE_WITH_KNOTS('',3,(#4232,#4233,#4234,#4235,#4236,#4237,
#4238,#4239,#4240,#4241,#4242,#4243,#4244,#4245,#4246,#4247,#4248,#4249,
#4250,#4251,#4252,#4253),.UNSPECIFIED.,.F.,.F.,(4,3,3,3,3,3,3,4),(-47.8494095495406,
-46.899890457168,-45.902020447441,-44.904150437714,-43.9062804279871,-42.9084104182601,
-41.9105404085331,-41.566224242361),.UNSPECIFIED.);
#479=B_SPLINE_CURVE_WITH_KNOTS('',3,(#4258,#4259,#4260,#4261,#4262,#4263,
#4264,#4265,#4266,#4267,#4268,#4269,#4270,#4271,#4272,#4273,#4274,#4275,
#4276,#4277,#4278,#4279),.UNSPECIFIED.,.F.,.F.,(4,3,3,3,3,3,3,4),(39.0070627179531,
39.9148003890791,40.9126703988061,41.9105404085331,42.9084104182601,43.906280427987,
44.904150437714,45.2902480251327),.UNSPECIFIED.);
#480=B_SPLINE_CURVE_WITH_KNOTS('',3,(#4280,#4281,#4282,#4283,#4284,#4285,
#4286,#4287,#4288,#4289,#4290,#4291,#4292,#4293,#4294,#4295,#4296,#4297,
#4298,#4299,#4300,#4301),.UNSPECIFIED.,.F.,.F.,(4,3,3,3,3,3,3,4),(-41.566224242361,
-40.9126703988061,-39.9148003890791,-38.9169303793522,-37.9190603696252,
-36.9211903598982,-35.9233203501712,-35.2830389351814),.UNSPECIFIED.);
#481=B_SPLINE_CURVE_WITH_KNOTS('',3,(#4306,#4307,#4308,#4309,#4310,#4311,
#4312,#4313,#4314,#4315,#4316,#4317,#4318,#4319,#4320,#4321,#4322,#4323,
#4324,#4325,#4326,#4327,#4328,#4329,#4330),.UNSPECIFIED.,.F.,.F.,(4,3,3,
3,3,3,3,3,4),(32.7238774107735,32.9297103209903,33.9275803307173,34.9254503404442,
35.9233203501712,36.9211903598982,37.9190603696252,38.9169303793522,39.0070627179531),
 .UNSPECIFIED.);
#482=B_SPLINE_CURVE_WITH_KNOTS('',3,(#4331,#4332,#4333,#4334,#4335,#4336,
#4337,#4338,#4339,#4340,#4341,#4342,#4343,#4344,#4345,#4346,#4347,#4348,
#4349,#4350,#4351,#4352),.UNSPECIFIED.,.F.,.F.,(4,3,3,3,3,3,3,4),(-35.2830389351814,
-34.9254503404443,-33.9275803307173,-32.9297103209903,-31.9318403112633,
-30.9339703015363,-29.9361002918093,-28.9998536280019),.UNSPECIFIED.);
#483=B_SPLINE_CURVE_WITH_KNOTS('',3,(#4357,#4358,#4359,#4360,#4361,#4362,
#4363,#4364,#4365,#4366,#4367,#4368,#4369,#4370,#4371,#4372,#4373,#4374,
#4375,#4376,#4377,#4378),.UNSPECIFIED.,.F.,.F.,(4,3,3,3,3,3,3,4),(26.4406921035939,
26.9424902626284,27.9403602723554,28.9382302820824,29.9361002918093,30.9339703015363,
31.9318403112633,32.7238774107735),.UNSPECIFIED.);
#484=B_SPLINE_CURVE_WITH_KNOTS('',3,(#4379,#4380,#4381,#4382,#4383,#4384,
#4385,#4386,#4387,#4388,#4389,#4390,#4391,#4392,#4393,#4394,#4395,#4396,
#4397,#4398,#4399,#4400,#4401,#4402,#4403),.UNSPECIFIED.,.F.,.F.,(4,3,3,
3,3,3,3,3,4),(-28.9998536280019,-28.9382302820824,-27.9403602723554,-26.9424902626284,
-25.9446202529014,-24.9467502431745,-23.9488802334475,-22.9510102237205,
-22.7166683208223),.UNSPECIFIED.);
#485=B_SPLINE_CURVE_WITH_KNOTS('',3,(#4408,#4409,#4410,#4411,#4412,#4413,
#4414,#4415,#4416,#4417,#4418,#4419,#4420,#4421,#4422,#4423,#4424,#4425,
#4426,#4427,#4428,#4429),.UNSPECIFIED.,.F.,.F.,(4,3,3,3,3,3,3,4),(20.1575067964143,
20.9552702042665,21.9531402139935,22.9510102237205,23.9488802334475,24.9467502431745,
25.9446202529014,26.4406921035939),.UNSPECIFIED.);
#486=B_SPLINE_CURVE_WITH_KNOTS('',3,(#4430,#4431,#4432,#4433,#4434,#4435,
#4436,#4437,#4438,#4439,#4440,#4441,#4442,#4443,#4444,#4445,#4446,#4447,
#4448,#4449,#4450,#4451),.UNSPECIFIED.,.F.,.F.,(4,3,3,3,3,3,3,4),(-22.7166683208223,
-21.9531402139935,-20.9552702042666,-19.9574001945396,-18.9595301848126,
-17.9616601750856,-16.9637901653586,-16.4334830136427),.UNSPECIFIED.);
#487=B_SPLINE_CURVE_WITH_KNOTS('',3,(#4456,#4457,#4458,#4459,#4460,#4461,
#4462,#4463,#4464,#4465,#4466,#4467,#4468,#4469,#4470,#4471,#4472,#4473,
#4474,#4475,#4476,#4477,#4478,#4479,#4480),.UNSPECIFIED.,.F.,.F.,(4,3,3,
3,3,3,3,3,4),(13.8743214892347,13.9701801361777,14.9680501459047,15.9659201556317,
16.9637901653586,17.9616601750856,18.9595301848126,19.9574001945396,20.1575067964143),
 .UNSPECIFIED.);
#488=B_SPLINE_CURVE_WITH_KNOTS('',3,(#4481,#4482,#4483,#4484,#4485,#4486,
#4487,#4488,#4489,#4490,#4491,#4492,#4493,#4494,#4495,#4496,#4497,#4498,
#4499,#4500,#4501,#4502),.UNSPECIFIED.,.F.,.F.,(4,3,3,3,3,3,3,4),(-16.4334830136427,
-15.9659201556317,-14.9680501459047,-13.9701801361777,-12.9723101264507,
-11.9744401167237,-10.9765701069968,-10.1502977064631),.UNSPECIFIED.);
#489=B_SPLINE_CURVE_WITH_KNOTS('',3,(#4508,#4509,#4510,#4511,#4512,#4513,
#4514,#4515,#4516,#4517,#4518,#4519,#4520),.UNSPECIFIED.,.F.,.F.,(4,3,3,
3,4),(-3.86711239928351,-2.99361002918094,-1.99574001945396,-0.997870009726981,
0.),.UNSPECIFIED.);
#490=B_SPLINE_CURVE_WITH_KNOTS('',3,(#4523,#4524,#4525,#4526,#4527,#4528,
#4529,#4530,#4531,#4532,#4533,#4534,#4535,#4536,#4537,#4538,#4539,#4540,
#4541),.UNSPECIFIED.,.F.,.F.,(4,3,3,3,3,3,4),(2.0334706205693,2.99361002918093,
3.99148003890792,4.9893500486349,5.98722005836188,6.98509006808885,7.59113618205514),
 .UNSPECIFIED.);
#491=B_SPLINE_CURVE_WITH_KNOTS('',3,(#4547,#4548,#4549,#4550,#4551,#4552,
#4553,#4554,#4555),.UNSPECIFIED.,.F.,.F.,(4,1,1,1,1,1,4),(78.5398163397448,
78.698141520373,79.6960115301,80.6938815398269,81.6917515495539,82.6896215592809,
83.6874915690079),.UNSPECIFIED.);
#492=B_SPLINE_CURVE_WITH_KNOTS('',3,(#4558,#4559,#4560,#4561,#4562,#4563,
#4564,#4565,#4566),.UNSPECIFIED.,.F.,.F.,(4,1,1,1,1,1,4),(78.5398163397448,
79.2615630253269,80.2594330350539,81.2573030447809,82.2551730545078,83.2530430642348,
84.2131824728465),.UNSPECIFIED.);
#493=B_SPLINE_CURVE_WITH_KNOTS('',3,(#4571,#4572,#4573,#4574,#4575,#4576,
#4577,#4578,#4579,#4580),.UNSPECIFIED.,.F.,.F.,(4,1,1,1,1,1,1,4),(72.2566310325652,
72.7109214620111,73.7087914717381,74.706661481465,75.704531491192,76.702401500919,
77.700271510646,78.5398163397448),.UNSPECIFIED.);
#494=B_SPLINE_CURVE_WITH_KNOTS('',3,(#4581,#4582,#4583,#4584,#4585,#4586,
#4587,#4588,#4589,#4590,#4591),.UNSPECIFIED.,.F.,.F.,(4,1,1,1,1,1,1,1,4),
(72.2566310325652,72.2764729572381,73.274342966965,74.272212976692,75.270082986419,
76.267952996146,77.2658230058729,78.2636930155999,78.5398163397448),
 .UNSPECIFIED.);
#495=B_SPLINE_CURVE_WITH_KNOTS('',3,(#4596,#4597,#4598,#4599,#4600,#4601,
#4602,#4603,#4604,#4605),.UNSPECIFIED.,.F.,.F.,(4,1,1,1,1,1,1,4),(65.9734457253856,
66.7237014036492,67.7215714133762,68.7194414231032,69.7173114328302,70.7151814425571,
71.7130514522841,72.2566310325652),.UNSPECIFIED.);
#496=B_SPLINE_CURVE_WITH_KNOTS('',3,(#4606,#4607,#4608,#4609,#4610,#4611,
#4612,#4613,#4614,#4615),.UNSPECIFIED.,.F.,.F.,(4,1,1,1,1,1,1,4),(65.9734457253856,
66.2892528988762,67.2871229086032,68.2849929183301,69.2828629280571,70.2807329377841,
71.2786029475111,72.2566310325652),.UNSPECIFIED.);
#497=B_SPLINE_CURVE_WITH_KNOTS('',3,(#4620,#4621,#4622,#4623,#4624,#4625,
#4626,#4627,#4628,#4629,#4630),.UNSPECIFIED.,.F.,.F.,(4,1,1,1,1,1,1,1,4),
(59.6902604182061,59.7386113355604,60.7364813452874,61.7343513550143,62.7322213647413,
63.7300913744683,64.7279613841953,65.7258313939222,65.9734457253856),
 .UNSPECIFIED.);
#498=B_SPLINE_CURVE_WITH_KNOTS('',3,(#4631,#4632,#4633,#4634,#4635,#4636,
#4637,#4638,#4639,#4640),.UNSPECIFIED.,.F.,.F.,(4,1,1,1,1,1,1,4),(59.690260418206,
60.3020328405143,61.2999028502413,62.2977728599683,63.2956428696952,64.2935128794222,
65.2913828891492,65.9734457253856),.UNSPECIFIED.);
#499=B_SPLINE_CURVE_WITH_KNOTS('',3,(#4645,#4646,#4647,#4648,#4649,#4650,
#4651,#4652,#4653,#4654),.UNSPECIFIED.,.F.,.F.,(4,1,1,1,1,1,1,4),(53.4070751110264,
53.7513912771985,54.7492612869255,55.7471312966525,56.7450013063794,57.7428713161064,
58.7407413258334,59.6902604182061),.UNSPECIFIED.);
#500=B_SPLINE_CURVE_WITH_KNOTS('',3,(#4655,#4656,#4657,#4658,#4659,#4660,
#4661,#4662,#4663,#4664),.UNSPECIFIED.,.F.,.F.,(4,1,1,1,1,1,1,4),(53.4070751110265,
54.3148127821525,55.3126827918794,56.3105528016064,57.3084228113334,58.3062928210604,
59.3041628307873,59.690260418206),.UNSPECIFIED.);
#501=B_SPLINE_CURVE_WITH_KNOTS('',3,(#4669,#4670,#4671,#4672,#4673,#4674,
#4675,#4676,#4677,#4678),.UNSPECIFIED.,.F.,.F.,(4,1,1,1,1,1,1,4),(47.1238898038469,
47.7641712188366,48.7620412285636,49.7599112382906,50.7577812480176,51.7556512577446,
52.7535212674715,53.4070751110264),.UNSPECIFIED.);
#502=B_SPLINE_CURVE_WITH_KNOTS('',3,(#4679,#4680,#4681,#4682,#4683,#4684,
#4685,#4686,#4687,#4688,#4689),.UNSPECIFIED.,.F.,.F.,(4,1,1,1,1,1,1,1,4),
(47.1238898038468,47.3297227140636,48.3275927237906,49.3254627335176,50.3233327432445,
51.3212027529715,52.3190727626985,53.3169427724255,53.4070751110265),
 .UNSPECIFIED.);
#503=B_SPLINE_CURVE_WITH_KNOTS('',3,(#4694,#4695,#4696,#4697,#4698,#4699,
#4700,#4701,#4702,#4703),.UNSPECIFIED.,.F.,.F.,(4,1,1,1,1,1,1,4),(40.8407044966673,
41.7769511604748,42.7748211702017,43.7726911799287,44.7705611896557,45.7684311993827,
46.7663012091097,47.1238898038469),.UNSPECIFIED.);
#504=B_SPLINE_CURVE_WITH_KNOTS('',3,(#4704,#4705,#4706,#4707,#4708,#4709,
#4710,#4711,#4712,#4713),.UNSPECIFIED.,.F.,.F.,(4,1,1,1,1,1,1,4),(40.8407044966673,
41.3425026557017,42.3403726654287,43.3382426751557,44.3361126848827,45.3339826946096,
46.3318527043366,47.1238898038468),.UNSPECIFIED.);
#505=B_SPLINE_CURVE_WITH_KNOTS('',3,(#4718,#4719,#4720,#4721,#4722,#4723,
#4724,#4725,#4726,#4727,#4728),.UNSPECIFIED.,.F.,.F.,(4,1,1,1,1,1,1,1,4),
(34.5575191894877,34.7918610923859,35.7897311021129,36.7876011118399,37.7854711215669,
38.7833411312938,39.7812111410208,40.7790811507478,40.8407044966673),
 .UNSPECIFIED.);
#506=B_SPLINE_CURVE_WITH_KNOTS('',3,(#4729,#4730,#4731,#4732,#4733,#4734,
#4735,#4736,#4737,#4738),.UNSPECIFIED.,.F.,.F.,(4,1,1,1,1,1,1,4),(34.5575191894877,
35.3552825973399,36.3531526070668,37.3510226167938,38.3488926265208,39.3467626362478,
40.3446326459747,40.8407044966673),.UNSPECIFIED.);
#507=B_SPLINE_CURVE_WITH_KNOTS('',3,(#4743,#4744,#4745,#4746,#4747,#4748,
#4749,#4750,#4751,#4752),.UNSPECIFIED.,.F.,.F.,(4,1,1,1,1,1,1,4),(28.2743338823081,
28.804641034024,29.802511043751,30.800381053478,31.798251063205,32.796121072932,
33.7939910826589,34.5575191894877),.UNSPECIFIED.);
#508=B_SPLINE_CURVE_WITH_KNOTS('',3,(#4753,#4754,#4755,#4756,#4757,#4758,
#4759,#4760,#4761,#4762,#4763),.UNSPECIFIED.,.F.,.F.,(4,1,1,1,1,1,1,1,4),
(28.2743338823081,28.370192529251,29.368062538978,30.365932548705,31.3638025584319,
32.3616725681589,33.3595425778859,34.3574125876129,34.5575191894877),
 .UNSPECIFIED.);
#509=B_SPLINE_CURVE_WITH_KNOTS('',3,(#4768,#4769,#4770,#4771,#4772,#4773,
#4774,#4775,#4776,#4777),.UNSPECIFIED.,.F.,.F.,(4,1,1,1,1,1,1,4),(21.9911485751285,
22.8174209756622,23.8152909853892,24.8131609951161,25.8110310048431,26.8089010145701,
27.8067710242971,28.2743338823081),.UNSPECIFIED.);
#510=B_SPLINE_CURVE_WITH_KNOTS('',3,(#4778,#4779,#4780,#4781,#4782,#4783,
#4784,#4785,#4786,#4787),.UNSPECIFIED.,.F.,.F.,(4,1,1,1,1,1,1,4),(21.9911485751285,
22.3829724708891,23.3808424806161,24.3787124903431,25.3765825000701,26.3744525097971,
27.372322519524,28.2743338823081),.UNSPECIFIED.);
#511=B_SPLINE_CURVE_WITH_KNOTS('',3,(#4793,#4794,#4795,#4796,#4797),
 .UNSPECIFIED.,.F.,.F.,(4,1,4),(14.4000123930733,15.3978824028003,15.7079632679489),
 .UNSPECIFIED.);
#512=B_SPLINE_CURVE_WITH_KNOTS('',3,(#4800,#4801,#4802,#4803,#4804),
 .UNSPECIFIED.,.F.,.F.,(4,1,4),(13.8743214892347,14.8344608978463,15.7079632679489),
 .UNSPECIFIED.);
#513=B_SPLINE_CURVE_WITH_KNOTS('',3,(#4943,#4944,#4945,#4946,#4947,#4948,
#4949,#4950,#4951,#4952,#4953),.UNSPECIFIED.,.F.,.F.,(4,1,1,1,1,1,1,1,4),
(15.7079632679489,15.8323309075733,16.8302009173003,17.8280709270273,18.8259409367543,
19.8238109464812,20.8216809562082,21.8195509659352,21.9911485751285),
 .UNSPECIFIED.);
#514=B_SPLINE_CURVE_WITH_KNOTS('',3,(#4954,#4955,#4956,#4957,#4958,#4959,
#4960,#4961,#4962,#4963),.UNSPECIFIED.,.F.,.F.,(4,1,1,1,1,1,1,4),(15.7079632679489,
16.3957524125273,17.3936224222542,18.3914924319812,19.3893624417082,20.3872324514352,
21.3851024611622,21.9911485751285),.UNSPECIFIED.);
#515=B_SPLINE_CURVE_WITH_KNOTS('',3,(#5264,#5265,#5266,#5267,#5268,#5269,
#5270,#5271,#5272,#5273,#5274,#5275,#5276,#5277,#5278,#5279,#5280,#5281,
#5282,#5283,#5284,#5285,#5286,#5287,#5288,#5289,#5290,#5291,#5292,#5293,
#5294,#5295,#5296,#5297,#5298,#5299,#5300,#5301,#5302,#5303,#5304,#5305,
#5306,#5307,#5308,#5309,#5310,#5311,#5312,#5313,#5314,#5315,#5316,#5317,
#5318,#5319,#5320,#5321,#5322,#5323,#5324,#5325,#5326,#5327,#5328,#5329,
#5330,#5331,#5332,#5333,#5334,#5335,#5336,#5337,#5338,#5339,#5340,#5341,
#5342),.UNSPECIFIED.,.F.,.F.,(4,3,3,3,3,3,3,3,3,3,3,3,3,3,3,3,3,3,3,3,3,
3,3,3,3,3,4),(-0.238077416065758,-0.222200525335614,-0.208019604357758,
-0.204102943899215,-0.18845223966969,-0.179279436855492,-0.17561262613712,
-0.172668723438073,-0.157537177620249,-0.142699952590588,-0.134931799427958,
-0.130023004040026,-0.127126355023264,-0.115069817156105,-0.100258184310631,
-0.0882203154904808,-0.0841446898911468,-0.0814696980560078,-0.0671051286431747,
-0.0528836025181198,-0.0459871423999589,-0.0412237801581447,-0.0385666726104056,
-0.0248892080536639,-0.0116979590633522,-0.00395523374942878,0.),
 .UNSPECIFIED.);
#516=B_SPLINE_CURVE_WITH_KNOTS('',3,(#5343,#5344,#5345,#5346,#5347,#5348,
#5349,#5350,#5351,#5352,#5353,#5354,#5355,#5356,#5357,#5358,#5359,#5360,
#5361,#5362,#5363,#5364,#5365,#5366,#5367,#5368,#5369,#5370,#5371,#5372,
#5373,#5374,#5375,#5376,#5377,#5378,#5379,#5380,#5381,#5382,#5383,#5384,
#5385,#5386,#5387,#5388,#5389,#5390,#5391,#5392,#5393,#5394,#5395,#5396,
#5397,#5398,#5399,#5400,#5401,#5402,#5403,#5404,#5405,#5406,#5407,#5408,
#5409,#5410,#5411,#5412,#5413,#5414,#5415,#5416,#5417,#5418,#5419,#5420,
#5421),.UNSPECIFIED.,.F.,.F.,(4,3,3,3,3,3,3,3,3,3,3,3,3,3,3,3,3,3,3,3,3,
3,3,3,3,3,4),(0.,0.0130296449492206,0.0266572510566443,0.0371557121296981,
0.0404395881661147,0.0430544847234358,0.0571265012515532,0.0714823353971092,
0.0812729864581005,0.0840170067356089,0.086719664353884,0.101520677589488,
0.110644939641075,0.125062069456481,0.128187533219864,0.130907810982028,
0.145682255472433,0.16082587681572,0.169874349749922,0.174779646113831,
0.177780607050176,0.193449219053679,0.204142349250227,0.208959080846797,
0.22484158121991,0.233213660289337,0.238077416065692),.UNSPECIFIED.);
#517=B_SPLINE_CURVE_WITH_KNOTS('',3,(#5422,#5423,#5424,#5425,#5426,#5427,
#5428,#5429,#5430,#5431,#5432,#5433,#5434,#5435,#5436,#5437,#5438,#5439,
#5440,#5441,#5442,#5443,#5444,#5445,#5446),.UNSPECIFIED.,.F.,.F.,(4,3,3,
3,3,3,3,3,4),(-10.1502977064631,-9.97870009726978,-8.9808300875428,-7.98296007781582,
-6.98509006808885,-5.98722005836187,-4.9893500486349,-3.99148003890792,
-3.86711239928351),.UNSPECIFIED.);
#518=B_SPLINE_CURVE_WITH_KNOTS('',3,(#5747,#5748,#5749,#5750,#5751,#5752,
#5753,#5754,#5755,#5756,#5757,#5758,#5759,#5760,#5761,#5762,#5763,#5764,
#5765,#5766,#5767,#5768,#5769,#5770,#5771,#5772,#5773,#5774,#5775,#5776,
#5777,#5778,#5779,#5780,#5781,#5782,#5783,#5784,#5785,#5786,#5787,#5788,
#5789,#5790,#5791,#5792,#5793,#5794,#5795,#5796,#5797,#5798,#5799,#5800,
#5801,#5802,#5803,#5804,#5805,#5806,#5807,#5808,#5809,#5810,#5811,#5812,
#5813,#5814,#5815,#5816,#5817,#5818,#5819,#5820,#5821,#5822,#5823,#5824,
#5825,#5826,#5827,#5828),.UNSPECIFIED.,.F.,.F.,(4,3,3,3,3,3,3,3,3,3,3,3,
3,3,3,3,3,3,3,3,3,3,3,3,3,3,3,4),(-0.239178774929489,-0.225997600308072,
-0.217424511588497,-0.212995610372003,-0.209734303049924,-0.195756314678135,
-0.190134339057781,-0.186722041621166,-0.183751922065457,-0.169250295542134,
-0.154705679641162,-0.147640739730615,-0.143463095081945,-0.140461558034122,
-0.128150417329777,-0.11378117677819,-0.10016922207259,-0.0971869320441836,
-0.0945788325284716,-0.0795066141031506,-0.0640963297844759,-0.0559695748488175,
-0.0514953725444266,-0.0472457969109153,-0.0313520657855022,-0.0155988196160164,
-0.00488553913339215,0.),.UNSPECIFIED.);
#519=B_SPLINE_CURVE_WITH_KNOTS('',3,(#5829,#5830,#5831,#5832,#5833,#5834,
#5835,#5836,#5837,#5838,#5839,#5840,#5841,#5842,#5843,#5844,#5845,#5846,
#5847,#5848,#5849,#5850),.UNSPECIFIED.,.F.,.F.,(4,3,3,3,3,3,3,4),(7.59113618205514,
7.98296007781584,8.98083008754281,9.97870009726979,10.9765701069968,11.9744401167237,
12.9723101264507,13.8743214892347),.UNSPECIFIED.);
#520=B_SPLINE_CURVE_WITH_KNOTS('',3,(#5851,#5852,#5853,#5854,#5855,#5856,
#5857,#5858,#5859,#5860,#5861,#5862,#5863,#5864,#5865,#5866,#5867,#5868,
#5869,#5870,#5871,#5872,#5873,#5874,#5875,#5876,#5877,#5878,#5879,#5880,
#5881,#5882,#5883,#5884,#5885,#5886,#5887,#5888,#5889,#5890,#5891,#5892,
#5893,#5894,#5895,#5896,#5897,#5898,#5899,#5900,#5901,#5902,#5903,#5904,
#5905,#5906,#5907,#5908,#5909,#5910,#5911,#5912,#5913,#5914,#5915,#5916,
#5917,#5918,#5919,#5920,#5921,#5922,#5923,#5924,#5925,#5926,#5927,#5928,
#5929),.UNSPECIFIED.,.F.,.F.,(4,3,3,3,3,3,3,3,3,3,3,3,3,3,3,3,3,3,3,3,3,
3,3,3,3,3,4),(0.,0.0157289816718811,0.0316439801655584,0.0431516095114977,
0.0480670386186808,0.0511388383610257,0.0665955592389499,0.0817010471135538,
0.0922020390684335,0.0958721983073479,0.0986238298826917,0.113239968611769,
0.123705014933072,0.137643003545098,0.141284479382255,0.144098212768422,
0.158634656432825,0.173132283152282,0.180891863236907,0.184896591997452,
0.18802544074915,0.201924559173913,0.211275585815228,0.215345126995769,
0.228662748419272,0.235208923829279,0.239178774929423),.UNSPECIFIED.);
#521=B_SPLINE_CURVE_WITH_KNOTS('',3,(#6024,#6025,#6026,#6027,#6028,#6029,
#6030,#6031,#6032,#6033,#6034),.UNSPECIFIED.,.F.,.F.,(4,1,1,1,1,1,1,1,4),
(15.7079632679489,15.8323309075733,16.8302009173003,17.8280709270273,18.8259409367543,
19.8238109464812,20.8216809562082,21.8195509659352,21.9911485751285),
 .UNSPECIFIED.);
#522=B_SPLINE_CURVE_WITH_KNOTS('',3,(#6035,#6036,#6037,#6038,#6039,#6040,
#6041,#6042,#6043,#6044),.UNSPECIFIED.,.F.,.F.,(4,1,1,1,1,1,1,4),(15.7079632679489,
16.3957524125273,17.3936224222543,18.3914924319812,19.3893624417082,20.3872324514352,
21.3851024611622,21.9911485751285),.UNSPECIFIED.);
#523=B_SPLINE_CURVE_WITH_KNOTS('',3,(#6345,#6346,#6347,#6348,#6349,#6350,
#6351,#6352,#6353,#6354,#6355,#6356,#6357,#6358,#6359,#6360,#6361,#6362,
#6363,#6364,#6365,#6366,#6367,#6368,#6369,#6370,#6371,#6372,#6373,#6374,
#6375,#6376,#6377,#6378,#6379,#6380,#6381,#6382,#6383,#6384,#6385,#6386,
#6387,#6388,#6389,#6390,#6391,#6392,#6393,#6394,#6395,#6396,#6397,#6398,
#6399,#6400,#6401,#6402,#6403,#6404,#6405,#6406,#6407,#6408,#6409,#6410,
#6411,#6412,#6413,#6414,#6415,#6416,#6417,#6418,#6419,#6420,#6421,#6422,
#6423),.UNSPECIFIED.,.F.,.F.,(4,3,3,3,3,3,3,3,3,3,3,3,3,3,3,3,3,3,3,3,3,
3,3,3,3,3,4),(-0.238077416065759,-0.222200351036801,-0.208019073331458,
-0.204103022926083,-0.188452339955508,-0.179279524605584,-0.175612416328943,
-0.172668643361787,-0.157537216428421,-0.142700107683195,-0.134931929650329,
-0.130023302514261,-0.127126390849057,-0.115069817156115,-0.100258152985892,
-0.0882202880813332,-0.0841447172233029,-0.0814697312829201,-0.0671051305339732,
-0.0528836515303917,-0.0459871510312233,-0.0412241472728252,-0.0385667983343424,
-0.0248894134422023,-0.0116984083019425,-0.00395523374942431,0.),
 .UNSPECIFIED.);
#524=B_SPLINE_CURVE_WITH_KNOTS('',3,(#6424,#6425,#6426,#6427,#6428,#6429,
#6430,#6431,#6432,#6433,#6434,#6435,#6436,#6437,#6438,#6439,#6440,#6441,
#6442,#6443,#6444,#6445,#6446,#6447,#6448,#6449,#6450,#6451,#6452,#6453,
#6454,#6455,#6456,#6457,#6458,#6459,#6460,#6461,#6462,#6463,#6464,#6465,
#6466,#6467,#6468,#6469,#6470,#6471,#6472,#6473,#6474,#6475,#6476,#6477,
#6478,#6479,#6480,#6481,#6482,#6483,#6484,#6485,#6486,#6487,#6488,#6489,
#6490,#6491,#6492,#6493,#6494,#6495,#6496,#6497,#6498,#6499,#6500,#6501,
#6502),.UNSPECIFIED.,.F.,.F.,(4,3,3,3,3,3,3,3,3,3,3,3,3,3,3,3,3,3,3,3,3,
3,3,3,3,3,4),(0.,0.0130301765189112,0.0266581719706364,0.0371565179294464,
0.0404400844738268,0.04305495081744,0.0571273636346378,0.0714831885025148,
0.0812736262871652,0.084019457378962,0.0867200590571763,0.101521038829009,
0.110644939641117,0.125061821788706,0.128186283946576,0.130906833925469,
0.145680965024328,0.160824432302282,0.169873085800671,0.17477744260316,
0.177778731114383,0.193447316157713,0.204139606673994,0.208959046516331,
0.224841558460726,0.233213660289391,0.238077416065741),.UNSPECIFIED.);
#525=B_SPLINE_CURVE_WITH_KNOTS('',3,(#6503,#6504,#6505,#6506,#6507,#6508,
#6509,#6510,#6511,#6512,#6513,#6514,#6515,#6516,#6517,#6518,#6519,#6520,
#6521,#6522,#6523,#6524,#6525,#6526,#6527),.UNSPECIFIED.,.F.,.F.,(4,3,3,
3,3,3,3,3,4),(-10.1502977064631,-9.97870009726977,-8.9808300875428,-7.98296007781582,
-6.98509006808884,-5.98722005836186,-4.98935004863489,-3.99148003890791,
-3.86711239928349),.UNSPECIFIED.);
#526=B_SPLINE_CURVE_WITH_KNOTS('',3,(#6828,#6829,#6830,#6831,#6832,#6833,
#6834,#6835,#6836,#6837,#6838,#6839,#6840,#6841,#6842,#6843,#6844,#6845,
#6846,#6847,#6848,#6849,#6850,#6851,#6852,#6853,#6854,#6855,#6856,#6857,
#6858,#6859,#6860,#6861,#6862,#6863,#6864,#6865,#6866,#6867,#6868,#6869,
#6870,#6871,#6872,#6873,#6874,#6875,#6876,#6877,#6878,#6879,#6880,#6881,
#6882,#6883,#6884,#6885,#6886,#6887,#6888,#6889,#6890,#6891,#6892,#6893,
#6894,#6895,#6896,#6897,#6898,#6899,#6900,#6901,#6902,#6903,#6904,#6905,
#6906,#6907,#6908,#6909),.UNSPECIFIED.,.F.,.F.,(4,3,3,3,3,3,3,3,3,3,3,3,
3,3,3,3,3,3,3,3,3,3,3,3,3,3,3,4),(-0.239178774929433,-0.225997086654701,
-0.217422969435937,-0.212992603625089,-0.209733595944496,-0.195755241333956,
-0.190132061052904,-0.186672219562886,-0.183986357947616,-0.169487347286262,
-0.154941283713954,-0.147769489093018,-0.143924654248025,-0.140372098494119,
-0.128150417329766,-0.113781509252378,-0.100169512987505,-0.0971884808795375,
-0.0945814313629876,-0.0795095367385223,-0.0640993839795707,-0.0559727721370979,
-0.0515091288615303,-0.047243221308729,-0.0313495174994157,-0.0155963062585967,
-0.0048855391333936,0.),.UNSPECIFIED.);
#527=B_SPLINE_CURVE_WITH_KNOTS('',3,(#6910,#6911,#6912,#6913,#6914,#6915,
#6916,#6917,#6918,#6919,#6920,#6921,#6922,#6923,#6924,#6925,#6926,#6927,
#6928,#6929,#6930,#6931),.UNSPECIFIED.,.F.,.F.,(4,3,3,3,3,3,3,4),(7.59113618205514,
7.98296007781582,8.9808300875428,9.97870009726978,10.9765701069968,11.9744401167237,
12.9723101264507,13.8743214892347),.UNSPECIFIED.);
#528=B_SPLINE_CURVE_WITH_KNOTS('',3,(#6932,#6933,#6934,#6935,#6936,#6937,
#6938,#6939,#6940,#6941,#6942,#6943,#6944,#6945,#6946,#6947,#6948,#6949,
#6950,#6951,#6952,#6953,#6954,#6955,#6956,#6957,#6958,#6959,#6960,#6961,
#6962,#6963,#6964,#6965,#6966,#6967,#6968,#6969,#6970,#6971,#6972,#6973,
#6974,#6975,#6976,#6977,#6978,#6979,#6980,#6981,#6982,#6983,#6984,#6985,
#6986,#6987,#6988,#6989,#6990,#6991,#6992,#6993,#6994,#6995,#6996,#6997,
#6998,#6999,#7000,#7001,#7002,#7003,#7004,#7005,#7006,#7007,#7008,#7009,
#7010),.UNSPECIFIED.,.F.,.F.,(4,3,3,3,3,3,3,3,3,3,3,3,3,3,3,3,3,3,3,3,3,
3,3,3,3,3,4),(0.,0.0157292760116278,0.03164429444059,0.0431518845021517,
0.0480678541519552,0.0511387003637834,0.0665954177033881,0.0817007820676099,
0.0922018402839783,0.0958708484541843,0.0986229457042871,0.113238979261135,
0.123705014933083,0.137643003545113,0.141284427955132,0.144098188689669,
0.158634659116738,0.173132276625257,0.180891857525765,0.184896388909908,
0.188025370498843,0.20192437624278,0.211275255745806,0.215344979059133,
0.22866239142995,0.235208923829318,0.239178774929467),.UNSPECIFIED.);
#529=B_SPLINE_CURVE_WITH_KNOTS('',3,(#7387,#7388,#7389,#7390,#7391,#7392,
#7393,#7394,#7395,#7396,#7397,#7398,#7399,#7400,#7401,#7402),
 .UNSPECIFIED.,.F.,.F.,(4,3,3,3,3,4),(0.0205181871450906,0.193203247722164,
0.3690390571996,0.623382463286885,0.817068083033559,0.962301796667964),
 .UNSPECIFIED.);
#530=B_SPLINE_CURVE_WITH_KNOTS('',3,(#7405,#7406,#7407,#7408,#7409,#7410,
#7411,#7412,#7413,#7414,#7415,#7416,#7417,#7418,#7419,#7420),
 .UNSPECIFIED.,.F.,.F.,(4,3,3,3,3,4),(0.0205181871450906,0.193203247722164,
0.3690390571996,0.623382463286885,0.817068083033559,0.962301796667964),
 .UNSPECIFIED.);
#531=LINE('',#3256,#744);
#532=LINE('',#3283,#745);
#533=LINE('',#3331,#746);
#534=LINE('',#3382,#747);
#535=LINE('',#3433,#748);
#536=LINE('',#3481,#749);
#537=LINE('',#3529,#750);
#538=LINE('',#3580,#751);
#539=LINE('',#3631,#752);
#540=LINE('',#3679,#753);
#541=LINE('',#3730,#754);
#542=LINE('',#3769,#755);
#543=LINE('',#3794,#756);
#544=LINE('',#3819,#757);
#545=LINE('',#3843,#758);
#546=LINE('',#3868,#759);
#547=LINE('',#3892,#760);
#548=LINE('',#3917,#761);
#549=LINE('',#3941,#762);
#550=LINE('',#3966,#763);
#551=LINE('',#3991,#764);
#552=LINE('',#4015,#765);
#553=LINE('',#4032,#766);
#554=LINE('',#4059,#767);
#555=LINE('',#4107,#768);
#556=LINE('',#4158,#769);
#557=LINE('',#4209,#770);
#558=LINE('',#4257,#771);
#559=LINE('',#4305,#772);
#560=LINE('',#4356,#773);
#561=LINE('',#4407,#774);
#562=LINE('',#4455,#775);
#563=LINE('',#4506,#776);
#564=LINE('',#4545,#777);
#565=LINE('',#4570,#778);
#566=LINE('',#4595,#779);
#567=LINE('',#4619,#780);
#568=LINE('',#4644,#781);
#569=LINE('',#4668,#782);
#570=LINE('',#4693,#783);
#571=LINE('',#4717,#784);
#572=LINE('',#4742,#785);
#573=LINE('',#4767,#786);
#574=LINE('',#4791,#787);
#575=LINE('',#4808,#788);
#576=LINE('',#4810,#789);
#577=LINE('',#4812,#790);
#578=LINE('',#4814,#791);
#579=LINE('',#4816,#792);
#580=LINE('',#4818,#793);
#581=LINE('',#4820,#794);
#582=LINE('',#4822,#795);
#583=LINE('',#4826,#796);
#584=LINE('',#4830,#797);
#585=LINE('',#4834,#798);
#586=LINE('',#4837,#799);
#587=LINE('',#4843,#800);
#588=LINE('',#4847,#801);
#589=LINE('',#4850,#802);
#590=LINE('',#4853,#803);
#591=LINE('',#4855,#804);
#592=LINE('',#4856,#805);
#593=LINE('',#4862,#806);
#594=LINE('',#4866,#807);
#595=LINE('',#4868,#808);
#596=LINE('',#4869,#809);
#597=LINE('',#4871,#810);
#598=LINE('',#4872,#811);
#599=LINE('',#4875,#812);
#600=LINE('',#4877,#813);
#601=LINE('',#4879,#814);
#602=LINE('',#4881,#815);
#603=LINE('',#4882,#816);
#604=LINE('',#4885,#817);
#605=LINE('',#4886,#818);
#606=LINE('',#4889,#819);
#607=LINE('',#4892,#820);
#608=LINE('',#4895,#821);
#609=LINE('',#4896,#822);
#610=LINE('',#4901,#823);
#611=LINE('',#4902,#824);
#612=LINE('',#4905,#825);
#613=LINE('',#4906,#826);
#614=LINE('',#4910,#827);
#615=LINE('',#4914,#828);
#616=LINE('',#4916,#829);
#617=LINE('',#4917,#830);
#618=LINE('',#4920,#831);
#619=LINE('',#4921,#832);
#620=LINE('',#4924,#833);
#621=LINE('',#4925,#834);
#622=LINE('',#4928,#835);
#623=LINE('',#4929,#836);
#624=LINE('',#4931,#837);
#625=LINE('',#4934,#838);
#626=LINE('',#4936,#839);
#627=LINE('',#4937,#840);
#628=LINE('',#4940,#841);
#629=LINE('',#4941,#842);
#630=LINE('',#5936,#843);
#631=LINE('',#5941,#844);
#632=LINE('',#5942,#845);
#633=LINE('',#5945,#846);
#634=LINE('',#5947,#847);
#635=LINE('',#5949,#848);
#636=LINE('',#5950,#849);
#637=LINE('',#5954,#850);
#638=LINE('',#5959,#851);
#639=LINE('',#5961,#852);
#640=LINE('',#5963,#853);
#641=LINE('',#5964,#854);
#642=LINE('',#5967,#855);
#643=LINE('',#5969,#856);
#644=LINE('',#5970,#857);
#645=LINE('',#5973,#858);
#646=LINE('',#5974,#859);
#647=LINE('',#5977,#860);
#648=LINE('',#5979,#861);
#649=LINE('',#5981,#862);
#650=LINE('',#5983,#863);
#651=LINE('',#5985,#864);
#652=LINE('',#5987,#865);
#653=LINE('',#5988,#866);
#654=LINE('',#5991,#867);
#655=LINE('',#5992,#868);
#656=LINE('',#5995,#869);
#657=LINE('',#5997,#870);
#658=LINE('',#5998,#871);
#659=LINE('',#6001,#872);
#660=LINE('',#6003,#873);
#661=LINE('',#6004,#874);
#662=LINE('',#6006,#875);
#663=LINE('',#6009,#876);
#664=LINE('',#6010,#877);
#665=LINE('',#6011,#878);
#666=LINE('',#6013,#879);
#667=LINE('',#6016,#880);
#668=LINE('',#6017,#881);
#669=LINE('',#6019,#882);
#670=LINE('',#7016,#883);
#671=LINE('',#7021,#884);
#672=LINE('',#7023,#885);
#673=LINE('',#7025,#886);
#674=LINE('',#7026,#887);
#675=LINE('',#7030,#888);
#676=LINE('',#7032,#889);
#677=LINE('',#7034,#890);
#678=LINE('',#7035,#891);
#679=LINE('',#7037,#892);
#680=LINE('',#7038,#893);
#681=LINE('',#7041,#894);
#682=LINE('',#7043,#895);
#683=LINE('',#7044,#896);
#684=LINE('',#7048,#897);
#685=LINE('',#7052,#898);
#686=LINE('',#7056,#899);
#687=LINE('',#7060,#900);
#688=LINE('',#7063,#901);
#689=LINE('',#7065,#902);
#690=LINE('',#7067,#903);
#691=LINE('',#7068,#904);
#692=LINE('',#7071,#905);
#693=LINE('',#7072,#906);
#694=LINE('',#7136,#907);
#695=LINE('',#7158,#908);
#696=LINE('',#7222,#909);
#697=LINE('',#7244,#910);
#698=LINE('',#7246,#911);
#699=LINE('',#7247,#912);
#700=LINE('',#7250,#913);
#701=LINE('',#7251,#914);
#702=LINE('',#7253,#915);
#703=LINE('',#7255,#916);
#704=LINE('',#7257,#917);
#705=LINE('',#7259,#918);
#706=LINE('',#7261,#919);
#707=LINE('',#7262,#920);
#708=LINE('',#7265,#921);
#709=LINE('',#7269,#922);
#710=LINE('',#7353,#923);
#711=LINE('',#7404,#924);
#712=LINE('',#7422,#925);
#713=LINE('',#7425,#926);
#714=LINE('',#7428,#927);
#715=LINE('',#7431,#928);
#716=LINE('',#7435,#929);
#717=LINE('',#7439,#930);
#718=LINE('',#7443,#931);
#719=LINE('',#7450,#932);
#720=LINE('',#7452,#933);
#721=LINE('',#7454,#934);
#722=LINE('',#7455,#935);
#723=LINE('',#7457,#936);
#724=LINE('',#7459,#937);
#725=LINE('',#7461,#938);
#726=LINE('',#7464,#939);
#727=LINE('',#7467,#940);
#728=LINE('',#7470,#941);
#729=LINE('',#7471,#942);
#730=LINE('',#7474,#943);
#731=LINE('',#7478,#944);
#732=LINE('',#7479,#945);
#733=LINE('',#7482,#946);
#734=LINE('',#7485,#947);
#735=LINE('',#7487,#948);
#736=LINE('',#7490,#949);
#737=LINE('',#7493,#950);
#738=LINE('',#7496,#951);
#739=LINE('',#7500,#952);
#740=LINE('',#7502,#953);
#741=LINE('',#7503,#954);
#742=LINE('',#7505,#955);
#743=LINE('',#7507,#956);
#744=VECTOR('',#2700,1.19999999999999);
#745=VECTOR('',#2705,1.19999999999999);
#746=VECTOR('',#2708,1.19999999999999);
#747=VECTOR('',#2711,1.19999999999999);
#748=VECTOR('',#2714,1.19999999999999);
#749=VECTOR('',#2717,1.19999999999999);
#750=VECTOR('',#2720,1.19999999999999);
#751=VECTOR('',#2723,1.19999999999999);
#752=VECTOR('',#2726,1.19999999999999);
#753=VECTOR('',#2729,1.19999999999999);
#754=VECTOR('',#2732,1.19999999999999);
#755=VECTOR('',#2737,1.29);
#756=VECTOR('',#2742,1.29);
#757=VECTOR('',#2745,1.29);
#758=VECTOR('',#2748,1.29);
#759=VECTOR('',#2751,1.29);
#760=VECTOR('',#2754,1.29);
#761=VECTOR('',#2757,1.29);
#762=VECTOR('',#2760,1.29);
#763=VECTOR('',#2763,1.29);
#764=VECTOR('',#2766,1.29);
#765=VECTOR('',#2769,1.29);
#766=VECTOR('',#2774,1.19999999999999);
#767=VECTOR('',#2779,1.19999999999999);
#768=VECTOR('',#2782,1.19999999999999);
#769=VECTOR('',#2785,1.19999999999999);
#770=VECTOR('',#2788,1.19999999999999);
#771=VECTOR('',#2791,1.19999999999999);
#772=VECTOR('',#2794,1.19999999999999);
#773=VECTOR('',#2797,1.19999999999999);
#774=VECTOR('',#2800,1.19999999999999);
#775=VECTOR('',#2803,1.19999999999999);
#776=VECTOR('',#2806,1.19999999999999);
#777=VECTOR('',#2811,1.29000000000001);
#778=VECTOR('',#2816,1.29000000000001);
#779=VECTOR('',#2819,1.29000000000001);
#780=VECTOR('',#2822,1.29000000000001);
#781=VECTOR('',#2825,1.29000000000001);
#782=VECTOR('',#2828,1.29000000000001);
#783=VECTOR('',#2831,1.29000000000001);
#784=VECTOR('',#2834,1.29000000000001);
#785=VECTOR('',#2837,1.29000000000001);
#786=VECTOR('',#2840,1.29000000000001);
#787=VECTOR('',#2843,1.29000000000001);
#788=VECTOR('',#2848,10.);
#789=VECTOR('',#2849,10.);
#790=VECTOR('',#2850,10.);
#791=VECTOR('',#2851,10.);
#792=VECTOR('',#2852,10.);
#793=VECTOR('',#2853,10.);
#794=VECTOR('',#2854,10.);
#795=VECTOR('',#2855,10.);
#796=VECTOR('',#2858,10.);
#797=VECTOR('',#2861,10.);
#798=VECTOR('',#2864,10.);
#799=VECTOR('',#2867,10.);
#800=VECTOR('',#2872,10.);
#801=VECTOR('',#2875,10.);
#802=VECTOR('',#2878,10.);
#803=VECTOR('',#2881,10.);
#804=VECTOR('',#2882,10.);
#805=VECTOR('',#2883,10.);
#806=VECTOR('',#2888,10.);
#807=VECTOR('',#2893,10.);
#808=VECTOR('',#2896,10.);
#809=VECTOR('',#2897,10.);
#810=VECTOR('',#2900,10.);
#811=VECTOR('',#2901,10.);
#812=VECTOR('',#2904,10.);
#813=VECTOR('',#2905,10.);
#814=VECTOR('',#2906,10.);
#815=VECTOR('',#2907,10.);
#816=VECTOR('',#2908,10.);
#817=VECTOR('',#2911,10.);
#818=VECTOR('',#2912,10.);
#819=VECTOR('',#2915,10.);
#820=VECTOR('',#2918,10.);
#821=VECTOR('',#2921,10.);
#822=VECTOR('',#2922,10.);
#823=VECTOR('',#2927,10.);
#824=VECTOR('',#2928,10.);
#825=VECTOR('',#2931,10.);
#826=VECTOR('',#2932,10.);
#827=VECTOR('',#2937,10.);
#828=VECTOR('',#2942,10.);
#829=VECTOR('',#2945,10.);
#830=VECTOR('',#2946,10.);
#831=VECTOR('',#2949,10.);
#832=VECTOR('',#2950,10.);
#833=VECTOR('',#2953,10.);
#834=VECTOR('',#2954,10.);
#835=VECTOR('',#2957,10.);
#836=VECTOR('',#2958,10.);
#837=VECTOR('',#2961,10.);
#838=VECTOR('',#2964,10.);
#839=VECTOR('',#2965,10.);
#840=VECTOR('',#2966,10.);
#841=VECTOR('',#2969,10.);
#842=VECTOR('',#2970,10.);
#843=VECTOR('',#2981,2.5);
#844=VECTOR('',#2988,10.);
#845=VECTOR('',#2989,10.);
#846=VECTOR('',#2990,10.);
#847=VECTOR('',#2991,10.);
#848=VECTOR('',#2992,10.);
#849=VECTOR('',#2993,10.);
#850=VECTOR('',#2998,10.);
#851=VECTOR('',#3003,10.);
#852=VECTOR('',#3004,10.);
#853=VECTOR('',#3005,10.);
#854=VECTOR('',#3006,10.);
#855=VECTOR('',#3009,10.);
#856=VECTOR('',#3010,10.);
#857=VECTOR('',#3011,10.);
#858=VECTOR('',#3014,10.);
#859=VECTOR('',#3015,10.);
#860=VECTOR('',#3018,10.);
#861=VECTOR('',#3019,10.);
#862=VECTOR('',#3020,10.);
#863=VECTOR('',#3021,10.);
#864=VECTOR('',#3022,10.);
#865=VECTOR('',#3023,10.);
#866=VECTOR('',#3024,10.);
#867=VECTOR('',#3027,10.);
#868=VECTOR('',#3028,10.);
#869=VECTOR('',#3031,10.);
#870=VECTOR('',#3032,10.);
#871=VECTOR('',#3033,10.);
#872=VECTOR('',#3036,10.);
#873=VECTOR('',#3037,10.);
#874=VECTOR('',#3038,10.);
#875=VECTOR('',#3041,10.);
#876=VECTOR('',#3044,10.);
#877=VECTOR('',#3045,10.);
#878=VECTOR('',#3046,10.);
#879=VECTOR('',#3049,10.);
#880=VECTOR('',#3052,10.);
#881=VECTOR('',#3053,10.);
#882=VECTOR('',#3056,10.);
#883=VECTOR('',#3073,2.5);
#884=VECTOR('',#3078,10.);
#885=VECTOR('',#3079,10.);
#886=VECTOR('',#3080,10.);
#887=VECTOR('',#3081,10.);
#888=VECTOR('',#3084,10.);
#889=VECTOR('',#3085,10.);
#890=VECTOR('',#3086,10.);
#891=VECTOR('',#3087,10.);
#892=VECTOR('',#3090,10.);
#893=VECTOR('',#3091,10.);
#894=VECTOR('',#3094,10.);
#895=VECTOR('',#3095,10.);
#896=VECTOR('',#3096,10.);
#897=VECTOR('',#3099,10.);
#898=VECTOR('',#3102,10.);
#899=VECTOR('',#3105,10.);
#900=VECTOR('',#3108,10.);
#901=VECTOR('',#3111,10.);
#902=VECTOR('',#3112,10.);
#903=VECTOR('',#3113,10.);
#904=VECTOR('',#3114,10.);
#905=VECTOR('',#3117,10.);
#906=VECTOR('',#3118,10.);
#907=VECTOR('',#3119,10.);
#908=VECTOR('',#3120,10.);
#909=VECTOR('',#3121,10.);
#910=VECTOR('',#3122,10.);
#911=VECTOR('',#3125,10.);
#912=VECTOR('',#3126,10.);
#913=VECTOR('',#3129,10.);
#914=VECTOR('',#3130,10.);
#915=VECTOR('',#3131,10.);
#916=VECTOR('',#3132,10.);
#917=VECTOR('',#3133,10.);
#918=VECTOR('',#3134,10.);
#919=VECTOR('',#3135,10.);
#920=VECTOR('',#3136,10.);
#921=VECTOR('',#3139,10.);
#922=VECTOR('',#3142,10.);
#923=VECTOR('',#3145,10.);
#924=VECTOR('',#3146,10.);
#925=VECTOR('',#3149,10.);
#926=VECTOR('',#3152,10.);
#927=VECTOR('',#3155,10.);
#928=VECTOR('',#3156,10.);
#929=VECTOR('',#3159,10.);
#930=VECTOR('',#3162,10.);
#931=VECTOR('',#3165,10.);
#932=VECTOR('',#3174,10.);
#933=VECTOR('',#3177,10.);
#934=VECTOR('',#3180,10.);
#935=VECTOR('',#3181,10.);
#936=VECTOR('',#3184,10.);
#937=VECTOR('',#3187,10.);
#938=VECTOR('',#3190,10.);
#939=VECTOR('',#3193,10.);
#940=VECTOR('',#3196,10.);
#941=VECTOR('',#3199,10.);
#942=VECTOR('',#3200,10.);
#943=VECTOR('',#3203,10.);
#944=VECTOR('',#3208,10.);
#945=VECTOR('',#3209,10.);
#946=VECTOR('',#3212,10.);
#947=VECTOR('',#3215,10.);
#948=VECTOR('',#3218,10.);
#949=VECTOR('',#3221,10.);
#950=VECTOR('',#3226,10.);
#951=VECTOR('',#3229,17.8308);
#952=VECTOR('',#3234,10.);
#953=VECTOR('',#3235,10.);
#954=VECTOR('',#3236,10.);
#955=VECTOR('',#3239,10.);
#956=VECTOR('',#3242,10.);
#957=VERTEX_POINT('',#3254);
#958=VERTEX_POINT('',#3255);
#959=VERTEX_POINT('',#3257);
#960=VERTEX_POINT('',#3265);
#961=VERTEX_POINT('',#3281);
#962=VERTEX_POINT('',#3282);
#963=VERTEX_POINT('',#3329);
#964=VERTEX_POINT('',#3330);
#965=VERTEX_POINT('',#3380);
#966=VERTEX_POINT('',#3381);
#967=VERTEX_POINT('',#3431);
#968=VERTEX_POINT('',#3432);
#969=VERTEX_POINT('',#3479);
#970=VERTEX_POINT('',#3480);
#971=VERTEX_POINT('',#3527);
#972=VERTEX_POINT('',#3528);
#973=VERTEX_POINT('',#3578);
#974=VERTEX_POINT('',#3579);
#975=VERTEX_POINT('',#3629);
#976=VERTEX_POINT('',#3630);
#977=VERTEX_POINT('',#3677);
#978=VERTEX_POINT('',#3678);
#979=VERTEX_POINT('',#3728);
#980=VERTEX_POINT('',#3729);
#981=VERTEX_POINT('',#3731);
#982=VERTEX_POINT('',#3745);
#983=VERTEX_POINT('',#3767);
#984=VERTEX_POINT('',#3768);
#985=VERTEX_POINT('',#3770);
#986=VERTEX_POINT('',#3780);
#987=VERTEX_POINT('',#3792);
#988=VERTEX_POINT('',#3793);
#989=VERTEX_POINT('',#3817);
#990=VERTEX_POINT('',#3818);
#991=VERTEX_POINT('',#3841);
#992=VERTEX_POINT('',#3842);
#993=VERTEX_POINT('',#3866);
#994=VERTEX_POINT('',#3867);
#995=VERTEX_POINT('',#3890);
#996=VERTEX_POINT('',#3891);
#997=VERTEX_POINT('',#3915);
#998=VERTEX_POINT('',#3916);
#999=VERTEX_POINT('',#3939);
#1000=VERTEX_POINT('',#3940);
#1001=VERTEX_POINT('',#3964);
#1002=VERTEX_POINT('',#3965);
#1003=VERTEX_POINT('',#3989);
#1004=VERTEX_POINT('',#3990);
#1005=VERTEX_POINT('',#4013);
#1006=VERTEX_POINT('',#4014);
#1007=VERTEX_POINT('',#4016);
#1008=VERTEX_POINT('',#4022);
#1009=VERTEX_POINT('',#4030);
#1010=VERTEX_POINT('',#4031);
#1011=VERTEX_POINT('',#4033);
#1012=VERTEX_POINT('',#4041);
#1013=VERTEX_POINT('',#4057);
#1014=VERTEX_POINT('',#4058);
#1015=VERTEX_POINT('',#4105);
#1016=VERTEX_POINT('',#4106);
#1017=VERTEX_POINT('',#4156);
#1018=VERTEX_POINT('',#4157);
#1019=VERTEX_POINT('',#4207);
#1020=VERTEX_POINT('',#4208);
#1021=VERTEX_POINT('',#4255);
#1022=VERTEX_POINT('',#4256);
#1023=VERTEX_POINT('',#4303);
#1024=VERTEX_POINT('',#4304);
#1025=VERTEX_POINT('',#4354);
#1026=VERTEX_POINT('',#4355);
#1027=VERTEX_POINT('',#4405);
#1028=VERTEX_POINT('',#4406);
#1029=VERTEX_POINT('',#4453);
#1030=VERTEX_POINT('',#4454);
#1031=VERTEX_POINT('',#4504);
#1032=VERTEX_POINT('',#4505);
#1033=VERTEX_POINT('',#4507);
#1034=VERTEX_POINT('',#4521);
#1035=VERTEX_POINT('',#4543);
#1036=VERTEX_POINT('',#4544);
#1037=VERTEX_POINT('',#4546);
#1038=VERTEX_POINT('',#4556);
#1039=VERTEX_POINT('',#4568);
#1040=VERTEX_POINT('',#4569);
#1041=VERTEX_POINT('',#4593);
#1042=VERTEX_POINT('',#4594);
#1043=VERTEX_POINT('',#4617);
#1044=VERTEX_POINT('',#4618);
#1045=VERTEX_POINT('',#4642);
#1046=VERTEX_POINT('',#4643);
#1047=VERTEX_POINT('',#4666);
#1048=VERTEX_POINT('',#4667);
#1049=VERTEX_POINT('',#4691);
#1050=VERTEX_POINT('',#4692);
#1051=VERTEX_POINT('',#4715);
#1052=VERTEX_POINT('',#4716);
#1053=VERTEX_POINT('',#4740);
#1054=VERTEX_POINT('',#4741);
#1055=VERTEX_POINT('',#4765);
#1056=VERTEX_POINT('',#4766);
#1057=VERTEX_POINT('',#4789);
#1058=VERTEX_POINT('',#4790);
#1059=VERTEX_POINT('',#4792);
#1060=VERTEX_POINT('',#4798);
#1061=VERTEX_POINT('',#4806);
#1062=VERTEX_POINT('',#4807);
#1063=VERTEX_POINT('',#4809);
#1064=VERTEX_POINT('',#4811);
#1065=VERTEX_POINT('',#4813);
#1066=VERTEX_POINT('',#4815);
#1067=VERTEX_POINT('',#4817);
#1068=VERTEX_POINT('',#4819);
#1069=VERTEX_POINT('',#4821);
#1070=VERTEX_POINT('',#4823);
#1071=VERTEX_POINT('',#4825);
#1072=VERTEX_POINT('',#4827);
#1073=VERTEX_POINT('',#4829);
#1074=VERTEX_POINT('',#4831);
#1075=VERTEX_POINT('',#4833);
#1076=VERTEX_POINT('',#4835);
#1077=VERTEX_POINT('',#4839);
#1078=VERTEX_POINT('',#4840);
#1079=VERTEX_POINT('',#4842);
#1080=VERTEX_POINT('',#4844);
#1081=VERTEX_POINT('',#4846);
#1082=VERTEX_POINT('',#4848);
#1083=VERTEX_POINT('',#4852);
#1084=VERTEX_POINT('',#4854);
#1085=VERTEX_POINT('',#4858);
#1086=VERTEX_POINT('',#4859);
#1087=VERTEX_POINT('',#4861);
#1088=VERTEX_POINT('',#4864);
#1089=VERTEX_POINT('',#4874);
#1090=VERTEX_POINT('',#4876);
#1091=VERTEX_POINT('',#4878);
#1092=VERTEX_POINT('',#4880);
#1093=VERTEX_POINT('',#4884);
#1094=VERTEX_POINT('',#4888);
#1095=VERTEX_POINT('',#4890);
#1096=VERTEX_POINT('',#4894);
#1097=VERTEX_POINT('',#4898);
#1098=VERTEX_POINT('',#4899);
#1099=VERTEX_POINT('',#4904);
#1100=VERTEX_POINT('',#4908);
#1101=VERTEX_POINT('',#4912);
#1102=VERTEX_POINT('',#4919);
#1103=VERTEX_POINT('',#4923);
#1104=VERTEX_POINT('',#4927);
#1105=VERTEX_POINT('',#4933);
#1106=VERTEX_POINT('',#4935);
#1107=VERTEX_POINT('',#4939);
#1108=VERTEX_POINT('',#5933);
#1109=VERTEX_POINT('',#5935);
#1110=VERTEX_POINT('',#5940);
#1111=VERTEX_POINT('',#5943);
#1112=VERTEX_POINT('',#5944);
#1113=VERTEX_POINT('',#5946);
#1114=VERTEX_POINT('',#5948);
#1115=VERTEX_POINT('',#5951);
#1116=VERTEX_POINT('',#5957);
#1117=VERTEX_POINT('',#5958);
#1118=VERTEX_POINT('',#5960);
#1119=VERTEX_POINT('',#5962);
#1120=VERTEX_POINT('',#5966);
#1121=VERTEX_POINT('',#5968);
#1122=VERTEX_POINT('',#5972);
#1123=VERTEX_POINT('',#5976);
#1124=VERTEX_POINT('',#5978);
#1125=VERTEX_POINT('',#5980);
#1126=VERTEX_POINT('',#5982);
#1127=VERTEX_POINT('',#5984);
#1128=VERTEX_POINT('',#5986);
#1129=VERTEX_POINT('',#5990);
#1130=VERTEX_POINT('',#5994);
#1131=VERTEX_POINT('',#5996);
#1132=VERTEX_POINT('',#6000);
#1133=VERTEX_POINT('',#6002);
#1134=VERTEX_POINT('',#6008);
#1135=VERTEX_POINT('',#6015);
#1136=VERTEX_POINT('',#7014);
#1137=VERTEX_POINT('',#7019);
#1138=VERTEX_POINT('',#7020);
#1139=VERTEX_POINT('',#7022);
#1140=VERTEX_POINT('',#7024);
#1141=VERTEX_POINT('',#7028);
#1142=VERTEX_POINT('',#7029);
#1143=VERTEX_POINT('',#7031);
#1144=VERTEX_POINT('',#7033);
#1145=VERTEX_POINT('',#7040);
#1146=VERTEX_POINT('',#7042);
#1147=VERTEX_POINT('',#7046);
#1148=VERTEX_POINT('',#7047);
#1149=VERTEX_POINT('',#7049);
#1150=VERTEX_POINT('',#7051);
#1151=VERTEX_POINT('',#7053);
#1152=VERTEX_POINT('',#7055);
#1153=VERTEX_POINT('',#7057);
#1154=VERTEX_POINT('',#7059);
#1155=VERTEX_POINT('',#7062);
#1156=VERTEX_POINT('',#7064);
#1157=VERTEX_POINT('',#7066);
#1158=VERTEX_POINT('',#7070);
#1159=VERTEX_POINT('',#7113);
#1160=VERTEX_POINT('',#7114);
#1161=VERTEX_POINT('',#7135);
#1162=VERTEX_POINT('',#7137);
#1163=VERTEX_POINT('',#7199);
#1164=VERTEX_POINT('',#7200);
#1165=VERTEX_POINT('',#7221);
#1166=VERTEX_POINT('',#7223);
#1167=VERTEX_POINT('',#7249);
#1168=VERTEX_POINT('',#7252);
#1169=VERTEX_POINT('',#7254);
#1170=VERTEX_POINT('',#7256);
#1171=VERTEX_POINT('',#7258);
#1172=VERTEX_POINT('',#7260);
#1173=VERTEX_POINT('',#7264);
#1174=VERTEX_POINT('',#7266);
#1175=VERTEX_POINT('',#7268);
#1176=VERTEX_POINT('',#7311);
#1177=VERTEX_POINT('',#7332);
#1178=VERTEX_POINT('',#7386);
#1179=VERTEX_POINT('',#7403);
#1180=VERTEX_POINT('',#7424);
#1181=VERTEX_POINT('',#7426);
#1182=VERTEX_POINT('',#7429);
#1183=VERTEX_POINT('',#7430);
#1184=VERTEX_POINT('',#7432);
#1185=VERTEX_POINT('',#7434);
#1186=VERTEX_POINT('',#7436);
#1187=VERTEX_POINT('',#7438);
#1188=VERTEX_POINT('',#7440);
#1189=VERTEX_POINT('',#7442);
#1190=VERTEX_POINT('',#7445);
#1191=VERTEX_POINT('',#7448);
#1192=VERTEX_POINT('',#7463);
#1193=VERTEX_POINT('',#7465);
#1194=VERTEX_POINT('',#7469);
#1195=VERTEX_POINT('',#7473);
#1196=VERTEX_POINT('',#7477);
#1197=VERTEX_POINT('',#7481);
#1198=VERTEX_POINT('',#7483);
#1199=VERTEX_POINT('',#7489);
#1200=VERTEX_POINT('',#7495);
#1201=VERTEX_POINT('',#7499);
#1202=VERTEX_POINT('',#7501);
#1203=EDGE_CURVE('',#957,#958,#531,.T.);
#1204=EDGE_CURVE('',#958,#959,#425,.T.);
#1205=EDGE_CURVE('',#959,#960,#381,.T.);
#1206=EDGE_CURVE('',#960,#957,#426,.T.);
#1207=EDGE_CURVE('',#961,#962,#532,.T.);
#1208=EDGE_CURVE('',#962,#958,#427,.T.);
#1209=EDGE_CURVE('',#957,#961,#428,.T.);
#1210=EDGE_CURVE('',#963,#964,#533,.T.);
#1211=EDGE_CURVE('',#964,#962,#429,.T.);
#1212=EDGE_CURVE('',#961,#963,#430,.T.);
#1213=EDGE_CURVE('',#965,#966,#534,.T.);
#1214=EDGE_CURVE('',#966,#964,#431,.T.);
#1215=EDGE_CURVE('',#963,#965,#432,.T.);
#1216=EDGE_CURVE('',#967,#968,#535,.T.);
#1217=EDGE_CURVE('',#968,#966,#433,.T.);
#1218=EDGE_CURVE('',#965,#967,#434,.T.);
#1219=EDGE_CURVE('',#969,#970,#536,.T.);
#1220=EDGE_CURVE('',#970,#968,#435,.T.);
#1221=EDGE_CURVE('',#967,#969,#436,.T.);
#1222=EDGE_CURVE('',#971,#972,#537,.T.);
#1223=EDGE_CURVE('',#972,#970,#437,.T.);
#1224=EDGE_CURVE('',#969,#971,#438,.T.);
#1225=EDGE_CURVE('',#973,#974,#538,.T.);
#1226=EDGE_CURVE('',#974,#972,#439,.T.);
#1227=EDGE_CURVE('',#971,#973,#440,.T.);
#1228=EDGE_CURVE('',#975,#976,#539,.T.);
#1229=EDGE_CURVE('',#976,#974,#441,.T.);
#1230=EDGE_CURVE('',#973,#975,#442,.T.);
#1231=EDGE_CURVE('',#977,#978,#540,.T.);
#1232=EDGE_CURVE('',#978,#976,#443,.T.);
#1233=EDGE_CURVE('',#975,#977,#444,.T.);
#1234=EDGE_CURVE('',#979,#980,#541,.T.);
#1235=EDGE_CURVE('',#979,#981,#445,.T.);
#1236=EDGE_CURVE('',#982,#981,#382,.F.);
#1237=EDGE_CURVE('',#982,#980,#446,.T.);
#1238=EDGE_CURVE('',#983,#984,#542,.T.);
#1239=EDGE_CURVE('',#984,#985,#447,.T.);
#1240=EDGE_CURVE('',#986,#985,#383,.T.);
#1241=EDGE_CURVE('',#983,#986,#448,.T.);
#1242=EDGE_CURVE('',#987,#988,#543,.T.);
#1243=EDGE_CURVE('',#988,#984,#449,.T.);
#1244=EDGE_CURVE('',#987,#983,#450,.T.);
#1245=EDGE_CURVE('',#989,#990,#544,.T.);
#1246=EDGE_CURVE('',#990,#988,#451,.T.);
#1247=EDGE_CURVE('',#989,#987,#452,.T.);
#1248=EDGE_CURVE('',#991,#992,#545,.T.);
#1249=EDGE_CURVE('',#992,#990,#453,.T.);
#1250=EDGE_CURVE('',#991,#989,#454,.T.);
#1251=EDGE_CURVE('',#993,#994,#546,.T.);
#1252=EDGE_CURVE('',#994,#992,#455,.T.);
#1253=EDGE_CURVE('',#993,#991,#456,.T.);
#1254=EDGE_CURVE('',#995,#996,#547,.T.);
#1255=EDGE_CURVE('',#996,#994,#457,.T.);
#1256=EDGE_CURVE('',#995,#993,#458,.T.);
#1257=EDGE_CURVE('',#997,#998,#548,.T.);
#1258=EDGE_CURVE('',#998,#996,#459,.T.);
#1259=EDGE_CURVE('',#997,#995,#460,.T.);
#1260=EDGE_CURVE('',#999,#1000,#549,.T.);
#1261=EDGE_CURVE('',#1000,#998,#461,.T.);
#1262=EDGE_CURVE('',#999,#997,#462,.T.);
#1263=EDGE_CURVE('',#1001,#1002,#550,.T.);
#1264=EDGE_CURVE('',#1002,#1000,#463,.T.);
#1265=EDGE_CURVE('',#1001,#999,#464,.T.);
#1266=EDGE_CURVE('',#1003,#1004,#551,.T.);
#1267=EDGE_CURVE('',#1004,#1002,#465,.T.);
#1268=EDGE_CURVE('',#1003,#1001,#466,.T.);
#1269=EDGE_CURVE('',#1005,#1006,#552,.T.);
#1270=EDGE_CURVE('',#1007,#1005,#467,.T.);
#1271=EDGE_CURVE('',#1008,#1007,#384,.T.);
#1272=EDGE_CURVE('',#1008,#1006,#468,.T.);
#1273=EDGE_CURVE('',#1009,#1010,#553,.T.);
#1274=EDGE_CURVE('',#1010,#1011,#469,.T.);
#1275=EDGE_CURVE('',#1011,#1012,#385,.T.);
#1276=EDGE_CURVE('',#1012,#1009,#470,.T.);
#1277=EDGE_CURVE('',#1013,#1014,#554,.T.);
#1278=EDGE_CURVE('',#1014,#1010,#471,.T.);
#1279=EDGE_CURVE('',#1009,#1013,#472,.T.);
#1280=EDGE_CURVE('',#1015,#1016,#555,.T.);
#1281=EDGE_CURVE('',#1016,#1014,#473,.T.);
#1282=EDGE_CURVE('',#1013,#1015,#474,.T.);
#1283=EDGE_CURVE('',#1017,#1018,#556,.T.);
#1284=EDGE_CURVE('',#1018,#1016,#475,.T.);
#1285=EDGE_CURVE('',#1015,#1017,#476,.T.);
#1286=EDGE_CURVE('',#1019,#1020,#557,.T.);
#1287=EDGE_CURVE('',#1020,#1018,#477,.T.);
#1288=EDGE_CURVE('',#1017,#1019,#478,.T.);
#1289=EDGE_CURVE('',#1021,#1022,#558,.T.);
#1290=EDGE_CURVE('',#1022,#1020,#479,.T.);
#1291=EDGE_CURVE('',#1019,#1021,#480,.T.);
#1292=EDGE_CURVE('',#1023,#1024,#559,.T.);
#1293=EDGE_CURVE('',#1024,#1022,#481,.T.);
#1294=EDGE_CURVE('',#1021,#1023,#482,.T.);
#1295=EDGE_CURVE('',#1025,#1026,#560,.T.);
#1296=EDGE_CURVE('',#1026,#1024,#483,.T.);
#1297=EDGE_CURVE('',#1023,#1025,#484,.T.);
#1298=EDGE_CURVE('',#1027,#1028,#561,.T.);
#1299=EDGE_CURVE('',#1028,#1026,#485,.T.);
#1300=EDGE_CURVE('',#1025,#1027,#486,.T.);
#1301=EDGE_CURVE('',#1029,#1030,#562,.T.);
#1302=EDGE_CURVE('',#1030,#1028,#487,.T.);
#1303=EDGE_CURVE('',#1027,#1029,#488,.T.);
#1304=EDGE_CURVE('',#1031,#1032,#563,.T.);
#1305=EDGE_CURVE('',#1031,#1033,#489,.T.);
#1306=EDGE_CURVE('',#1034,#1033,#386,.F.);
#1307=EDGE_CURVE('',#1034,#1032,#490,.T.);
#1308=EDGE_CURVE('',#1035,#1036,#564,.T.);
#1309=EDGE_CURVE('',#1036,#1037,#491,.T.);
#1310=EDGE_CURVE('',#1038,#1037,#387,.T.);
#1311=EDGE_CURVE('',#1035,#1038,#492,.T.);
#1312=EDGE_CURVE('',#1039,#1040,#565,.T.);
#1313=EDGE_CURVE('',#1040,#1036,#493,.T.);
#1314=EDGE_CURVE('',#1039,#1035,#494,.T.);
#1315=EDGE_CURVE('',#1041,#1042,#566,.T.);
#1316=EDGE_CURVE('',#1042,#1040,#495,.T.);
#1317=EDGE_CURVE('',#1041,#1039,#496,.T.);
#1318=EDGE_CURVE('',#1043,#1044,#567,.T.);
#1319=EDGE_CURVE('',#1044,#1042,#497,.T.);
#1320=EDGE_CURVE('',#1043,#1041,#498,.T.);
#1321=EDGE_CURVE('',#1045,#1046,#568,.T.);
#1322=EDGE_CURVE('',#1046,#1044,#499,.T.);
#1323=EDGE_CURVE('',#1045,#1043,#500,.T.);
#1324=EDGE_CURVE('',#1047,#1048,#569,.T.);
#1325=EDGE_CURVE('',#1048,#1046,#501,.T.);
#1326=EDGE_CURVE('',#1047,#1045,#502,.T.);
#1327=EDGE_CURVE('',#1049,#1050,#570,.T.);
#1328=EDGE_CURVE('',#1050,#1048,#503,.T.);
#1329=EDGE_CURVE('',#1049,#1047,#504,.T.);
#1330=EDGE_CURVE('',#1051,#1052,#571,.T.);
#1331=EDGE_CURVE('',#1052,#1050,#505,.T.);
#1332=EDGE_CURVE('',#1051,#1049,#506,.T.);
#1333=EDGE_CURVE('',#1053,#1054,#572,.T.);
#1334=EDGE_CURVE('',#1054,#1052,#507,.T.);
#1335=EDGE_CURVE('',#1053,#1051,#508,.T.);
#1336=EDGE_CURVE('',#1055,#1056,#573,.T.);
#1337=EDGE_CURVE('',#1056,#1054,#509,.T.);
#1338=EDGE_CURVE('',#1055,#1053,#510,.T.);
#1339=EDGE_CURVE('',#1057,#1058,#574,.T.);
#1340=EDGE_CURVE('',#1059,#1057,#511,.T.);
#1341=EDGE_CURVE('',#1060,#1059,#388,.T.);
#1342=EDGE_CURVE('',#1060,#1058,#512,.T.);
#1343=EDGE_CURVE('',#1061,#1062,#575,.T.);
#1344=EDGE_CURVE('',#1062,#1063,#576,.T.);
#1345=EDGE_CURVE('',#1063,#1064,#577,.T.);
#1346=EDGE_CURVE('',#1064,#1065,#578,.T.);
#1347=EDGE_CURVE('',#1065,#1066,#579,.T.);
#1348=EDGE_CURVE('',#1066,#1067,#580,.T.);
#1349=EDGE_CURVE('',#1067,#1068,#581,.T.);
#1350=EDGE_CURVE('',#1068,#1069,#582,.T.);
#1351=EDGE_CURVE('',#1069,#1070,#389,.T.);
#1352=EDGE_CURVE('',#1070,#1071,#583,.T.);
#1353=EDGE_CURVE('',#1071,#1072,#390,.T.);
#1354=EDGE_CURVE('',#1072,#1073,#584,.T.);
#1355=EDGE_CURVE('',#1073,#1074,#391,.T.);
#1356=EDGE_CURVE('',#1074,#1075,#585,.T.);
#1357=EDGE_CURVE('',#1075,#1076,#392,.T.);
#1358=EDGE_CURVE('',#1076,#1061,#586,.T.);
#1359=EDGE_CURVE('',#1077,#1078,#393,.T.);
#1360=EDGE_CURVE('',#1078,#1079,#587,.T.);
#1361=EDGE_CURVE('',#1079,#1080,#394,.T.);
#1362=EDGE_CURVE('',#1080,#1081,#588,.T.);
#1363=EDGE_CURVE('',#1081,#1082,#395,.T.);
#1364=EDGE_CURVE('',#1077,#1082,#589,.F.);
#1365=EDGE_CURVE('',#1083,#1080,#590,.T.);
#1366=EDGE_CURVE('',#1084,#1083,#591,.T.);
#1367=EDGE_CURVE('',#1081,#1084,#592,.T.);
#1368=EDGE_CURVE('',#1085,#1086,#396,.F.);
#1369=EDGE_CURVE('',#1085,#1087,#593,.T.);
#1370=EDGE_CURVE('',#1084,#1087,#397,.F.);
#1371=EDGE_CURVE('',#1083,#1088,#398,.T.);
#1372=EDGE_CURVE('',#1088,#1086,#594,.T.);
#1373=EDGE_CURVE('',#1068,#1088,#595,.T.);
#1374=EDGE_CURVE('',#1086,#1067,#596,.T.);
#1375=EDGE_CURVE('',#1062,#1078,#597,.T.);
#1376=EDGE_CURVE('',#1079,#1061,#598,.T.);
#1377=EDGE_CURVE('',#1089,#1082,#599,.T.);
#1378=EDGE_CURVE('',#1087,#1090,#600,.T.);
#1379=EDGE_CURVE('',#1091,#1090,#601,.T.);
#1380=EDGE_CURVE('',#1092,#1091,#602,.T.);
#1381=EDGE_CURVE('',#1092,#1089,#603,.T.);
#1382=EDGE_CURVE('',#1093,#1066,#604,.T.);
#1383=EDGE_CURVE('',#1093,#1085,#605,.F.);
#1384=EDGE_CURVE('',#1069,#1094,#606,.T.);
#1385=EDGE_CURVE('',#1094,#1095,#399,.T.);
#1386=EDGE_CURVE('',#1095,#1070,#607,.T.);
#1387=EDGE_CURVE('',#1096,#1076,#608,.T.);
#1388=EDGE_CURVE('',#1094,#1096,#609,.T.);
#1389=EDGE_CURVE('',#1097,#1098,#400,.T.);
#1390=EDGE_CURVE('',#1098,#1072,#610,.T.);
#1391=EDGE_CURVE('',#1071,#1097,#611,.T.);
#1392=EDGE_CURVE('',#1099,#1098,#612,.T.);
#1393=EDGE_CURVE('',#1073,#1099,#613,.T.);
#1394=EDGE_CURVE('',#1099,#1100,#401,.T.);
#1395=EDGE_CURVE('',#1100,#1074,#614,.T.);
#1396=EDGE_CURVE('',#1101,#1096,#402,.T.);
#1397=EDGE_CURVE('',#1075,#1101,#615,.T.);
#1398=EDGE_CURVE('',#1101,#1100,#616,.T.);
#1399=EDGE_CURVE('',#1097,#1095,#617,.T.);
#1400=EDGE_CURVE('',#1065,#1102,#618,.T.);
#1401=EDGE_CURVE('',#1102,#1093,#619,.T.);
#1402=EDGE_CURVE('',#1064,#1103,#620,.T.);
#1403=EDGE_CURVE('',#1103,#1102,#621,.T.);
#1404=EDGE_CURVE('',#1063,#1104,#622,.T.);
#1405=EDGE_CURVE('',#1104,#1103,#623,.T.);
#1406=EDGE_CURVE('',#1077,#1104,#624,.T.);
#1407=EDGE_CURVE('',#1105,#1089,#625,.T.);
#1408=EDGE_CURVE('',#1106,#1105,#626,.T.);
#1409=EDGE_CURVE('',#1090,#1106,#627,.T.);
#1410=EDGE_CURVE('',#1107,#1106,#628,.T.);
#1411=EDGE_CURVE('',#1091,#1107,#629,.T.);
#1412=EDGE_CURVE('',#1058,#1056,#513,.T.);
#1413=EDGE_CURVE('',#1057,#1055,#514,.T.);
#1414=EDGE_CURVE('',#1037,#1012,#515,.T.);
#1415=EDGE_CURVE('',#1033,#1060,#516,.T.);
#1416=EDGE_CURVE('',#1029,#1031,#517,.T.);
#1417=EDGE_CURVE('',#1011,#1038,#518,.T.);
#1418=EDGE_CURVE('',#1032,#1030,#519,.T.);
#1419=EDGE_CURVE('',#1059,#1034,#520,.T.);
#1420=EDGE_CURVE('',#1108,#1108,#403,.T.);
#1421=EDGE_CURVE('',#1108,#1109,#630,.T.);
#1422=EDGE_CURVE('',#1109,#1109,#404,.T.);
#1423=EDGE_CURVE('',#1110,#1092,#631,.T.);
#1424=EDGE_CURVE('',#1107,#1110,#632,.T.);
#1425=EDGE_CURVE('',#1111,#1112,#633,.T.);
#1426=EDGE_CURVE('',#1113,#1111,#634,.T.);
#1427=EDGE_CURVE('',#1114,#1113,#635,.T.);
#1428=EDGE_CURVE('',#1112,#1114,#636,.T.);
#1429=EDGE_CURVE('',#1115,#1115,#405,.T.);
#1430=EDGE_CURVE('',#1110,#1105,#637,.T.);
#1431=EDGE_CURVE('',#1116,#1117,#638,.T.);
#1432=EDGE_CURVE('',#1118,#1116,#639,.T.);
#1433=EDGE_CURVE('',#1119,#1118,#640,.T.);
#1434=EDGE_CURVE('',#1117,#1119,#641,.T.);
#1435=EDGE_CURVE('',#1118,#1120,#642,.T.);
#1436=EDGE_CURVE('',#1121,#1120,#643,.T.);
#1437=EDGE_CURVE('',#1119,#1121,#644,.T.);
#1438=EDGE_CURVE('',#1116,#1122,#645,.T.);
#1439=EDGE_CURVE('',#1120,#1122,#646,.T.);
#1440=EDGE_CURVE('',#1113,#1123,#647,.T.);
#1441=EDGE_CURVE('',#1124,#1123,#648,.T.);
#1442=EDGE_CURVE('',#1124,#1125,#649,.T.);
#1443=EDGE_CURVE('',#1125,#1126,#650,.T.);
#1444=EDGE_CURVE('',#1126,#1127,#651,.T.);
#1445=EDGE_CURVE('',#1128,#1127,#652,.T.);
#1446=EDGE_CURVE('',#1114,#1128,#653,.T.);
#1447=EDGE_CURVE('',#1111,#1129,#654,.T.);
#1448=EDGE_CURVE('',#1123,#1129,#655,.T.);
#1449=EDGE_CURVE('',#1130,#1124,#656,.T.);
#1450=EDGE_CURVE('',#1131,#1130,#657,.T.);
#1451=EDGE_CURVE('',#1125,#1131,#658,.T.);
#1452=EDGE_CURVE('',#1126,#1132,#659,.T.);
#1453=EDGE_CURVE('',#1133,#1132,#660,.T.);
#1454=EDGE_CURVE('',#1127,#1133,#661,.T.);
#1455=EDGE_CURVE('',#1132,#1131,#662,.T.);
#1456=EDGE_CURVE('',#1117,#1134,#663,.T.);
#1457=EDGE_CURVE('',#1133,#1134,#664,.T.);
#1458=EDGE_CURVE('',#1122,#1130,#665,.T.);
#1459=EDGE_CURVE('',#1134,#1121,#666,.T.);
#1460=EDGE_CURVE('',#1112,#1135,#667,.T.);
#1461=EDGE_CURVE('',#1129,#1135,#668,.T.);
#1462=EDGE_CURVE('',#1135,#1128,#669,.T.);
#1463=EDGE_CURVE('',#1006,#1004,#521,.T.);
#1464=EDGE_CURVE('',#1005,#1003,#522,.T.);
#1465=EDGE_CURVE('',#985,#960,#523,.T.);
#1466=EDGE_CURVE('',#981,#1008,#524,.T.);
#1467=EDGE_CURVE('',#977,#979,#525,.T.);
#1468=EDGE_CURVE('',#959,#986,#526,.T.);
#1469=EDGE_CURVE('',#980,#978,#527,.T.);
#1470=EDGE_CURVE('',#1007,#982,#528,.T.);
#1471=EDGE_CURVE('',#1136,#1136,#406,.T.);
#1472=EDGE_CURVE('',#1136,#1115,#670,.T.);
#1473=EDGE_CURVE('',#1137,#1138,#671,.T.);
#1474=EDGE_CURVE('',#1137,#1139,#672,.T.);
#1475=EDGE_CURVE('',#1139,#1140,#673,.T.);
#1476=EDGE_CURVE('',#1138,#1140,#674,.T.);
#1477=EDGE_CURVE('',#1141,#1142,#675,.T.);
#1478=EDGE_CURVE('',#1143,#1141,#676,.T.);
#1479=EDGE_CURVE('',#1143,#1144,#677,.T.);
#1480=EDGE_CURVE('',#1142,#1144,#678,.T.);
#1481=EDGE_CURVE('',#1140,#1143,#679,.T.);
#1482=EDGE_CURVE('',#1144,#1139,#680,.T.);
#1483=EDGE_CURVE('',#1145,#1142,#681,.T.);
#1484=EDGE_CURVE('',#1145,#1146,#682,.T.);
#1485=EDGE_CURVE('',#1141,#1146,#683,.T.);
#1486=EDGE_CURVE('',#1147,#1148,#684,.T.);
#1487=EDGE_CURVE('',#1149,#1147,#407,.T.);
#1488=EDGE_CURVE('',#1150,#1149,#685,.T.);
#1489=EDGE_CURVE('',#1151,#1150,#408,.T.);
#1490=EDGE_CURVE('',#1152,#1151,#686,.T.);
#1491=EDGE_CURVE('',#1153,#1152,#409,.T.);
#1492=EDGE_CURVE('',#1154,#1153,#687,.T.);
#1493=EDGE_CURVE('',#1148,#1154,#410,.T.);
#1494=EDGE_CURVE('',#1137,#1155,#688,.T.);
#1495=EDGE_CURVE('',#1155,#1156,#689,.T.);
#1496=EDGE_CURVE('',#1156,#1157,#690,.T.);
#1497=EDGE_CURVE('',#1157,#1145,#691,.T.);
#1498=EDGE_CURVE('',#1158,#1138,#692,.T.);
#1499=EDGE_CURVE('',#1155,#1158,#693,.T.);
#1500=EDGE_CURVE('',#1159,#1160,#17,.T.);
#1501=EDGE_CURVE('',#1161,#1159,#694,.T.);
#1502=EDGE_CURVE('',#1161,#1162,#18,.T.);
#1503=EDGE_CURVE('',#1160,#1162,#695,.T.);
#1504=EDGE_CURVE('',#1163,#1164,#19,.T.);
#1505=EDGE_CURVE('',#1165,#1163,#696,.T.);
#1506=EDGE_CURVE('',#1165,#1166,#20,.T.);
#1507=EDGE_CURVE('',#1164,#1166,#697,.T.);
#1508=EDGE_CURVE('',#1162,#1165,#698,.T.);
#1509=EDGE_CURVE('',#1166,#1161,#699,.T.);
#1510=EDGE_CURVE('',#1167,#1159,#700,.T.);
#1511=EDGE_CURVE('',#1147,#1167,#701,.T.);
#1512=EDGE_CURVE('',#1168,#1148,#702,.T.);
#1513=EDGE_CURVE('',#1169,#1168,#703,.T.);
#1514=EDGE_CURVE('',#1169,#1170,#704,.T.);
#1515=EDGE_CURVE('',#1170,#1171,#705,.T.);
#1516=EDGE_CURVE('',#1171,#1172,#706,.T.);
#1517=EDGE_CURVE('',#1164,#1172,#707,.T.);
#1518=EDGE_CURVE('',#1160,#1173,#708,.T.);
#1519=EDGE_CURVE('',#1174,#1173,#411,.T.);
#1520=EDGE_CURVE('',#1174,#1175,#709,.T.);
#1521=EDGE_CURVE('',#1167,#1175,#412,.T.);
#1522=EDGE_CURVE('',#1172,#1176,#21,.T.);
#1523=EDGE_CURVE('',#1171,#1177,#22,.T.);
#1524=EDGE_CURVE('',#1176,#1177,#710,.T.);
#1525=EDGE_CURVE('',#1178,#1169,#529,.T.);
#1526=EDGE_CURVE('',#1179,#1178,#711,.T.);
#1527=EDGE_CURVE('',#1179,#1170,#530,.T.);
#1528=EDGE_CURVE('',#1177,#1179,#712,.T.);
#1529=EDGE_CURVE('',#1176,#1180,#713,.T.);
#1530=EDGE_CURVE('',#1181,#1180,#413,.T.);
#1531=EDGE_CURVE('',#1181,#1163,#714,.T.);
#1532=EDGE_CURVE('',#1182,#1183,#715,.T.);
#1533=EDGE_CURVE('',#1184,#1183,#414,.T.);
#1534=EDGE_CURVE('',#1184,#1185,#716,.T.);
#1535=EDGE_CURVE('',#1186,#1185,#415,.T.);
#1536=EDGE_CURVE('',#1186,#1187,#717,.T.);
#1537=EDGE_CURVE('',#1188,#1187,#416,.T.);
#1538=EDGE_CURVE('',#1188,#1189,#718,.T.);
#1539=EDGE_CURVE('',#1182,#1189,#417,.T.);
#1540=EDGE_CURVE('',#1190,#1190,#418,.T.);
#1541=EDGE_CURVE('',#1191,#1168,#419,.T.);
#1542=EDGE_CURVE('',#1191,#1178,#719,.T.);
#1543=EDGE_CURVE('',#1154,#1191,#720,.T.);
#1544=EDGE_CURVE('',#1180,#1153,#721,.T.);
#1545=EDGE_CURVE('',#1152,#1181,#722,.T.);
#1546=EDGE_CURVE('',#1173,#1151,#723,.T.);
#1547=EDGE_CURVE('',#1150,#1174,#724,.T.);
#1548=EDGE_CURVE('',#1175,#1149,#725,.T.);
#1549=EDGE_CURVE('',#1187,#1192,#726,.T.);
#1550=EDGE_CURVE('',#1192,#1193,#420,.T.);
#1551=EDGE_CURVE('',#1193,#1188,#727,.T.);
#1552=EDGE_CURVE('',#1194,#1186,#728,.T.);
#1553=EDGE_CURVE('',#1192,#1194,#729,.T.);
#1554=EDGE_CURVE('',#1185,#1195,#730,.T.);
#1555=EDGE_CURVE('',#1195,#1194,#421,.T.);
#1556=EDGE_CURVE('',#1196,#1184,#731,.T.);
#1557=EDGE_CURVE('',#1195,#1196,#732,.T.);
#1558=EDGE_CURVE('',#1189,#1197,#733,.T.);
#1559=EDGE_CURVE('',#1197,#1198,#422,.T.);
#1560=EDGE_CURVE('',#1198,#1182,#734,.T.);
#1561=EDGE_CURVE('',#1197,#1193,#735,.T.);
#1562=EDGE_CURVE('',#1183,#1199,#736,.T.);
#1563=EDGE_CURVE('',#1199,#1196,#423,.T.);
#1564=EDGE_CURVE('',#1199,#1198,#737,.T.);
#1565=EDGE_CURVE('',#1190,#1200,#738,.T.);
#1566=EDGE_CURVE('',#1200,#1200,#424,.T.);
#1567=EDGE_CURVE('',#1156,#1201,#739,.T.);
#1568=EDGE_CURVE('',#1202,#1201,#740,.T.);
#1569=EDGE_CURVE('',#1157,#1202,#741,.T.);
#1570=EDGE_CURVE('',#1146,#1202,#742,.T.);
#1571=EDGE_CURVE('',#1201,#1158,#743,.T.);
#1572=ORIENTED_EDGE('',*,*,#1203,.T.);
#1573=ORIENTED_EDGE('',*,*,#1204,.T.);
#1574=ORIENTED_EDGE('',*,*,#1205,.T.);
#1575=ORIENTED_EDGE('',*,*,#1206,.T.);
#1576=ORIENTED_EDGE('',*,*,#1207,.T.);
#1577=ORIENTED_EDGE('',*,*,#1208,.T.);
#1578=ORIENTED_EDGE('',*,*,#1203,.F.);
#1579=ORIENTED_EDGE('',*,*,#1209,.T.);
#1580=ORIENTED_EDGE('',*,*,#1210,.T.);
#1581=ORIENTED_EDGE('',*,*,#1211,.T.);
#1582=ORIENTED_EDGE('',*,*,#1207,.F.);
#1583=ORIENTED_EDGE('',*,*,#1212,.T.);
#1584=ORIENTED_EDGE('',*,*,#1213,.T.);
#1585=ORIENTED_EDGE('',*,*,#1214,.T.);
#1586=ORIENTED_EDGE('',*,*,#1210,.F.);
#1587=ORIENTED_EDGE('',*,*,#1215,.T.);
#1588=ORIENTED_EDGE('',*,*,#1216,.T.);
#1589=ORIENTED_EDGE('',*,*,#1217,.T.);
#1590=ORIENTED_EDGE('',*,*,#1213,.F.);
#1591=ORIENTED_EDGE('',*,*,#1218,.T.);
#1592=ORIENTED_EDGE('',*,*,#1219,.T.);
#1593=ORIENTED_EDGE('',*,*,#1220,.T.);
#1594=ORIENTED_EDGE('',*,*,#1216,.F.);
#1595=ORIENTED_EDGE('',*,*,#1221,.T.);
#1596=ORIENTED_EDGE('',*,*,#1222,.T.);
#1597=ORIENTED_EDGE('',*,*,#1223,.T.);
#1598=ORIENTED_EDGE('',*,*,#1219,.F.);
#1599=ORIENTED_EDGE('',*,*,#1224,.T.);
#1600=ORIENTED_EDGE('',*,*,#1225,.T.);
#1601=ORIENTED_EDGE('',*,*,#1226,.T.);
#1602=ORIENTED_EDGE('',*,*,#1222,.F.);
#1603=ORIENTED_EDGE('',*,*,#1227,.T.);
#1604=ORIENTED_EDGE('',*,*,#1228,.T.);
#1605=ORIENTED_EDGE('',*,*,#1229,.T.);
#1606=ORIENTED_EDGE('',*,*,#1225,.F.);
#1607=ORIENTED_EDGE('',*,*,#1230,.T.);
#1608=ORIENTED_EDGE('',*,*,#1231,.T.);
#1609=ORIENTED_EDGE('',*,*,#1232,.T.);
#1610=ORIENTED_EDGE('',*,*,#1228,.F.);
#1611=ORIENTED_EDGE('',*,*,#1233,.T.);
#1612=ORIENTED_EDGE('',*,*,#1234,.F.);
#1613=ORIENTED_EDGE('',*,*,#1235,.T.);
#1614=ORIENTED_EDGE('',*,*,#1236,.F.);
#1615=ORIENTED_EDGE('',*,*,#1237,.T.);
#1616=ORIENTED_EDGE('',*,*,#1238,.T.);
#1617=ORIENTED_EDGE('',*,*,#1239,.T.);
#1618=ORIENTED_EDGE('',*,*,#1240,.F.);
#1619=ORIENTED_EDGE('',*,*,#1241,.F.);
#1620=ORIENTED_EDGE('',*,*,#1242,.T.);
#1621=ORIENTED_EDGE('',*,*,#1243,.T.);
#1622=ORIENTED_EDGE('',*,*,#1238,.F.);
#1623=ORIENTED_EDGE('',*,*,#1244,.F.);
#1624=ORIENTED_EDGE('',*,*,#1245,.T.);
#1625=ORIENTED_EDGE('',*,*,#1246,.T.);
#1626=ORIENTED_EDGE('',*,*,#1242,.F.);
#1627=ORIENTED_EDGE('',*,*,#1247,.F.);
#1628=ORIENTED_EDGE('',*,*,#1248,.T.);
#1629=ORIENTED_EDGE('',*,*,#1249,.T.);
#1630=ORIENTED_EDGE('',*,*,#1245,.F.);
#1631=ORIENTED_EDGE('',*,*,#1250,.F.);
#1632=ORIENTED_EDGE('',*,*,#1251,.T.);
#1633=ORIENTED_EDGE('',*,*,#1252,.T.);
#1634=ORIENTED_EDGE('',*,*,#1248,.F.);
#1635=ORIENTED_EDGE('',*,*,#1253,.F.);
#1636=ORIENTED_EDGE('',*,*,#1254,.T.);
#1637=ORIENTED_EDGE('',*,*,#1255,.T.);
#1638=ORIENTED_EDGE('',*,*,#1251,.F.);
#1639=ORIENTED_EDGE('',*,*,#1256,.F.);
#1640=ORIENTED_EDGE('',*,*,#1257,.T.);
#1641=ORIENTED_EDGE('',*,*,#1258,.T.);
#1642=ORIENTED_EDGE('',*,*,#1254,.F.);
#1643=ORIENTED_EDGE('',*,*,#1259,.F.);
#1644=ORIENTED_EDGE('',*,*,#1260,.T.);
#1645=ORIENTED_EDGE('',*,*,#1261,.T.);
#1646=ORIENTED_EDGE('',*,*,#1257,.F.);
#1647=ORIENTED_EDGE('',*,*,#1262,.F.);
#1648=ORIENTED_EDGE('',*,*,#1263,.T.);
#1649=ORIENTED_EDGE('',*,*,#1264,.T.);
#1650=ORIENTED_EDGE('',*,*,#1260,.F.);
#1651=ORIENTED_EDGE('',*,*,#1265,.F.);
#1652=ORIENTED_EDGE('',*,*,#1266,.T.);
#1653=ORIENTED_EDGE('',*,*,#1267,.T.);
#1654=ORIENTED_EDGE('',*,*,#1263,.F.);
#1655=ORIENTED_EDGE('',*,*,#1268,.F.);
#1656=ORIENTED_EDGE('',*,*,#1269,.F.);
#1657=ORIENTED_EDGE('',*,*,#1270,.F.);
#1658=ORIENTED_EDGE('',*,*,#1271,.F.);
#1659=ORIENTED_EDGE('',*,*,#1272,.T.);
#1660=ORIENTED_EDGE('',*,*,#1273,.T.);
#1661=ORIENTED_EDGE('',*,*,#1274,.T.);
#1662=ORIENTED_EDGE('',*,*,#1275,.T.);
#1663=ORIENTED_EDGE('',*,*,#1276,.T.);
#1664=ORIENTED_EDGE('',*,*,#1277,.T.);
#1665=ORIENTED_EDGE('',*,*,#1278,.T.);
#1666=ORIENTED_EDGE('',*,*,#1273,.F.);
#1667=ORIENTED_EDGE('',*,*,#1279,.T.);
#1668=ORIENTED_EDGE('',*,*,#1280,.T.);
#1669=ORIENTED_EDGE('',*,*,#1281,.T.);
#1670=ORIENTED_EDGE('',*,*,#1277,.F.);
#1671=ORIENTED_EDGE('',*,*,#1282,.T.);
#1672=ORIENTED_EDGE('',*,*,#1283,.T.);
#1673=ORIENTED_EDGE('',*,*,#1284,.T.);
#1674=ORIENTED_EDGE('',*,*,#1280,.F.);
#1675=ORIENTED_EDGE('',*,*,#1285,.T.);
#1676=ORIENTED_EDGE('',*,*,#1286,.T.);
#1677=ORIENTED_EDGE('',*,*,#1287,.T.);
#1678=ORIENTED_EDGE('',*,*,#1283,.F.);
#1679=ORIENTED_EDGE('',*,*,#1288,.T.);
#1680=ORIENTED_EDGE('',*,*,#1289,.T.);
#1681=ORIENTED_EDGE('',*,*,#1290,.T.);
#1682=ORIENTED_EDGE('',*,*,#1286,.F.);
#1683=ORIENTED_EDGE('',*,*,#1291,.T.);
#1684=ORIENTED_EDGE('',*,*,#1292,.T.);
#1685=ORIENTED_EDGE('',*,*,#1293,.T.);
#1686=ORIENTED_EDGE('',*,*,#1289,.F.);
#1687=ORIENTED_EDGE('',*,*,#1294,.T.);
#1688=ORIENTED_EDGE('',*,*,#1295,.T.);
#1689=ORIENTED_EDGE('',*,*,#1296,.T.);
#1690=ORIENTED_EDGE('',*,*,#1292,.F.);
#1691=ORIENTED_EDGE('',*,*,#1297,.T.);
#1692=ORIENTED_EDGE('',*,*,#1298,.T.);
#1693=ORIENTED_EDGE('',*,*,#1299,.T.);
#1694=ORIENTED_EDGE('',*,*,#1295,.F.);
#1695=ORIENTED_EDGE('',*,*,#1300,.T.);
#1696=ORIENTED_EDGE('',*,*,#1301,.T.);
#1697=ORIENTED_EDGE('',*,*,#1302,.T.);
#1698=ORIENTED_EDGE('',*,*,#1298,.F.);
#1699=ORIENTED_EDGE('',*,*,#1303,.T.);
#1700=ORIENTED_EDGE('',*,*,#1304,.F.);
#1701=ORIENTED_EDGE('',*,*,#1305,.T.);
#1702=ORIENTED_EDGE('',*,*,#1306,.F.);
#1703=ORIENTED_EDGE('',*,*,#1307,.T.);
#1704=ORIENTED_EDGE('',*,*,#1308,.T.);
#1705=ORIENTED_EDGE('',*,*,#1309,.T.);
#1706=ORIENTED_EDGE('',*,*,#1310,.F.);
#1707=ORIENTED_EDGE('',*,*,#1311,.F.);
#1708=ORIENTED_EDGE('',*,*,#1312,.T.);
#1709=ORIENTED_EDGE('',*,*,#1313,.T.);
#1710=ORIENTED_EDGE('',*,*,#1308,.F.);
#1711=ORIENTED_EDGE('',*,*,#1314,.F.);
#1712=ORIENTED_EDGE('',*,*,#1315,.T.);
#1713=ORIENTED_EDGE('',*,*,#1316,.T.);
#1714=ORIENTED_EDGE('',*,*,#1312,.F.);
#1715=ORIENTED_EDGE('',*,*,#1317,.F.);
#1716=ORIENTED_EDGE('',*,*,#1318,.T.);
#1717=ORIENTED_EDGE('',*,*,#1319,.T.);
#1718=ORIENTED_EDGE('',*,*,#1315,.F.);
#1719=ORIENTED_EDGE('',*,*,#1320,.F.);
#1720=ORIENTED_EDGE('',*,*,#1321,.T.);
#1721=ORIENTED_EDGE('',*,*,#1322,.T.);
#1722=ORIENTED_EDGE('',*,*,#1318,.F.);
#1723=ORIENTED_EDGE('',*,*,#1323,.F.);
#1724=ORIENTED_EDGE('',*,*,#1324,.T.);
#1725=ORIENTED_EDGE('',*,*,#1325,.T.);
#1726=ORIENTED_EDGE('',*,*,#1321,.F.);
#1727=ORIENTED_EDGE('',*,*,#1326,.F.);
#1728=ORIENTED_EDGE('',*,*,#1327,.T.);
#1729=ORIENTED_EDGE('',*,*,#1328,.T.);
#1730=ORIENTED_EDGE('',*,*,#1324,.F.);
#1731=ORIENTED_EDGE('',*,*,#1329,.F.);
#1732=ORIENTED_EDGE('',*,*,#1330,.T.);
#1733=ORIENTED_EDGE('',*,*,#1331,.T.);
#1734=ORIENTED_EDGE('',*,*,#1327,.F.);
#1735=ORIENTED_EDGE('',*,*,#1332,.F.);
#1736=ORIENTED_EDGE('',*,*,#1333,.T.);
#1737=ORIENTED_EDGE('',*,*,#1334,.T.);
#1738=ORIENTED_EDGE('',*,*,#1330,.F.);
#1739=ORIENTED_EDGE('',*,*,#1335,.F.);
#1740=ORIENTED_EDGE('',*,*,#1336,.T.);
#1741=ORIENTED_EDGE('',*,*,#1337,.T.);
#1742=ORIENTED_EDGE('',*,*,#1333,.F.);
#1743=ORIENTED_EDGE('',*,*,#1338,.F.);
#1744=ORIENTED_EDGE('',*,*,#1339,.F.);
#1745=ORIENTED_EDGE('',*,*,#1340,.F.);
#1746=ORIENTED_EDGE('',*,*,#1341,.F.);
#1747=ORIENTED_EDGE('',*,*,#1342,.T.);
#1748=ORIENTED_EDGE('',*,*,#1343,.T.);
#1749=ORIENTED_EDGE('',*,*,#1344,.T.);
#1750=ORIENTED_EDGE('',*,*,#1345,.T.);
#1751=ORIENTED_EDGE('',*,*,#1346,.T.);
#1752=ORIENTED_EDGE('',*,*,#1347,.T.);
#1753=ORIENTED_EDGE('',*,*,#1348,.T.);
#1754=ORIENTED_EDGE('',*,*,#1349,.T.);
#1755=ORIENTED_EDGE('',*,*,#1350,.T.);
#1756=ORIENTED_EDGE('',*,*,#1351,.T.);
#1757=ORIENTED_EDGE('',*,*,#1352,.T.);
#1758=ORIENTED_EDGE('',*,*,#1353,.T.);
#1759=ORIENTED_EDGE('',*,*,#1354,.T.);
#1760=ORIENTED_EDGE('',*,*,#1355,.T.);
#1761=ORIENTED_EDGE('',*,*,#1356,.T.);
#1762=ORIENTED_EDGE('',*,*,#1357,.T.);
#1763=ORIENTED_EDGE('',*,*,#1358,.T.);
#1764=ORIENTED_EDGE('',*,*,#1359,.T.);
#1765=ORIENTED_EDGE('',*,*,#1360,.T.);
#1766=ORIENTED_EDGE('',*,*,#1361,.T.);
#1767=ORIENTED_EDGE('',*,*,#1362,.T.);
#1768=ORIENTED_EDGE('',*,*,#1363,.T.);
#1769=ORIENTED_EDGE('',*,*,#1364,.F.);
#1770=ORIENTED_EDGE('',*,*,#1362,.F.);
#1771=ORIENTED_EDGE('',*,*,#1365,.F.);
#1772=ORIENTED_EDGE('',*,*,#1366,.F.);
#1773=ORIENTED_EDGE('',*,*,#1367,.F.);
#1774=ORIENTED_EDGE('',*,*,#1368,.F.);
#1775=ORIENTED_EDGE('',*,*,#1369,.T.);
#1776=ORIENTED_EDGE('',*,*,#1370,.F.);
#1777=ORIENTED_EDGE('',*,*,#1366,.T.);
#1778=ORIENTED_EDGE('',*,*,#1371,.T.);
#1779=ORIENTED_EDGE('',*,*,#1372,.T.);
#1780=ORIENTED_EDGE('',*,*,#1372,.F.);
#1781=ORIENTED_EDGE('',*,*,#1373,.F.);
#1782=ORIENTED_EDGE('',*,*,#1349,.F.);
#1783=ORIENTED_EDGE('',*,*,#1374,.F.);
#1784=ORIENTED_EDGE('',*,*,#1360,.F.);
#1785=ORIENTED_EDGE('',*,*,#1375,.F.);
#1786=ORIENTED_EDGE('',*,*,#1343,.F.);
#1787=ORIENTED_EDGE('',*,*,#1376,.F.);
#1788=ORIENTED_EDGE('',*,*,#1377,.T.);
#1789=ORIENTED_EDGE('',*,*,#1363,.F.);
#1790=ORIENTED_EDGE('',*,*,#1367,.T.);
#1791=ORIENTED_EDGE('',*,*,#1370,.T.);
#1792=ORIENTED_EDGE('',*,*,#1378,.T.);
#1793=ORIENTED_EDGE('',*,*,#1379,.F.);
#1794=ORIENTED_EDGE('',*,*,#1380,.F.);
#1795=ORIENTED_EDGE('',*,*,#1381,.T.);
#1796=ORIENTED_EDGE('',*,*,#1374,.T.);
#1797=ORIENTED_EDGE('',*,*,#1348,.F.);
#1798=ORIENTED_EDGE('',*,*,#1382,.F.);
#1799=ORIENTED_EDGE('',*,*,#1383,.T.);
#1800=ORIENTED_EDGE('',*,*,#1368,.T.);
#1801=ORIENTED_EDGE('',*,*,#1384,.T.);
#1802=ORIENTED_EDGE('',*,*,#1385,.T.);
#1803=ORIENTED_EDGE('',*,*,#1386,.T.);
#1804=ORIENTED_EDGE('',*,*,#1351,.F.);
#1805=ORIENTED_EDGE('',*,*,#1376,.T.);
#1806=ORIENTED_EDGE('',*,*,#1358,.F.);
#1807=ORIENTED_EDGE('',*,*,#1387,.F.);
#1808=ORIENTED_EDGE('',*,*,#1388,.F.);
#1809=ORIENTED_EDGE('',*,*,#1384,.F.);
#1810=ORIENTED_EDGE('',*,*,#1350,.F.);
#1811=ORIENTED_EDGE('',*,*,#1373,.T.);
#1812=ORIENTED_EDGE('',*,*,#1371,.F.);
#1813=ORIENTED_EDGE('',*,*,#1365,.T.);
#1814=ORIENTED_EDGE('',*,*,#1361,.F.);
#1815=ORIENTED_EDGE('',*,*,#1389,.T.);
#1816=ORIENTED_EDGE('',*,*,#1390,.T.);
#1817=ORIENTED_EDGE('',*,*,#1353,.F.);
#1818=ORIENTED_EDGE('',*,*,#1391,.T.);
#1819=ORIENTED_EDGE('',*,*,#1390,.F.);
#1820=ORIENTED_EDGE('',*,*,#1392,.F.);
#1821=ORIENTED_EDGE('',*,*,#1393,.F.);
#1822=ORIENTED_EDGE('',*,*,#1354,.F.);
#1823=ORIENTED_EDGE('',*,*,#1394,.T.);
#1824=ORIENTED_EDGE('',*,*,#1395,.T.);
#1825=ORIENTED_EDGE('',*,*,#1355,.F.);
#1826=ORIENTED_EDGE('',*,*,#1393,.T.);
#1827=ORIENTED_EDGE('',*,*,#1396,.T.);
#1828=ORIENTED_EDGE('',*,*,#1387,.T.);
#1829=ORIENTED_EDGE('',*,*,#1357,.F.);
#1830=ORIENTED_EDGE('',*,*,#1397,.T.);
#1831=ORIENTED_EDGE('',*,*,#1385,.F.);
#1832=ORIENTED_EDGE('',*,*,#1388,.T.);
#1833=ORIENTED_EDGE('',*,*,#1396,.F.);
#1834=ORIENTED_EDGE('',*,*,#1398,.T.);
#1835=ORIENTED_EDGE('',*,*,#1394,.F.);
#1836=ORIENTED_EDGE('',*,*,#1392,.T.);
#1837=ORIENTED_EDGE('',*,*,#1389,.F.);
#1838=ORIENTED_EDGE('',*,*,#1399,.T.);
#1839=ORIENTED_EDGE('',*,*,#1400,.T.);
#1840=ORIENTED_EDGE('',*,*,#1401,.T.);
#1841=ORIENTED_EDGE('',*,*,#1382,.T.);
#1842=ORIENTED_EDGE('',*,*,#1347,.F.);
#1843=ORIENTED_EDGE('',*,*,#1402,.T.);
#1844=ORIENTED_EDGE('',*,*,#1403,.T.);
#1845=ORIENTED_EDGE('',*,*,#1400,.F.);
#1846=ORIENTED_EDGE('',*,*,#1346,.F.);
#1847=ORIENTED_EDGE('',*,*,#1404,.T.);
#1848=ORIENTED_EDGE('',*,*,#1405,.T.);
#1849=ORIENTED_EDGE('',*,*,#1402,.F.);
#1850=ORIENTED_EDGE('',*,*,#1345,.F.);
#1851=ORIENTED_EDGE('',*,*,#1375,.T.);
#1852=ORIENTED_EDGE('',*,*,#1359,.F.);
#1853=ORIENTED_EDGE('',*,*,#1406,.T.);
#1854=ORIENTED_EDGE('',*,*,#1404,.F.);
#1855=ORIENTED_EDGE('',*,*,#1344,.F.);
#1856=ORIENTED_EDGE('',*,*,#1377,.F.);
#1857=ORIENTED_EDGE('',*,*,#1407,.F.);
#1858=ORIENTED_EDGE('',*,*,#1408,.F.);
#1859=ORIENTED_EDGE('',*,*,#1409,.F.);
#1860=ORIENTED_EDGE('',*,*,#1378,.F.);
#1861=ORIENTED_EDGE('',*,*,#1369,.F.);
#1862=ORIENTED_EDGE('',*,*,#1383,.F.);
#1863=ORIENTED_EDGE('',*,*,#1401,.F.);
#1864=ORIENTED_EDGE('',*,*,#1403,.F.);
#1865=ORIENTED_EDGE('',*,*,#1405,.F.);
#1866=ORIENTED_EDGE('',*,*,#1406,.F.);
#1867=ORIENTED_EDGE('',*,*,#1364,.T.);
#1868=ORIENTED_EDGE('',*,*,#1409,.T.);
#1869=ORIENTED_EDGE('',*,*,#1410,.F.);
#1870=ORIENTED_EDGE('',*,*,#1411,.F.);
#1871=ORIENTED_EDGE('',*,*,#1379,.T.);
#1872=ORIENTED_EDGE('',*,*,#1339,.T.);
#1873=ORIENTED_EDGE('',*,*,#1412,.T.);
#1874=ORIENTED_EDGE('',*,*,#1336,.F.);
#1875=ORIENTED_EDGE('',*,*,#1413,.F.);
#1876=ORIENTED_EDGE('',*,*,#1414,.F.);
#1877=ORIENTED_EDGE('',*,*,#1309,.F.);
#1878=ORIENTED_EDGE('',*,*,#1313,.F.);
#1879=ORIENTED_EDGE('',*,*,#1316,.F.);
#1880=ORIENTED_EDGE('',*,*,#1319,.F.);
#1881=ORIENTED_EDGE('',*,*,#1322,.F.);
#1882=ORIENTED_EDGE('',*,*,#1325,.F.);
#1883=ORIENTED_EDGE('',*,*,#1328,.F.);
#1884=ORIENTED_EDGE('',*,*,#1331,.F.);
#1885=ORIENTED_EDGE('',*,*,#1334,.F.);
#1886=ORIENTED_EDGE('',*,*,#1337,.F.);
#1887=ORIENTED_EDGE('',*,*,#1412,.F.);
#1888=ORIENTED_EDGE('',*,*,#1342,.F.);
#1889=ORIENTED_EDGE('',*,*,#1415,.F.);
#1890=ORIENTED_EDGE('',*,*,#1305,.F.);
#1891=ORIENTED_EDGE('',*,*,#1416,.F.);
#1892=ORIENTED_EDGE('',*,*,#1303,.F.);
#1893=ORIENTED_EDGE('',*,*,#1300,.F.);
#1894=ORIENTED_EDGE('',*,*,#1297,.F.);
#1895=ORIENTED_EDGE('',*,*,#1294,.F.);
#1896=ORIENTED_EDGE('',*,*,#1291,.F.);
#1897=ORIENTED_EDGE('',*,*,#1288,.F.);
#1898=ORIENTED_EDGE('',*,*,#1285,.F.);
#1899=ORIENTED_EDGE('',*,*,#1282,.F.);
#1900=ORIENTED_EDGE('',*,*,#1279,.F.);
#1901=ORIENTED_EDGE('',*,*,#1276,.F.);
#1902=ORIENTED_EDGE('',*,*,#1417,.F.);
#1903=ORIENTED_EDGE('',*,*,#1274,.F.);
#1904=ORIENTED_EDGE('',*,*,#1278,.F.);
#1905=ORIENTED_EDGE('',*,*,#1281,.F.);
#1906=ORIENTED_EDGE('',*,*,#1284,.F.);
#1907=ORIENTED_EDGE('',*,*,#1287,.F.);
#1908=ORIENTED_EDGE('',*,*,#1290,.F.);
#1909=ORIENTED_EDGE('',*,*,#1293,.F.);
#1910=ORIENTED_EDGE('',*,*,#1296,.F.);
#1911=ORIENTED_EDGE('',*,*,#1299,.F.);
#1912=ORIENTED_EDGE('',*,*,#1302,.F.);
#1913=ORIENTED_EDGE('',*,*,#1418,.F.);
#1914=ORIENTED_EDGE('',*,*,#1307,.F.);
#1915=ORIENTED_EDGE('',*,*,#1419,.F.);
#1916=ORIENTED_EDGE('',*,*,#1340,.T.);
#1917=ORIENTED_EDGE('',*,*,#1413,.T.);
#1918=ORIENTED_EDGE('',*,*,#1338,.T.);
#1919=ORIENTED_EDGE('',*,*,#1335,.T.);
#1920=ORIENTED_EDGE('',*,*,#1332,.T.);
#1921=ORIENTED_EDGE('',*,*,#1329,.T.);
#1922=ORIENTED_EDGE('',*,*,#1326,.T.);
#1923=ORIENTED_EDGE('',*,*,#1323,.T.);
#1924=ORIENTED_EDGE('',*,*,#1320,.T.);
#1925=ORIENTED_EDGE('',*,*,#1317,.T.);
#1926=ORIENTED_EDGE('',*,*,#1314,.T.);
#1927=ORIENTED_EDGE('',*,*,#1311,.T.);
#1928=ORIENTED_EDGE('',*,*,#1304,.T.);
#1929=ORIENTED_EDGE('',*,*,#1418,.T.);
#1930=ORIENTED_EDGE('',*,*,#1301,.F.);
#1931=ORIENTED_EDGE('',*,*,#1416,.T.);
#1932=ORIENTED_EDGE('',*,*,#1417,.T.);
#1933=ORIENTED_EDGE('',*,*,#1310,.T.);
#1934=ORIENTED_EDGE('',*,*,#1414,.T.);
#1935=ORIENTED_EDGE('',*,*,#1275,.F.);
#1936=ORIENTED_EDGE('',*,*,#1420,.F.);
#1937=ORIENTED_EDGE('',*,*,#1421,.T.);
#1938=ORIENTED_EDGE('',*,*,#1422,.F.);
#1939=ORIENTED_EDGE('',*,*,#1421,.F.);
#1940=ORIENTED_EDGE('',*,*,#1420,.T.);
#1941=ORIENTED_EDGE('',*,*,#1419,.T.);
#1942=ORIENTED_EDGE('',*,*,#1306,.T.);
#1943=ORIENTED_EDGE('',*,*,#1415,.T.);
#1944=ORIENTED_EDGE('',*,*,#1341,.T.);
#1945=ORIENTED_EDGE('',*,*,#1423,.T.);
#1946=ORIENTED_EDGE('',*,*,#1380,.T.);
#1947=ORIENTED_EDGE('',*,*,#1411,.T.);
#1948=ORIENTED_EDGE('',*,*,#1424,.T.);
#1949=ORIENTED_EDGE('',*,*,#1422,.T.);
#1950=ORIENTED_EDGE('',*,*,#1425,.F.);
#1951=ORIENTED_EDGE('',*,*,#1426,.F.);
#1952=ORIENTED_EDGE('',*,*,#1427,.F.);
#1953=ORIENTED_EDGE('',*,*,#1428,.F.);
#1954=ORIENTED_EDGE('',*,*,#1429,.T.);
#1955=ORIENTED_EDGE('',*,*,#1407,.T.);
#1956=ORIENTED_EDGE('',*,*,#1381,.F.);
#1957=ORIENTED_EDGE('',*,*,#1423,.F.);
#1958=ORIENTED_EDGE('',*,*,#1430,.T.);
#1959=ORIENTED_EDGE('',*,*,#1408,.T.);
#1960=ORIENTED_EDGE('',*,*,#1430,.F.);
#1961=ORIENTED_EDGE('',*,*,#1424,.F.);
#1962=ORIENTED_EDGE('',*,*,#1410,.T.);
#1963=ORIENTED_EDGE('',*,*,#1431,.F.);
#1964=ORIENTED_EDGE('',*,*,#1432,.F.);
#1965=ORIENTED_EDGE('',*,*,#1433,.F.);
#1966=ORIENTED_EDGE('',*,*,#1434,.F.);
#1967=ORIENTED_EDGE('',*,*,#1433,.T.);
#1968=ORIENTED_EDGE('',*,*,#1435,.T.);
#1969=ORIENTED_EDGE('',*,*,#1436,.F.);
#1970=ORIENTED_EDGE('',*,*,#1437,.F.);
#1971=ORIENTED_EDGE('',*,*,#1432,.T.);
#1972=ORIENTED_EDGE('',*,*,#1438,.T.);
#1973=ORIENTED_EDGE('',*,*,#1439,.F.);
#1974=ORIENTED_EDGE('',*,*,#1435,.F.);
#1975=ORIENTED_EDGE('',*,*,#1427,.T.);
#1976=ORIENTED_EDGE('',*,*,#1440,.T.);
#1977=ORIENTED_EDGE('',*,*,#1441,.F.);
#1978=ORIENTED_EDGE('',*,*,#1442,.T.);
#1979=ORIENTED_EDGE('',*,*,#1443,.T.);
#1980=ORIENTED_EDGE('',*,*,#1444,.T.);
#1981=ORIENTED_EDGE('',*,*,#1445,.F.);
#1982=ORIENTED_EDGE('',*,*,#1446,.F.);
#1983=ORIENTED_EDGE('',*,*,#1426,.T.);
#1984=ORIENTED_EDGE('',*,*,#1447,.T.);
#1985=ORIENTED_EDGE('',*,*,#1448,.F.);
#1986=ORIENTED_EDGE('',*,*,#1440,.F.);
#1987=ORIENTED_EDGE('',*,*,#1442,.F.);
#1988=ORIENTED_EDGE('',*,*,#1449,.F.);
#1989=ORIENTED_EDGE('',*,*,#1450,.F.);
#1990=ORIENTED_EDGE('',*,*,#1451,.F.);
#1991=ORIENTED_EDGE('',*,*,#1444,.F.);
#1992=ORIENTED_EDGE('',*,*,#1452,.T.);
#1993=ORIENTED_EDGE('',*,*,#1453,.F.);
#1994=ORIENTED_EDGE('',*,*,#1454,.F.);
#1995=ORIENTED_EDGE('',*,*,#1443,.F.);
#1996=ORIENTED_EDGE('',*,*,#1451,.T.);
#1997=ORIENTED_EDGE('',*,*,#1455,.F.);
#1998=ORIENTED_EDGE('',*,*,#1452,.F.);
#1999=ORIENTED_EDGE('',*,*,#1431,.T.);
#2000=ORIENTED_EDGE('',*,*,#1456,.T.);
#2001=ORIENTED_EDGE('',*,*,#1457,.F.);
#2002=ORIENTED_EDGE('',*,*,#1453,.T.);
#2003=ORIENTED_EDGE('',*,*,#1455,.T.);
#2004=ORIENTED_EDGE('',*,*,#1450,.T.);
#2005=ORIENTED_EDGE('',*,*,#1458,.F.);
#2006=ORIENTED_EDGE('',*,*,#1438,.F.);
#2007=ORIENTED_EDGE('',*,*,#1434,.T.);
#2008=ORIENTED_EDGE('',*,*,#1437,.T.);
#2009=ORIENTED_EDGE('',*,*,#1459,.F.);
#2010=ORIENTED_EDGE('',*,*,#1456,.F.);
#2011=ORIENTED_EDGE('',*,*,#1425,.T.);
#2012=ORIENTED_EDGE('',*,*,#1460,.T.);
#2013=ORIENTED_EDGE('',*,*,#1461,.F.);
#2014=ORIENTED_EDGE('',*,*,#1447,.F.);
#2015=ORIENTED_EDGE('',*,*,#1428,.T.);
#2016=ORIENTED_EDGE('',*,*,#1446,.T.);
#2017=ORIENTED_EDGE('',*,*,#1462,.F.);
#2018=ORIENTED_EDGE('',*,*,#1460,.F.);
#2019=ORIENTED_EDGE('',*,*,#1454,.T.);
#2020=ORIENTED_EDGE('',*,*,#1457,.T.);
#2021=ORIENTED_EDGE('',*,*,#1459,.T.);
#2022=ORIENTED_EDGE('',*,*,#1436,.T.);
#2023=ORIENTED_EDGE('',*,*,#1439,.T.);
#2024=ORIENTED_EDGE('',*,*,#1458,.T.);
#2025=ORIENTED_EDGE('',*,*,#1449,.T.);
#2026=ORIENTED_EDGE('',*,*,#1441,.T.);
#2027=ORIENTED_EDGE('',*,*,#1448,.T.);
#2028=ORIENTED_EDGE('',*,*,#1461,.T.);
#2029=ORIENTED_EDGE('',*,*,#1462,.T.);
#2030=ORIENTED_EDGE('',*,*,#1445,.T.);
#2031=ORIENTED_EDGE('',*,*,#1386,.F.);
#2032=ORIENTED_EDGE('',*,*,#1399,.F.);
#2033=ORIENTED_EDGE('',*,*,#1391,.F.);
#2034=ORIENTED_EDGE('',*,*,#1352,.F.);
#2035=ORIENTED_EDGE('',*,*,#1395,.F.);
#2036=ORIENTED_EDGE('',*,*,#1398,.F.);
#2037=ORIENTED_EDGE('',*,*,#1397,.F.);
#2038=ORIENTED_EDGE('',*,*,#1356,.F.);
#2039=ORIENTED_EDGE('',*,*,#1269,.T.);
#2040=ORIENTED_EDGE('',*,*,#1463,.T.);
#2041=ORIENTED_EDGE('',*,*,#1266,.F.);
#2042=ORIENTED_EDGE('',*,*,#1464,.F.);
#2043=ORIENTED_EDGE('',*,*,#1465,.F.);
#2044=ORIENTED_EDGE('',*,*,#1239,.F.);
#2045=ORIENTED_EDGE('',*,*,#1243,.F.);
#2046=ORIENTED_EDGE('',*,*,#1246,.F.);
#2047=ORIENTED_EDGE('',*,*,#1249,.F.);
#2048=ORIENTED_EDGE('',*,*,#1252,.F.);
#2049=ORIENTED_EDGE('',*,*,#1255,.F.);
#2050=ORIENTED_EDGE('',*,*,#1258,.F.);
#2051=ORIENTED_EDGE('',*,*,#1261,.F.);
#2052=ORIENTED_EDGE('',*,*,#1264,.F.);
#2053=ORIENTED_EDGE('',*,*,#1267,.F.);
#2054=ORIENTED_EDGE('',*,*,#1463,.F.);
#2055=ORIENTED_EDGE('',*,*,#1272,.F.);
#2056=ORIENTED_EDGE('',*,*,#1466,.F.);
#2057=ORIENTED_EDGE('',*,*,#1235,.F.);
#2058=ORIENTED_EDGE('',*,*,#1467,.F.);
#2059=ORIENTED_EDGE('',*,*,#1233,.F.);
#2060=ORIENTED_EDGE('',*,*,#1230,.F.);
#2061=ORIENTED_EDGE('',*,*,#1227,.F.);
#2062=ORIENTED_EDGE('',*,*,#1224,.F.);
#2063=ORIENTED_EDGE('',*,*,#1221,.F.);
#2064=ORIENTED_EDGE('',*,*,#1218,.F.);
#2065=ORIENTED_EDGE('',*,*,#1215,.F.);
#2066=ORIENTED_EDGE('',*,*,#1212,.F.);
#2067=ORIENTED_EDGE('',*,*,#1209,.F.);
#2068=ORIENTED_EDGE('',*,*,#1206,.F.);
#2069=ORIENTED_EDGE('',*,*,#1468,.F.);
#2070=ORIENTED_EDGE('',*,*,#1204,.F.);
#2071=ORIENTED_EDGE('',*,*,#1208,.F.);
#2072=ORIENTED_EDGE('',*,*,#1211,.F.);
#2073=ORIENTED_EDGE('',*,*,#1214,.F.);
#2074=ORIENTED_EDGE('',*,*,#1217,.F.);
#2075=ORIENTED_EDGE('',*,*,#1220,.F.);
#2076=ORIENTED_EDGE('',*,*,#1223,.F.);
#2077=ORIENTED_EDGE('',*,*,#1226,.F.);
#2078=ORIENTED_EDGE('',*,*,#1229,.F.);
#2079=ORIENTED_EDGE('',*,*,#1232,.F.);
#2080=ORIENTED_EDGE('',*,*,#1469,.F.);
#2081=ORIENTED_EDGE('',*,*,#1237,.F.);
#2082=ORIENTED_EDGE('',*,*,#1470,.F.);
#2083=ORIENTED_EDGE('',*,*,#1270,.T.);
#2084=ORIENTED_EDGE('',*,*,#1464,.T.);
#2085=ORIENTED_EDGE('',*,*,#1268,.T.);
#2086=ORIENTED_EDGE('',*,*,#1265,.T.);
#2087=ORIENTED_EDGE('',*,*,#1262,.T.);
#2088=ORIENTED_EDGE('',*,*,#1259,.T.);
#2089=ORIENTED_EDGE('',*,*,#1256,.T.);
#2090=ORIENTED_EDGE('',*,*,#1253,.T.);
#2091=ORIENTED_EDGE('',*,*,#1250,.T.);
#2092=ORIENTED_EDGE('',*,*,#1247,.T.);
#2093=ORIENTED_EDGE('',*,*,#1244,.T.);
#2094=ORIENTED_EDGE('',*,*,#1241,.T.);
#2095=ORIENTED_EDGE('',*,*,#1234,.T.);
#2096=ORIENTED_EDGE('',*,*,#1469,.T.);
#2097=ORIENTED_EDGE('',*,*,#1231,.F.);
#2098=ORIENTED_EDGE('',*,*,#1467,.T.);
#2099=ORIENTED_EDGE('',*,*,#1468,.T.);
#2100=ORIENTED_EDGE('',*,*,#1240,.T.);
#2101=ORIENTED_EDGE('',*,*,#1465,.T.);
#2102=ORIENTED_EDGE('',*,*,#1205,.F.);
#2103=ORIENTED_EDGE('',*,*,#1471,.F.);
#2104=ORIENTED_EDGE('',*,*,#1472,.T.);
#2105=ORIENTED_EDGE('',*,*,#1429,.F.);
#2106=ORIENTED_EDGE('',*,*,#1472,.F.);
#2107=ORIENTED_EDGE('',*,*,#1471,.T.);
#2108=ORIENTED_EDGE('',*,*,#1470,.T.);
#2109=ORIENTED_EDGE('',*,*,#1236,.T.);
#2110=ORIENTED_EDGE('',*,*,#1466,.T.);
#2111=ORIENTED_EDGE('',*,*,#1271,.T.);
#2112=ORIENTED_EDGE('',*,*,#1473,.F.);
#2113=ORIENTED_EDGE('',*,*,#1474,.T.);
#2114=ORIENTED_EDGE('',*,*,#1475,.T.);
#2115=ORIENTED_EDGE('',*,*,#1476,.F.);
#2116=ORIENTED_EDGE('',*,*,#1477,.F.);
#2117=ORIENTED_EDGE('',*,*,#1478,.F.);
#2118=ORIENTED_EDGE('',*,*,#1479,.T.);
#2119=ORIENTED_EDGE('',*,*,#1480,.F.);
#2120=ORIENTED_EDGE('',*,*,#1479,.F.);
#2121=ORIENTED_EDGE('',*,*,#1481,.F.);
#2122=ORIENTED_EDGE('',*,*,#1475,.F.);
#2123=ORIENTED_EDGE('',*,*,#1482,.F.);
#2124=ORIENTED_EDGE('',*,*,#1477,.T.);
#2125=ORIENTED_EDGE('',*,*,#1483,.F.);
#2126=ORIENTED_EDGE('',*,*,#1484,.T.);
#2127=ORIENTED_EDGE('',*,*,#1485,.F.);
#2128=ORIENTED_EDGE('',*,*,#1486,.F.);
#2129=ORIENTED_EDGE('',*,*,#1487,.F.);
#2130=ORIENTED_EDGE('',*,*,#1488,.F.);
#2131=ORIENTED_EDGE('',*,*,#1489,.F.);
#2132=ORIENTED_EDGE('',*,*,#1490,.F.);
#2133=ORIENTED_EDGE('',*,*,#1491,.F.);
#2134=ORIENTED_EDGE('',*,*,#1492,.F.);
#2135=ORIENTED_EDGE('',*,*,#1493,.F.);
#2136=ORIENTED_EDGE('',*,*,#1494,.T.);
#2137=ORIENTED_EDGE('',*,*,#1495,.T.);
#2138=ORIENTED_EDGE('',*,*,#1496,.T.);
#2139=ORIENTED_EDGE('',*,*,#1497,.T.);
#2140=ORIENTED_EDGE('',*,*,#1483,.T.);
#2141=ORIENTED_EDGE('',*,*,#1480,.T.);
#2142=ORIENTED_EDGE('',*,*,#1482,.T.);
#2143=ORIENTED_EDGE('',*,*,#1474,.F.);
#2144=ORIENTED_EDGE('',*,*,#1473,.T.);
#2145=ORIENTED_EDGE('',*,*,#1498,.F.);
#2146=ORIENTED_EDGE('',*,*,#1499,.F.);
#2147=ORIENTED_EDGE('',*,*,#1494,.F.);
#2148=ORIENTED_EDGE('',*,*,#1500,.F.);
#2149=ORIENTED_EDGE('',*,*,#1501,.F.);
#2150=ORIENTED_EDGE('',*,*,#1502,.T.);
#2151=ORIENTED_EDGE('',*,*,#1503,.F.);
#2152=ORIENTED_EDGE('',*,*,#1504,.F.);
#2153=ORIENTED_EDGE('',*,*,#1505,.F.);
#2154=ORIENTED_EDGE('',*,*,#1506,.T.);
#2155=ORIENTED_EDGE('',*,*,#1507,.F.);
#2156=ORIENTED_EDGE('',*,*,#1508,.F.);
#2157=ORIENTED_EDGE('',*,*,#1502,.F.);
#2158=ORIENTED_EDGE('',*,*,#1509,.F.);
#2159=ORIENTED_EDGE('',*,*,#1506,.F.);
#2160=ORIENTED_EDGE('',*,*,#1507,.T.);
#2161=ORIENTED_EDGE('',*,*,#1509,.T.);
#2162=ORIENTED_EDGE('',*,*,#1501,.T.);
#2163=ORIENTED_EDGE('',*,*,#1510,.F.);
#2164=ORIENTED_EDGE('',*,*,#1511,.F.);
#2165=ORIENTED_EDGE('',*,*,#1486,.T.);
#2166=ORIENTED_EDGE('',*,*,#1512,.F.);
#2167=ORIENTED_EDGE('',*,*,#1513,.F.);
#2168=ORIENTED_EDGE('',*,*,#1514,.T.);
#2169=ORIENTED_EDGE('',*,*,#1515,.T.);
#2170=ORIENTED_EDGE('',*,*,#1516,.T.);
#2171=ORIENTED_EDGE('',*,*,#1517,.F.);
#2172=ORIENTED_EDGE('',*,*,#1500,.T.);
#2173=ORIENTED_EDGE('',*,*,#1518,.T.);
#2174=ORIENTED_EDGE('',*,*,#1519,.F.);
#2175=ORIENTED_EDGE('',*,*,#1520,.T.);
#2176=ORIENTED_EDGE('',*,*,#1521,.F.);
#2177=ORIENTED_EDGE('',*,*,#1510,.T.);
#2178=ORIENTED_EDGE('',*,*,#1522,.F.);
#2179=ORIENTED_EDGE('',*,*,#1516,.F.);
#2180=ORIENTED_EDGE('',*,*,#1523,.T.);
#2181=ORIENTED_EDGE('',*,*,#1524,.F.);
#2182=ORIENTED_EDGE('',*,*,#1525,.F.);
#2183=ORIENTED_EDGE('',*,*,#1526,.F.);
#2184=ORIENTED_EDGE('',*,*,#1527,.T.);
#2185=ORIENTED_EDGE('',*,*,#1514,.F.);
#2186=ORIENTED_EDGE('',*,*,#1528,.F.);
#2187=ORIENTED_EDGE('',*,*,#1523,.F.);
#2188=ORIENTED_EDGE('',*,*,#1515,.F.);
#2189=ORIENTED_EDGE('',*,*,#1527,.F.);
#2190=ORIENTED_EDGE('',*,*,#1504,.T.);
#2191=ORIENTED_EDGE('',*,*,#1517,.T.);
#2192=ORIENTED_EDGE('',*,*,#1522,.T.);
#2193=ORIENTED_EDGE('',*,*,#1529,.T.);
#2194=ORIENTED_EDGE('',*,*,#1530,.F.);
#2195=ORIENTED_EDGE('',*,*,#1531,.T.);
#2196=ORIENTED_EDGE('',*,*,#1532,.T.);
#2197=ORIENTED_EDGE('',*,*,#1533,.F.);
#2198=ORIENTED_EDGE('',*,*,#1534,.T.);
#2199=ORIENTED_EDGE('',*,*,#1535,.F.);
#2200=ORIENTED_EDGE('',*,*,#1536,.T.);
#2201=ORIENTED_EDGE('',*,*,#1537,.F.);
#2202=ORIENTED_EDGE('',*,*,#1538,.T.);
#2203=ORIENTED_EDGE('',*,*,#1539,.F.);
#2204=ORIENTED_EDGE('',*,*,#1540,.T.);
#2205=ORIENTED_EDGE('',*,*,#1525,.T.);
#2206=ORIENTED_EDGE('',*,*,#1513,.T.);
#2207=ORIENTED_EDGE('',*,*,#1541,.F.);
#2208=ORIENTED_EDGE('',*,*,#1542,.T.);
#2209=ORIENTED_EDGE('',*,*,#1541,.T.);
#2210=ORIENTED_EDGE('',*,*,#1512,.T.);
#2211=ORIENTED_EDGE('',*,*,#1493,.T.);
#2212=ORIENTED_EDGE('',*,*,#1543,.T.);
#2213=ORIENTED_EDGE('',*,*,#1530,.T.);
#2214=ORIENTED_EDGE('',*,*,#1544,.T.);
#2215=ORIENTED_EDGE('',*,*,#1491,.T.);
#2216=ORIENTED_EDGE('',*,*,#1545,.T.);
#2217=ORIENTED_EDGE('',*,*,#1505,.T.);
#2218=ORIENTED_EDGE('',*,*,#1531,.F.);
#2219=ORIENTED_EDGE('',*,*,#1545,.F.);
#2220=ORIENTED_EDGE('',*,*,#1490,.T.);
#2221=ORIENTED_EDGE('',*,*,#1546,.F.);
#2222=ORIENTED_EDGE('',*,*,#1518,.F.);
#2223=ORIENTED_EDGE('',*,*,#1503,.T.);
#2224=ORIENTED_EDGE('',*,*,#1508,.T.);
#2225=ORIENTED_EDGE('',*,*,#1519,.T.);
#2226=ORIENTED_EDGE('',*,*,#1546,.T.);
#2227=ORIENTED_EDGE('',*,*,#1489,.T.);
#2228=ORIENTED_EDGE('',*,*,#1547,.T.);
#2229=ORIENTED_EDGE('',*,*,#1521,.T.);
#2230=ORIENTED_EDGE('',*,*,#1548,.T.);
#2231=ORIENTED_EDGE('',*,*,#1487,.T.);
#2232=ORIENTED_EDGE('',*,*,#1511,.T.);
#2233=ORIENTED_EDGE('',*,*,#1537,.T.);
#2234=ORIENTED_EDGE('',*,*,#1549,.T.);
#2235=ORIENTED_EDGE('',*,*,#1550,.T.);
#2236=ORIENTED_EDGE('',*,*,#1551,.T.);
#2237=ORIENTED_EDGE('',*,*,#1549,.F.);
#2238=ORIENTED_EDGE('',*,*,#1536,.F.);
#2239=ORIENTED_EDGE('',*,*,#1552,.F.);
#2240=ORIENTED_EDGE('',*,*,#1553,.F.);
#2241=ORIENTED_EDGE('',*,*,#1535,.T.);
#2242=ORIENTED_EDGE('',*,*,#1554,.T.);
#2243=ORIENTED_EDGE('',*,*,#1555,.T.);
#2244=ORIENTED_EDGE('',*,*,#1552,.T.);
#2245=ORIENTED_EDGE('',*,*,#1554,.F.);
#2246=ORIENTED_EDGE('',*,*,#1534,.F.);
#2247=ORIENTED_EDGE('',*,*,#1556,.F.);
#2248=ORIENTED_EDGE('',*,*,#1557,.F.);
#2249=ORIENTED_EDGE('',*,*,#1539,.T.);
#2250=ORIENTED_EDGE('',*,*,#1558,.T.);
#2251=ORIENTED_EDGE('',*,*,#1559,.T.);
#2252=ORIENTED_EDGE('',*,*,#1560,.T.);
#2253=ORIENTED_EDGE('',*,*,#1551,.F.);
#2254=ORIENTED_EDGE('',*,*,#1561,.F.);
#2255=ORIENTED_EDGE('',*,*,#1558,.F.);
#2256=ORIENTED_EDGE('',*,*,#1538,.F.);
#2257=ORIENTED_EDGE('',*,*,#1533,.T.);
#2258=ORIENTED_EDGE('',*,*,#1562,.T.);
#2259=ORIENTED_EDGE('',*,*,#1563,.T.);
#2260=ORIENTED_EDGE('',*,*,#1556,.T.);
#2261=ORIENTED_EDGE('',*,*,#1560,.F.);
#2262=ORIENTED_EDGE('',*,*,#1564,.F.);
#2263=ORIENTED_EDGE('',*,*,#1562,.F.);
#2264=ORIENTED_EDGE('',*,*,#1532,.F.);
#2265=ORIENTED_EDGE('',*,*,#1540,.F.);
#2266=ORIENTED_EDGE('',*,*,#1565,.T.);
#2267=ORIENTED_EDGE('',*,*,#1566,.F.);
#2268=ORIENTED_EDGE('',*,*,#1565,.F.);
#2269=ORIENTED_EDGE('',*,*,#1496,.F.);
#2270=ORIENTED_EDGE('',*,*,#1567,.T.);
#2271=ORIENTED_EDGE('',*,*,#1568,.F.);
#2272=ORIENTED_EDGE('',*,*,#1569,.F.);
#2273=ORIENTED_EDGE('',*,*,#1497,.F.);
#2274=ORIENTED_EDGE('',*,*,#1569,.T.);
#2275=ORIENTED_EDGE('',*,*,#1570,.F.);
#2276=ORIENTED_EDGE('',*,*,#1484,.F.);
#2277=ORIENTED_EDGE('',*,*,#1495,.F.);
#2278=ORIENTED_EDGE('',*,*,#1499,.T.);
#2279=ORIENTED_EDGE('',*,*,#1571,.F.);
#2280=ORIENTED_EDGE('',*,*,#1567,.F.);
#2281=ORIENTED_EDGE('',*,*,#1478,.T.);
#2282=ORIENTED_EDGE('',*,*,#1485,.T.);
#2283=ORIENTED_EDGE('',*,*,#1570,.T.);
#2284=ORIENTED_EDGE('',*,*,#1568,.T.);
#2285=ORIENTED_EDGE('',*,*,#1571,.T.);
#2286=ORIENTED_EDGE('',*,*,#1498,.T.);
#2287=ORIENTED_EDGE('',*,*,#1476,.T.);
#2288=ORIENTED_EDGE('',*,*,#1481,.T.);
#2289=ORIENTED_EDGE('',*,*,#1564,.T.);
#2290=ORIENTED_EDGE('',*,*,#1559,.F.);
#2291=ORIENTED_EDGE('',*,*,#1561,.T.);
#2292=ORIENTED_EDGE('',*,*,#1550,.F.);
#2293=ORIENTED_EDGE('',*,*,#1553,.T.);
#2294=ORIENTED_EDGE('',*,*,#1555,.F.);
#2295=ORIENTED_EDGE('',*,*,#1557,.T.);
#2296=ORIENTED_EDGE('',*,*,#1563,.F.);
#2297=ORIENTED_EDGE('',*,*,#1566,.T.);
#2298=ORIENTED_EDGE('',*,*,#1547,.F.);
#2299=ORIENTED_EDGE('',*,*,#1488,.T.);
#2300=ORIENTED_EDGE('',*,*,#1548,.F.);
#2301=ORIENTED_EDGE('',*,*,#1520,.F.);
#2302=ORIENTED_EDGE('',*,*,#1526,.T.);
#2303=ORIENTED_EDGE('',*,*,#1542,.F.);
#2304=ORIENTED_EDGE('',*,*,#1543,.F.);
#2305=ORIENTED_EDGE('',*,*,#1492,.T.);
#2306=ORIENTED_EDGE('',*,*,#1544,.F.);
#2307=ORIENTED_EDGE('',*,*,#1529,.F.);
#2308=ORIENTED_EDGE('',*,*,#1524,.T.);
#2309=ORIENTED_EDGE('',*,*,#1528,.T.);
#2310=CYLINDRICAL_SURFACE('',#2524,1.03775);
#2311=CYLINDRICAL_SURFACE('',#2526,1.03775);
#2312=CYLINDRICAL_SURFACE('',#2527,1.03775);
#2313=CYLINDRICAL_SURFACE('',#2528,1.03775);
#2314=CYLINDRICAL_SURFACE('',#2529,1.03775);
#2315=CYLINDRICAL_SURFACE('',#2530,1.03775);
#2316=CYLINDRICAL_SURFACE('',#2531,1.03775);
#2317=CYLINDRICAL_SURFACE('',#2532,1.03775);
#2318=CYLINDRICAL_SURFACE('',#2533,1.03775);
#2319=CYLINDRICAL_SURFACE('',#2534,1.03775);
#2320=CYLINDRICAL_SURFACE('',#2535,1.03775);
#2321=CYLINDRICAL_SURFACE('',#2537,1.29);
#2322=CYLINDRICAL_SURFACE('',#2539,1.29);
#2323=CYLINDRICAL_SURFACE('',#2540,1.29);
#2324=CYLINDRICAL_SURFACE('',#2541,1.29);
#2325=CYLINDRICAL_SURFACE('',#2542,1.29);
#2326=CYLINDRICAL_SURFACE('',#2543,1.29);
#2327=CYLINDRICAL_SURFACE('',#2544,1.29);
#2328=CYLINDRICAL_SURFACE('',#2545,1.29);
#2329=CYLINDRICAL_SURFACE('',#2546,1.29);
#2330=CYLINDRICAL_SURFACE('',#2547,1.29);
#2331=CYLINDRICAL_SURFACE('',#2548,1.29);
#2332=CYLINDRICAL_SURFACE('',#2550,1.03775);
#2333=CYLINDRICAL_SURFACE('',#2552,1.03775);
#2334=CYLINDRICAL_SURFACE('',#2553,1.03775);
#2335=CYLINDRICAL_SURFACE('',#2554,1.03775);
#2336=CYLINDRICAL_SURFACE('',#2555,1.03775);
#2337=CYLINDRICAL_SURFACE('',#2556,1.03775);
#2338=CYLINDRICAL_SURFACE('',#2557,1.03775);
#2339=CYLINDRICAL_SURFACE('',#2558,1.03775);
#2340=CYLINDRICAL_SURFACE('',#2559,1.03775);
#2341=CYLINDRICAL_SURFACE('',#2560,1.03775);
#2342=CYLINDRICAL_SURFACE('',#2561,1.03775);
#2343=CYLINDRICAL_SURFACE('',#2563,1.29000000000001);
#2344=CYLINDRICAL_SURFACE('',#2565,1.29000000000001);
#2345=CYLINDRICAL_SURFACE('',#2566,1.29000000000001);
#2346=CYLINDRICAL_SURFACE('',#2567,1.29000000000001);
#2347=CYLINDRICAL_SURFACE('',#2568,1.29000000000001);
#2348=CYLINDRICAL_SURFACE('',#2569,1.29000000000001);
#2349=CYLINDRICAL_SURFACE('',#2570,1.29000000000001);
#2350=CYLINDRICAL_SURFACE('',#2571,1.29000000000001);
#2351=CYLINDRICAL_SURFACE('',#2572,1.29000000000001);
#2352=CYLINDRICAL_SURFACE('',#2573,1.29000000000001);
#2353=CYLINDRICAL_SURFACE('',#2574,1.29000000000001);
#2354=CYLINDRICAL_SURFACE('',#2581,1.);
#2355=CYLINDRICAL_SURFACE('',#2586,1.);
#2356=CYLINDRICAL_SURFACE('',#2594,3.);
#2357=CYLINDRICAL_SURFACE('',#2597,3.);
#2358=CYLINDRICAL_SURFACE('',#2600,3.);
#2359=CYLINDRICAL_SURFACE('',#2602,3.);
#2360=CYLINDRICAL_SURFACE('',#2611,1.29000000000001);
#2361=CYLINDRICAL_SURFACE('',#2612,1.03775);
#2362=CYLINDRICAL_SURFACE('',#2614,2.5);
#2363=CYLINDRICAL_SURFACE('',#2637,1.29);
#2364=CYLINDRICAL_SURFACE('',#2638,1.03775);
#2365=CYLINDRICAL_SURFACE('',#2640,2.5);
#2366=CYLINDRICAL_SURFACE('',#2668,3.);
#2367=CYLINDRICAL_SURFACE('',#2669,3.);
#2368=CYLINDRICAL_SURFACE('',#2671,3.);
#2369=CYLINDRICAL_SURFACE('',#2672,3.);
#2370=CYLINDRICAL_SURFACE('',#2673,2.);
#2371=CYLINDRICAL_SURFACE('',#2676,2.);
#2372=CYLINDRICAL_SURFACE('',#2679,2.);
#2373=CYLINDRICAL_SURFACE('',#2682,2.);
#2374=CYLINDRICAL_SURFACE('',#2685,17.8308);
#2375=ADVANCED_FACE('',(#105),#2310,.F.);
#2376=ADVANCED_FACE('',(#106),#2311,.F.);
#2377=ADVANCED_FACE('',(#107),#2312,.F.);
#2378=ADVANCED_FACE('',(#108),#2313,.F.);
#2379=ADVANCED_FACE('',(#109),#2314,.F.);
#2380=ADVANCED_FACE('',(#110),#2315,.F.);
#2381=ADVANCED_FACE('',(#111),#2316,.F.);
#2382=ADVANCED_FACE('',(#112),#2317,.F.);
#2383=ADVANCED_FACE('',(#113),#2318,.F.);
#2384=ADVANCED_FACE('',(#114),#2319,.F.);
#2385=ADVANCED_FACE('',(#115),#2320,.F.);
#2386=ADVANCED_FACE('',(#116),#2321,.F.);
#2387=ADVANCED_FACE('',(#117),#2322,.F.);
#2388=ADVANCED_FACE('',(#118),#2323,.F.);
#2389=ADVANCED_FACE('',(#119),#2324,.F.);
#2390=ADVANCED_FACE('',(#120),#2325,.F.);
#2391=ADVANCED_FACE('',(#121),#2326,.F.);
#2392=ADVANCED_FACE('',(#122),#2327,.F.);
#2393=ADVANCED_FACE('',(#123),#2328,.F.);
#2394=ADVANCED_FACE('',(#124),#2329,.F.);
#2395=ADVANCED_FACE('',(#125),#2330,.F.);
#2396=ADVANCED_FACE('',(#126),#2331,.F.);
#2397=ADVANCED_FACE('',(#127),#2332,.F.);
#2398=ADVANCED_FACE('',(#128),#2333,.F.);
#2399=ADVANCED_FACE('',(#129),#2334,.F.);
#2400=ADVANCED_FACE('',(#130),#2335,.F.);
#2401=ADVANCED_FACE('',(#131),#2336,.F.);
#2402=ADVANCED_FACE('',(#132),#2337,.F.);
#2403=ADVANCED_FACE('',(#133),#2338,.F.);
#2404=ADVANCED_FACE('',(#134),#2339,.F.);
#2405=ADVANCED_FACE('',(#135),#2340,.F.);
#2406=ADVANCED_FACE('',(#136),#2341,.F.);
#2407=ADVANCED_FACE('',(#137),#2342,.F.);
#2408=ADVANCED_FACE('',(#138),#2343,.F.);
#2409=ADVANCED_FACE('',(#139),#2344,.F.);
#2410=ADVANCED_FACE('',(#140),#2345,.F.);
#2411=ADVANCED_FACE('',(#141),#2346,.F.);
#2412=ADVANCED_FACE('',(#142),#2347,.F.);
#2413=ADVANCED_FACE('',(#143),#2348,.F.);
#2414=ADVANCED_FACE('',(#144),#2349,.F.);
#2415=ADVANCED_FACE('',(#145),#2350,.F.);
#2416=ADVANCED_FACE('',(#146),#2351,.F.);
#2417=ADVANCED_FACE('',(#147),#2352,.F.);
#2418=ADVANCED_FACE('',(#148),#2353,.F.);
#2419=ADVANCED_FACE('',(#149),#45,.T.);
#2420=ADVANCED_FACE('',(#150),#2354,.F.);
#2421=ADVANCED_FACE('',(#151),#46,.F.);
#2422=ADVANCED_FACE('',(#152),#2355,.F.);
#2423=ADVANCED_FACE('',(#153),#47,.F.);
#2424=ADVANCED_FACE('',(#154),#48,.F.);
#2425=ADVANCED_FACE('',(#155),#49,.T.);
#2426=ADVANCED_FACE('',(#156),#50,.F.);
#2427=ADVANCED_FACE('',(#157),#2356,.T.);
#2428=ADVANCED_FACE('',(#158),#51,.T.);
#2429=ADVANCED_FACE('',(#159),#2357,.T.);
#2430=ADVANCED_FACE('',(#160),#52,.T.);
#2431=ADVANCED_FACE('',(#161),#2358,.T.);
#2432=ADVANCED_FACE('',(#162),#2359,.T.);
#2433=ADVANCED_FACE('',(#163),#53,.T.);
#2434=ADVANCED_FACE('',(#164),#54,.F.);
#2435=ADVANCED_FACE('',(#165),#55,.F.);
#2436=ADVANCED_FACE('',(#166),#56,.F.);
#2437=ADVANCED_FACE('',(#167),#57,.F.);
#2438=ADVANCED_FACE('',(#168),#58,.F.);
#2439=ADVANCED_FACE('',(#169),#59,.T.);
#2440=ADVANCED_FACE('',(#170),#2360,.F.);
#2441=ADVANCED_FACE('',(#171),#40,.F.);
#2442=ADVANCED_FACE('',(#172),#41,.F.);
#2443=ADVANCED_FACE('',(#173),#2361,.F.);
#2444=ADVANCED_FACE('',(#174),#60,.T.);
#2445=ADVANCED_FACE('',(#175),#2362,.T.);
#2446=ADVANCED_FACE('',(#176,#30),#61,.F.);
#2447=ADVANCED_FACE('',(#177,#31,#32,#33),#62,.F.);
#2448=ADVANCED_FACE('',(#178),#63,.T.);
#2449=ADVANCED_FACE('',(#179),#64,.T.);
#2450=ADVANCED_FACE('',(#180),#65,.T.);
#2451=ADVANCED_FACE('',(#181),#66,.T.);
#2452=ADVANCED_FACE('',(#182),#67,.T.);
#2453=ADVANCED_FACE('',(#183),#68,.T.);
#2454=ADVANCED_FACE('',(#184),#69,.T.);
#2455=ADVANCED_FACE('',(#185),#70,.F.);
#2456=ADVANCED_FACE('',(#186),#71,.F.);
#2457=ADVANCED_FACE('',(#187),#72,.F.);
#2458=ADVANCED_FACE('',(#188),#73,.T.);
#2459=ADVANCED_FACE('',(#189),#74,.T.);
#2460=ADVANCED_FACE('',(#190),#75,.T.);
#2461=ADVANCED_FACE('',(#191),#76,.T.);
#2462=ADVANCED_FACE('',(#192),#77,.T.);
#2463=ADVANCED_FACE('',(#193),#78,.T.);
#2464=ADVANCED_FACE('',(#194),#79,.T.);
#2465=ADVANCED_FACE('',(#195),#2363,.F.);
#2466=ADVANCED_FACE('',(#196),#42,.F.);
#2467=ADVANCED_FACE('',(#197),#43,.F.);
#2468=ADVANCED_FACE('',(#198),#2364,.F.);
#2469=ADVANCED_FACE('',(#199),#80,.T.);
#2470=ADVANCED_FACE('',(#200),#2365,.T.);
#2471=ADVANCED_FACE('',(#201,#34),#81,.F.);
#2472=ADVANCED_FACE('',(#202),#82,.F.);
#2473=ADVANCED_FACE('',(#203),#83,.F.);
#2474=ADVANCED_FACE('',(#204),#84,.F.);
#2475=ADVANCED_FACE('',(#205),#85,.T.);
#2476=ADVANCED_FACE('',(#206,#35),#86,.F.);
#2477=ADVANCED_FACE('',(#207),#87,.T.);
#2478=ADVANCED_FACE('',(#208),#23,.F.);
#2479=ADVANCED_FACE('',(#209),#24,.F.);
#2480=ADVANCED_FACE('',(#210),#88,.T.);
#2481=ADVANCED_FACE('',(#211),#89,.T.);
#2482=ADVANCED_FACE('',(#212),#90,.T.);
#2483=ADVANCED_FACE('',(#213),#25,.F.);
#2484=ADVANCED_FACE('',(#214),#44,.F.);
#2485=ADVANCED_FACE('',(#215),#91,.T.);
#2486=ADVANCED_FACE('',(#216,#36,#37),#92,.T.);
#2487=ADVANCED_FACE('',(#217),#93,.T.);
#2488=ADVANCED_FACE('',(#218),#2366,.T.);
#2489=ADVANCED_FACE('',(#219),#2367,.T.);
#2490=ADVANCED_FACE('',(#220),#94,.T.);
#2491=ADVANCED_FACE('',(#221),#2368,.T.);
#2492=ADVANCED_FACE('',(#222),#2369,.T.);
#2493=ADVANCED_FACE('',(#223),#2370,.F.);
#2494=ADVANCED_FACE('',(#224),#95,.F.);
#2495=ADVANCED_FACE('',(#225),#2371,.F.);
#2496=ADVANCED_FACE('',(#226),#96,.F.);
#2497=ADVANCED_FACE('',(#227),#2372,.F.);
#2498=ADVANCED_FACE('',(#228),#97,.F.);
#2499=ADVANCED_FACE('',(#229),#2373,.F.);
#2500=ADVANCED_FACE('',(#230),#98,.F.);
#2501=ADVANCED_FACE('',(#231),#2374,.F.);
#2502=ADVANCED_FACE('',(#232),#99,.T.);
#2503=ADVANCED_FACE('',(#233),#100,.T.);
#2504=ADVANCED_FACE('',(#234),#101,.T.);
#2505=ADVANCED_FACE('',(#235,#38,#39),#102,.T.);
#2506=ADVANCED_FACE('',(#236),#103,.T.);
#2507=ADVANCED_FACE('',(#237),#104,.T.);
#2508=CLOSED_SHELL('',(#2375,#2376,#2377,#2378,#2379,#2380,#2381,#2382,
#2383,#2384,#2385,#2386,#2387,#2388,#2389,#2390,#2391,#2392,#2393,#2394,
#2395,#2396,#2397,#2398,#2399,#2400,#2401,#2402,#2403,#2404,#2405,#2406,
#2407,#2408,#2409,#2410,#2411,#2412,#2413,#2414,#2415,#2416,#2417,#2418,
#2419,#2420,#2421,#2422,#2423,#2424,#2425,#2426,#2427,#2428,#2429,#2430,
#2431,#2432,#2433,#2434,#2435,#2436,#2437,#2438,#2439,#2440,#2441,#2442,
#2443,#2444,#2445,#2446,#2447,#2448,#2449,#2450,#2451,#2452,#2453,#2454,
#2455,#2456,#2457,#2458,#2459,#2460,#2461,#2462,#2463,#2464,#2465,#2466,
#2467,#2468,#2469,#2470,#2471));
#2509=CLOSED_SHELL('',(#2472,#2473,#2474,#2475,#2476,#2477,#2478,#2479,
#2480,#2481,#2482,#2483,#2484,#2485,#2486,#2487,#2488,#2489,#2490,#2491,
#2492,#2493,#2494,#2495,#2496,#2497,#2498,#2499,#2500,#2501,#2502,#2503,
#2504,#2505,#2506,#2507));
#2510=DERIVED_UNIT_ELEMENT(#2512,1.);
#2511=DERIVED_UNIT_ELEMENT(#7519,-3.);
#2512=(
MASS_UNIT()
NAMED_UNIT(*)
SI_UNIT(.KILO.,.GRAM.)
);
#2513=DERIVED_UNIT((#2510,#2511));
#2514=MEASURE_REPRESENTATION_ITEM('density measure',
POSITIVE_RATIO_MEASURE(7850.),#2513);
#2515=PROPERTY_DEFINITION_REPRESENTATION(#2520,#2517);
#2516=PROPERTY_DEFINITION_REPRESENTATION(#2521,#2518);
#2517=REPRESENTATION('material name',(#2519),#7516);
#2518=REPRESENTATION('density',(#2514),#7516);
#2519=DESCRIPTIVE_REPRESENTATION_ITEM('Steel','Steel');
#2520=PROPERTY_DEFINITION('material property','material name',#7531);
#2521=PROPERTY_DEFINITION('material property','density of part',#7531);
#2522=AXIS2_PLACEMENT_3D('',#3251,#2694,#2695);
#2523=AXIS2_PLACEMENT_3D('',#3252,#2696,#2697);
#2524=AXIS2_PLACEMENT_3D('',#3253,#2698,#2699);
#2525=AXIS2_PLACEMENT_3D('',#3266,#2701,#2702);
#2526=AXIS2_PLACEMENT_3D('',#3280,#2703,#2704);
#2527=AXIS2_PLACEMENT_3D('',#3328,#2706,#2707);
#2528=AXIS2_PLACEMENT_3D('',#3379,#2709,#2710);
#2529=AXIS2_PLACEMENT_3D('',#3430,#2712,#2713);
#2530=AXIS2_PLACEMENT_3D('',#3478,#2715,#2716);
#2531=AXIS2_PLACEMENT_3D('',#3526,#2718,#2719);
#2532=AXIS2_PLACEMENT_3D('',#3577,#2721,#2722);
#2533=AXIS2_PLACEMENT_3D('',#3628,#2724,#2725);
#2534=AXIS2_PLACEMENT_3D('',#3676,#2727,#2728);
#2535=AXIS2_PLACEMENT_3D('',#3727,#2730,#2731);
#2536=AXIS2_PLACEMENT_3D('',#3746,#2733,#2734);
#2537=AXIS2_PLACEMENT_3D('',#3766,#2735,#2736);
#2538=AXIS2_PLACEMENT_3D('',#3781,#2738,#2739);
#2539=AXIS2_PLACEMENT_3D('',#3791,#2740,#2741);
#2540=AXIS2_PLACEMENT_3D('',#3816,#2743,#2744);
#2541=AXIS2_PLACEMENT_3D('',#3840,#2746,#2747);
#2542=AXIS2_PLACEMENT_3D('',#3865,#2749,#2750);
#2543=AXIS2_PLACEMENT_3D('',#3889,#2752,#2753);
#2544=AXIS2_PLACEMENT_3D('',#3914,#2755,#2756);
#2545=AXIS2_PLACEMENT_3D('',#3938,#2758,#2759);
#2546=AXIS2_PLACEMENT_3D('',#3963,#2761,#2762);
#2547=AXIS2_PLACEMENT_3D('',#3988,#2764,#2765);
#2548=AXIS2_PLACEMENT_3D('',#4012,#2767,#2768);
#2549=AXIS2_PLACEMENT_3D('',#4023,#2770,#2771);
#2550=AXIS2_PLACEMENT_3D('',#4029,#2772,#2773);
#2551=AXIS2_PLACEMENT_3D('',#4042,#2775,#2776);
#2552=AXIS2_PLACEMENT_3D('',#4056,#2777,#2778);
#2553=AXIS2_PLACEMENT_3D('',#4104,#2780,#2781);
#2554=AXIS2_PLACEMENT_3D('',#4155,#2783,#2784);
#2555=AXIS2_PLACEMENT_3D('',#4206,#2786,#2787);
#2556=AXIS2_PLACEMENT_3D('',#4254,#2789,#2790);
#2557=AXIS2_PLACEMENT_3D('',#4302,#2792,#2793);
#2558=AXIS2_PLACEMENT_3D('',#4353,#2795,#2796);
#2559=AXIS2_PLACEMENT_3D('',#4404,#2798,#2799);
#2560=AXIS2_PLACEMENT_3D('',#4452,#2801,#2802);
#2561=AXIS2_PLACEMENT_3D('',#4503,#2804,#2805);
#2562=AXIS2_PLACEMENT_3D('',#4522,#2807,#2808);
#2563=AXIS2_PLACEMENT_3D('',#4542,#2809,#2810);
#2564=AXIS2_PLACEMENT_3D('',#4557,#2812,#2813);
#2565=AXIS2_PLACEMENT_3D('',#4567,#2814,#2815);
#2566=AXIS2_PLACEMENT_3D('',#4592,#2817,#2818);
#2567=AXIS2_PLACEMENT_3D('',#4616,#2820,#2821);
#2568=AXIS2_PLACEMENT_3D('',#4641,#2823,#2824);
#2569=AXIS2_PLACEMENT_3D('',#4665,#2826,#2827);
#2570=AXIS2_PLACEMENT_3D('',#4690,#2829,#2830);
#2571=AXIS2_PLACEMENT_3D('',#4714,#2832,#2833);
#2572=AXIS2_PLACEMENT_3D('',#4739,#2835,#2836);
#2573=AXIS2_PLACEMENT_3D('',#4764,#2838,#2839);
#2574=AXIS2_PLACEMENT_3D('',#4788,#2841,#2842);
#2575=AXIS2_PLACEMENT_3D('',#4799,#2844,#2845);
#2576=AXIS2_PLACEMENT_3D('',#4805,#2846,#2847);
#2577=AXIS2_PLACEMENT_3D('',#4824,#2856,#2857);
#2578=AXIS2_PLACEMENT_3D('',#4828,#2859,#2860);
#2579=AXIS2_PLACEMENT_3D('',#4832,#2862,#2863);
#2580=AXIS2_PLACEMENT_3D('',#4836,#2865,#2866);
#2581=AXIS2_PLACEMENT_3D('',#4838,#2868,#2869);
#2582=AXIS2_PLACEMENT_3D('',#4841,#2870,#2871);
#2583=AXIS2_PLACEMENT_3D('',#4845,#2873,#2874);
#2584=AXIS2_PLACEMENT_3D('',#4849,#2876,#2877);
#2585=AXIS2_PLACEMENT_3D('',#4851,#2879,#2880);
#2586=AXIS2_PLACEMENT_3D('',#4857,#2884,#2885);
#2587=AXIS2_PLACEMENT_3D('',#4860,#2886,#2887);
#2588=AXIS2_PLACEMENT_3D('',#4863,#2889,#2890);
#2589=AXIS2_PLACEMENT_3D('',#4865,#2891,#2892);
#2590=AXIS2_PLACEMENT_3D('',#4867,#2894,#2895);
#2591=AXIS2_PLACEMENT_3D('',#4870,#2898,#2899);
#2592=AXIS2_PLACEMENT_3D('',#4873,#2902,#2903);
#2593=AXIS2_PLACEMENT_3D('',#4883,#2909,#2910);
#2594=AXIS2_PLACEMENT_3D('',#4887,#2913,#2914);
#2595=AXIS2_PLACEMENT_3D('',#4891,#2916,#2917);
#2596=AXIS2_PLACEMENT_3D('',#4893,#2919,#2920);
#2597=AXIS2_PLACEMENT_3D('',#4897,#2923,#2924);
#2598=AXIS2_PLACEMENT_3D('',#4900,#2925,#2926);
#2599=AXIS2_PLACEMENT_3D('',#4903,#2929,#2930);
#2600=AXIS2_PLACEMENT_3D('',#4907,#2933,#2934);
#2601=AXIS2_PLACEMENT_3D('',#4909,#2935,#2936);
#2602=AXIS2_PLACEMENT_3D('',#4911,#2938,#2939);
#2603=AXIS2_PLACEMENT_3D('',#4913,#2940,#2941);
#2604=AXIS2_PLACEMENT_3D('',#4915,#2943,#2944);
#2605=AXIS2_PLACEMENT_3D('',#4918,#2947,#2948);
#2606=AXIS2_PLACEMENT_3D('',#4922,#2951,#2952);
#2607=AXIS2_PLACEMENT_3D('',#4926,#2955,#2956);
#2608=AXIS2_PLACEMENT_3D('',#4930,#2959,#2960);
#2609=AXIS2_PLACEMENT_3D('',#4932,#2962,#2963);
#2610=AXIS2_PLACEMENT_3D('',#4938,#2967,#2968);
#2611=AXIS2_PLACEMENT_3D('',#4942,#2971,#2972);
#2612=AXIS2_PLACEMENT_3D('',#5930,#2973,#2974);
#2613=AXIS2_PLACEMENT_3D('',#5931,#2975,#2976);
#2614=AXIS2_PLACEMENT_3D('',#5932,#2977,#2978);
#2615=AXIS2_PLACEMENT_3D('',#5934,#2979,#2980);
#2616=AXIS2_PLACEMENT_3D('',#5937,#2982,#2983);
#2617=AXIS2_PLACEMENT_3D('',#5938,#2984,#2985);
#2618=AXIS2_PLACEMENT_3D('',#5939,#2986,#2987);
#2619=AXIS2_PLACEMENT_3D('',#5952,#2994,#2995);
#2620=AXIS2_PLACEMENT_3D('',#5953,#2996,#2997);
#2621=AXIS2_PLACEMENT_3D('',#5955,#2999,#3000);
#2622=AXIS2_PLACEMENT_3D('',#5956,#3001,#3002);
#2623=AXIS2_PLACEMENT_3D('',#5965,#3007,#3008);
#2624=AXIS2_PLACEMENT_3D('',#5971,#3012,#3013);
#2625=AXIS2_PLACEMENT_3D('',#5975,#3016,#3017);
#2626=AXIS2_PLACEMENT_3D('',#5989,#3025,#3026);
#2627=AXIS2_PLACEMENT_3D('',#5993,#3029,#3030);
#2628=AXIS2_PLACEMENT_3D('',#5999,#3034,#3035);
#2629=AXIS2_PLACEMENT_3D('',#6005,#3039,#3040);
#2630=AXIS2_PLACEMENT_3D('',#6007,#3042,#3043);
#2631=AXIS2_PLACEMENT_3D('',#6012,#3047,#3048);
#2632=AXIS2_PLACEMENT_3D('',#6014,#3050,#3051);
#2633=AXIS2_PLACEMENT_3D('',#6018,#3054,#3055);
#2634=AXIS2_PLACEMENT_3D('',#6020,#3057,#3058);
#2635=AXIS2_PLACEMENT_3D('',#6021,#3059,#3060);
#2636=AXIS2_PLACEMENT_3D('',#6022,#3061,#3062);
#2637=AXIS2_PLACEMENT_3D('',#6023,#3063,#3064);
#2638=AXIS2_PLACEMENT_3D('',#7011,#3065,#3066);
#2639=AXIS2_PLACEMENT_3D('',#7012,#3067,#3068);
#2640=AXIS2_PLACEMENT_3D('',#7013,#3069,#3070);
#2641=AXIS2_PLACEMENT_3D('',#7015,#3071,#3072);
#2642=AXIS2_PLACEMENT_3D('',#7017,#3074,#3075);
#2643=AXIS2_PLACEMENT_3D('',#7018,#3076,#3077);
#2644=AXIS2_PLACEMENT_3D('',#7027,#3082,#3083);
#2645=AXIS2_PLACEMENT_3D('',#7036,#3088,#3089);
#2646=AXIS2_PLACEMENT_3D('',#7039,#3092,#3093);
#2647=AXIS2_PLACEMENT_3D('',#7045,#3097,#3098);
#2648=AXIS2_PLACEMENT_3D('',#7050,#3100,#3101);
#2649=AXIS2_PLACEMENT_3D('',#7054,#3103,#3104);
#2650=AXIS2_PLACEMENT_3D('',#7058,#3106,#3107);
#2651=AXIS2_PLACEMENT_3D('',#7061,#3109,#3110);
#2652=AXIS2_PLACEMENT_3D('',#7069,#3115,#3116);
#2653=AXIS2_PLACEMENT_3D('',#7245,#3123,#3124);
#2654=AXIS2_PLACEMENT_3D('',#7248,#3127,#3128);
#2655=AXIS2_PLACEMENT_3D('',#7263,#3137,#3138);
#2656=AXIS2_PLACEMENT_3D('',#7267,#3140,#3141);
#2657=AXIS2_PLACEMENT_3D('',#7270,#3143,#3144);
#2658=AXIS2_PLACEMENT_3D('',#7421,#3147,#3148);
#2659=AXIS2_PLACEMENT_3D('',#7423,#3150,#3151);
#2660=AXIS2_PLACEMENT_3D('',#7427,#3153,#3154);
#2661=AXIS2_PLACEMENT_3D('',#7433,#3157,#3158);
#2662=AXIS2_PLACEMENT_3D('',#7437,#3160,#3161);
#2663=AXIS2_PLACEMENT_3D('',#7441,#3163,#3164);
#2664=AXIS2_PLACEMENT_3D('',#7444,#3166,#3167);
#2665=AXIS2_PLACEMENT_3D('',#7446,#3168,#3169);
#2666=AXIS2_PLACEMENT_3D('',#7447,#3170,#3171);
#2667=AXIS2_PLACEMENT_3D('',#7449,#3172,#3173);
#2668=AXIS2_PLACEMENT_3D('',#7451,#3175,#3176);
#2669=AXIS2_PLACEMENT_3D('',#7453,#3178,#3179);
#2670=AXIS2_PLACEMENT_3D('',#7456,#3182,#3183);
#2671=AXIS2_PLACEMENT_3D('',#7458,#3185,#3186);
#2672=AXIS2_PLACEMENT_3D('',#7460,#3188,#3189);
#2673=AXIS2_PLACEMENT_3D('',#7462,#3191,#3192);
#2674=AXIS2_PLACEMENT_3D('',#7466,#3194,#3195);
#2675=AXIS2_PLACEMENT_3D('',#7468,#3197,#3198);
#2676=AXIS2_PLACEMENT_3D('',#7472,#3201,#3202);
#2677=AXIS2_PLACEMENT_3D('',#7475,#3204,#3205);
#2678=AXIS2_PLACEMENT_3D('',#7476,#3206,#3207);
#2679=AXIS2_PLACEMENT_3D('',#7480,#3210,#3211);
#2680=AXIS2_PLACEMENT_3D('',#7484,#3213,#3214);
#2681=AXIS2_PLACEMENT_3D('',#7486,#3216,#3217);
#2682=AXIS2_PLACEMENT_3D('',#7488,#3219,#3220);
#2683=AXIS2_PLACEMENT_3D('',#7491,#3222,#3223);
#2684=AXIS2_PLACEMENT_3D('',#7492,#3224,#3225);
#2685=AXIS2_PLACEMENT_3D('',#7494,#3227,#3228);
#2686=AXIS2_PLACEMENT_3D('',#7497,#3230,#3231);
#2687=AXIS2_PLACEMENT_3D('',#7498,#3232,#3233);
#2688=AXIS2_PLACEMENT_3D('',#7504,#3237,#3238);
#2689=AXIS2_PLACEMENT_3D('',#7506,#3240,#3241);
#2690=AXIS2_PLACEMENT_3D('',#7508,#3243,#3244);
#2691=AXIS2_PLACEMENT_3D('',#7509,#3245,#3246);
#2692=AXIS2_PLACEMENT_3D('',#7510,#3247,#3248);
#2693=AXIS2_PLACEMENT_3D('',#7511,#3249,#3250);
#2694=DIRECTION('axis',(0.,0.,1.));
#2695=DIRECTION('refdir',(1.,0.,0.));
#2696=DIRECTION('axis',(0.,0.,1.));
#2697=DIRECTION('refdir',(1.,0.,0.));
#2698=DIRECTION('center_axis',(0.,0.,-1.));
#2699=DIRECTION('ref_axis',(-1.,0.,0.));
#2700=DIRECTION('',(0.,0.,-1.));
#2701=DIRECTION('center_axis',(0.,0.,-1.));
#2702=DIRECTION('ref_axis',(-1.,0.,0.));
#2703=DIRECTION('center_axis',(0.,0.,-1.));
#2704=DIRECTION('ref_axis',(-1.,0.,0.));
#2705=DIRECTION('',(0.,0.,-1.));
#2706=DIRECTION('center_axis',(0.,0.,-1.));
#2707=DIRECTION('ref_axis',(-1.,0.,0.));
#2708=DIRECTION('',(0.,0.,-1.));
#2709=DIRECTION('center_axis',(0.,0.,-1.));
#2710=DIRECTION('ref_axis',(-1.,0.,0.));
#2711=DIRECTION('',(0.,0.,-1.));
#2712=DIRECTION('center_axis',(0.,0.,-1.));
#2713=DIRECTION('ref_axis',(-1.,0.,0.));
#2714=DIRECTION('',(0.,0.,-1.));
#2715=DIRECTION('center_axis',(0.,0.,-1.));
#2716=DIRECTION('ref_axis',(-1.,0.,0.));
#2717=DIRECTION('',(0.,0.,-1.));
#2718=DIRECTION('center_axis',(0.,0.,-1.));
#2719=DIRECTION('ref_axis',(-1.,0.,0.));
#2720=DIRECTION('',(0.,0.,-1.));
#2721=DIRECTION('center_axis',(0.,0.,-1.));
#2722=DIRECTION('ref_axis',(-1.,0.,0.));
#2723=DIRECTION('',(0.,0.,-1.));
#2724=DIRECTION('center_axis',(0.,0.,-1.));
#2725=DIRECTION('ref_axis',(-1.,0.,0.));
#2726=DIRECTION('',(0.,0.,-1.));
#2727=DIRECTION('center_axis',(0.,0.,-1.));
#2728=DIRECTION('ref_axis',(-1.,0.,0.));
#2729=DIRECTION('',(0.,0.,-1.));
#2730=DIRECTION('center_axis',(0.,0.,-1.));
#2731=DIRECTION('ref_axis',(-0.93484210436611,0.35506371245784,0.));
#2732=DIRECTION('',(0.,0.,-1.));
#2733=DIRECTION('center_axis',(2.67276471009225E-51,3.74700270810992E-15,
1.));
#2734=DIRECTION('ref_axis',(-1.,0.,0.));
#2735=DIRECTION('center_axis',(0.,0.,-1.));
#2736=DIRECTION('ref_axis',(-0.953772065637229,-0.300530941518662,0.));
#2737=DIRECTION('',(-1.22464679914735E-16,5.91727202519299E-30,-1.));
#2738=DIRECTION('center_axis',(0.,0.,1.));
#2739=DIRECTION('ref_axis',(-1.,4.81957282007822E-14,0.));
#2740=DIRECTION('center_axis',(0.,0.,-1.));
#2741=DIRECTION('ref_axis',(-1.,4.81957282007822E-14,0.));
#2742=DIRECTION('',(-1.22464679914735E-16,5.91727202519299E-30,-1.));
#2743=DIRECTION('center_axis',(0.,0.,-1.));
#2744=DIRECTION('ref_axis',(-1.,4.81957282007822E-14,0.));
#2745=DIRECTION('',(-1.22464679914735E-16,5.91727202519299E-30,-1.));
#2746=DIRECTION('center_axis',(0.,0.,-1.));
#2747=DIRECTION('ref_axis',(-1.,4.81957282007822E-14,0.));
#2748=DIRECTION('',(-1.22464679914735E-16,5.91727202519299E-30,-1.));
#2749=DIRECTION('center_axis',(0.,0.,-1.));
#2750=DIRECTION('ref_axis',(-1.,4.81957282007822E-14,0.));
#2751=DIRECTION('',(-1.22464679914735E-16,5.91727202519299E-30,-1.));
#2752=DIRECTION('center_axis',(0.,0.,-1.));
#2753=DIRECTION('ref_axis',(-1.,4.81957282007822E-14,0.));
#2754=DIRECTION('',(-1.22464679914735E-16,5.91727202519299E-30,-1.));
#2755=DIRECTION('center_axis',(0.,0.,-1.));
#2756=DIRECTION('ref_axis',(-1.,4.81957282007822E-14,0.));
#2757=DIRECTION('',(-1.22464679914735E-16,5.91727202519299E-30,-1.));
#2758=DIRECTION('center_axis',(0.,0.,-1.));
#2759=DIRECTION('ref_axis',(-1.,4.81957282007822E-14,0.));
#2760=DIRECTION('',(-1.22464679914735E-16,5.91727202519299E-30,-1.));
#2761=DIRECTION('center_axis',(0.,0.,-1.));
#2762=DIRECTION('ref_axis',(-1.,4.81957282007822E-14,0.));
#2763=DIRECTION('',(-1.22464679914735E-16,5.91727202519299E-30,-1.));
#2764=DIRECTION('center_axis',(0.,0.,-1.));
#2765=DIRECTION('ref_axis',(-1.,4.81957282007822E-14,0.));
#2766=DIRECTION('',(-1.22464679914735E-16,5.91727202519299E-30,-1.));
#2767=DIRECTION('center_axis',(0.,0.,-1.));
#2768=DIRECTION('ref_axis',(0.608522851126222,0.793536350558192,0.));
#2769=DIRECTION('',(-1.22464679914735E-16,5.91727202519299E-30,-1.));
#2770=DIRECTION('center_axis',(-2.67276471009225E-51,-3.74700270810992E-15,
-1.));
#2771=DIRECTION('ref_axis',(-1.,4.81957282007822E-14,0.));
#2772=DIRECTION('center_axis',(0.,0.,-1.));
#2773=DIRECTION('ref_axis',(-1.,0.,0.));
#2774=DIRECTION('',(0.,0.,-1.));
#2775=DIRECTION('center_axis',(0.,0.,-1.));
#2776=DIRECTION('ref_axis',(-1.,0.,0.));
#2777=DIRECTION('center_axis',(0.,0.,-1.));
#2778=DIRECTION('ref_axis',(-1.,0.,0.));
#2779=DIRECTION('',(0.,0.,-1.));
#2780=DIRECTION('center_axis',(0.,0.,-1.));
#2781=DIRECTION('ref_axis',(-1.,0.,0.));
#2782=DIRECTION('',(0.,0.,-1.));
#2783=DIRECTION('center_axis',(0.,0.,-1.));
#2784=DIRECTION('ref_axis',(-1.,0.,0.));
#2785=DIRECTION('',(0.,0.,-1.));
#2786=DIRECTION('center_axis',(0.,0.,-1.));
#2787=DIRECTION('ref_axis',(-1.,0.,0.));
#2788=DIRECTION('',(0.,0.,-1.));
#2789=DIRECTION('center_axis',(0.,0.,-1.));
#2790=DIRECTION('ref_axis',(-1.,0.,0.));
#2791=DIRECTION('',(0.,0.,-1.));
#2792=DIRECTION('center_axis',(0.,0.,-1.));
#2793=DIRECTION('ref_axis',(-1.,0.,0.));
#2794=DIRECTION('',(0.,0.,-1.));
#2795=DIRECTION('center_axis',(0.,0.,-1.));
#2796=DIRECTION('ref_axis',(-1.,0.,0.));
#2797=DIRECTION('',(0.,0.,-1.));
#2798=DIRECTION('center_axis',(0.,0.,-1.));
#2799=DIRECTION('ref_axis',(-1.,0.,0.));
#2800=DIRECTION('',(0.,0.,-1.));
#2801=DIRECTION('center_axis',(0.,0.,-1.));
#2802=DIRECTION('ref_axis',(-1.,0.,0.));
#2803=DIRECTION('',(0.,0.,-1.));
#2804=DIRECTION('center_axis',(0.,0.,-1.));
#2805=DIRECTION('ref_axis',(-0.934841761005933,0.355064616484559,0.));
#2806=DIRECTION('',(0.,0.,-1.));
#2807=DIRECTION('center_axis',(2.67276471009225E-51,3.74700270810992E-15,
1.));
#2808=DIRECTION('ref_axis',(-1.,0.,0.));
#2809=DIRECTION('center_axis',(0.,0.,-1.));
#2810=DIRECTION('ref_axis',(-0.953771865675127,-0.300531576122358,0.));
#2811=DIRECTION('',(-1.22464679914735E-16,6.76045408624523E-30,-1.));
#2812=DIRECTION('center_axis',(0.,0.,1.));
#2813=DIRECTION('ref_axis',(-1.,5.50808322294646E-14,0.));
#2814=DIRECTION('center_axis',(0.,0.,-1.));
#2815=DIRECTION('ref_axis',(-1.,5.50808322294646E-14,0.));
#2816=DIRECTION('',(-1.22464679914735E-16,6.76045408624523E-30,-1.));
#2817=DIRECTION('center_axis',(0.,0.,-1.));
#2818=DIRECTION('ref_axis',(-1.,5.50808322294646E-14,0.));
#2819=DIRECTION('',(-1.22464679914735E-16,6.76045408624523E-30,-1.));
#2820=DIRECTION('center_axis',(0.,0.,-1.));
#2821=DIRECTION('ref_axis',(-1.,5.50808322294646E-14,0.));
#2822=DIRECTION('',(-1.22464679914735E-16,6.76045408624523E-30,-1.));
#2823=DIRECTION('center_axis',(0.,0.,-1.));
#2824=DIRECTION('ref_axis',(-1.,5.50808322294646E-14,0.));
#2825=DIRECTION('',(-1.22464679914735E-16,6.76045408624523E-30,-1.));
#2826=DIRECTION('center_axis',(0.,0.,-1.));
#2827=DIRECTION('ref_axis',(-1.,5.50808322294646E-14,0.));
#2828=DIRECTION('',(-1.22464679914735E-16,6.76045408624523E-30,-1.));
#2829=DIRECTION('center_axis',(0.,0.,-1.));
#2830=DIRECTION('ref_axis',(-1.,5.50808322294646E-14,0.));
#2831=DIRECTION('',(-1.22464679914735E-16,6.76045408624523E-30,-1.));
#2832=DIRECTION('center_axis',(0.,0.,-1.));
#2833=DIRECTION('ref_axis',(-1.,5.50808322294646E-14,0.));
#2834=DIRECTION('',(-1.22464679914735E-16,6.76045408624523E-30,-1.));
#2835=DIRECTION('center_axis',(0.,0.,-1.));
#2836=DIRECTION('ref_axis',(-1.,5.50808322294646E-14,0.));
#2837=DIRECTION('',(-1.22464679914735E-16,6.76045408624523E-30,-1.));
#2838=DIRECTION('center_axis',(0.,0.,-1.));
#2839=DIRECTION('ref_axis',(-1.,5.50808322294646E-14,0.));
#2840=DIRECTION('',(-1.22464679914735E-16,6.76045408624523E-30,-1.));
#2841=DIRECTION('center_axis',(0.,0.,-1.));
#2842=DIRECTION('ref_axis',(0.608523617987498,0.793535762490517,0.));
#2843=DIRECTION('',(-1.22464679914735E-16,6.76045408624523E-30,-1.));
#2844=DIRECTION('center_axis',(-2.67276471009225E-51,-3.74700270810992E-15,
-1.));
#2845=DIRECTION('ref_axis',(-1.,5.50808322294646E-14,0.));
#2846=DIRECTION('center_axis',(0.,3.48168725872256E-15,1.));
#2847=DIRECTION('ref_axis',(1.,0.,0.));
#2848=DIRECTION('',(-1.,0.,0.));
#2849=DIRECTION('',(0.,-1.,3.48168725872256E-15));
#2850=DIRECTION('',(-1.,3.41607079801271E-16,-1.18936901723351E-30));
#2851=DIRECTION('',(0.,1.,-3.48168725872256E-15));
#2852=DIRECTION('',(1.,0.,0.));
#2853=DIRECTION('',(0.,-1.,3.48168725872256E-15));
#2854=DIRECTION('',(1.,0.,0.));
#2855=DIRECTION('',(-1.00148566068563E-65,1.,-3.74700270810992E-15));
#2856=DIRECTION('center_axis',(0.,3.48168725872256E-15,1.));
#2857=DIRECTION('ref_axis',(0.707106781186543,0.707106781186552,-3.14018491736756E-15));
#2858=DIRECTION('',(-1.,1.6447748295107E-16,-6.16297574040762E-31));
#2859=DIRECTION('center_axis',(0.,3.48168725872256E-15,1.));
#2860=DIRECTION('ref_axis',(-0.70710678118655,0.707106781186545,-3.14018491736755E-15));
#2861=DIRECTION('',(1.00148566068563E-65,-1.,3.74700270810992E-15));
#2862=DIRECTION('center_axis',(0.,3.48168725872256E-15,1.));
#2863=DIRECTION('ref_axis',(-0.707106781186552,-0.707106781186543,3.14018491736756E-15));
#2864=DIRECTION('',(1.,-3.2895496590214E-16,1.23259514808152E-30));
#2865=DIRECTION('center_axis',(0.,3.48168725872256E-15,1.));
#2866=DIRECTION('ref_axis',(0.707106781186543,-0.707106781186552,3.14018491736756E-15));
#2867=DIRECTION('',(-1.00148566068563E-65,1.,-3.74700270810992E-15));
#2868=DIRECTION('center_axis',(-1.,0.,0.));
#2869=DIRECTION('ref_axis',(0.,-0.70710678118654,-0.707106781186555));
#2870=DIRECTION('center_axis',(-1.,0.,0.));
#2871=DIRECTION('ref_axis',(0.,-0.70710678118654,-0.707106781186555));
#2872=DIRECTION('',(1.,0.,0.));
#2873=DIRECTION('center_axis',(1.,1.00148566068563E-65,-4.44748975730049E-80));
#2874=DIRECTION('ref_axis',(0.,-0.70710678118654,-0.707106781186555));
#2875=DIRECTION('',(-1.,0.,0.));
#2876=DIRECTION('center_axis',(-1.,-1.00148566068563E-65,3.4868598646025E-80));
#2877=DIRECTION('ref_axis',(0.,-0.70710678118654,-0.707106781186555));
#2878=DIRECTION('',(1.,0.,0.));
#2879=DIRECTION('center_axis',(0.,0.,-1.));
#2880=DIRECTION('ref_axis',(0.,-1.,0.));
#2881=DIRECTION('',(1.00148566068563E-65,-1.,0.));
#2882=DIRECTION('',(1.,0.,0.));
#2883=DIRECTION('',(-1.00148566068563E-65,1.,0.));
#2884=DIRECTION('center_axis',(-1.,0.,0.));
#2885=DIRECTION('ref_axis',(0.,0.707106781186552,-0.707106781186543));
#2886=DIRECTION('center_axis',(-1.,0.,0.));
#2887=DIRECTION('ref_axis',(0.,0.707106781186552,-0.707106781186543));
#2888=DIRECTION('',(-1.,0.,0.));
#2889=DIRECTION('center_axis',(-1.,-1.00148566068563E-65,3.4868598646025E-80));
#2890=DIRECTION('ref_axis',(0.,0.707106781186552,-0.707106781186543));
#2891=DIRECTION('center_axis',(1.,1.00148566068563E-65,-4.44748975730049E-80));
#2892=DIRECTION('ref_axis',(0.,0.707106781186552,-0.707106781186543));
#2893=DIRECTION('',(-1.,0.,0.));
#2894=DIRECTION('center_axis',(0.,1.,0.));
#2895=DIRECTION('ref_axis',(0.,0.,-1.));
#2896=DIRECTION('',(-4.44748975730049E-80,0.,-1.));
#2897=DIRECTION('',(0.,0.,1.));
#2898=DIRECTION('center_axis',(0.,-1.,0.));
#2899=DIRECTION('ref_axis',(-1.98655735887828E-93,0.,1.));
#2900=DIRECTION('',(0.,0.,-1.));
#2901=DIRECTION('',(4.44748975730049E-80,0.,1.));
#2902=DIRECTION('center_axis',(-1.,-1.00148566068563E-65,3.4868598646025E-80));
#2903=DIRECTION('ref_axis',(1.00148566068563E-65,-1.,3.74700270810992E-15));
#2904=DIRECTION('',(-1.00148566068563E-65,1.,0.));
#2905=DIRECTION('',(-1.00148566068563E-65,1.,0.));
#2906=DIRECTION('',(0.,3.48168725872256E-15,1.));
#2907=DIRECTION('',(-1.00148566068563E-65,1.,-3.74700270810992E-15));
#2908=DIRECTION('',(0.,3.48168725872256E-15,1.));
#2909=DIRECTION('center_axis',(1.,0.,0.));
#2910=DIRECTION('ref_axis',(0.,-1.,0.));
#2911=DIRECTION('',(0.,0.,1.));
#2912=DIRECTION('',(0.,1.,0.));
#2913=DIRECTION('center_axis',(0.,4.44089209850063E-15,1.));
#2914=DIRECTION('ref_axis',(0.707106781186543,0.707106781186552,-3.14018491736756E-15));
#2915=DIRECTION('',(0.,-4.44089209850063E-15,-1.));
#2916=DIRECTION('center_axis',(0.,4.44089209850063E-15,1.));
#2917=DIRECTION('ref_axis',(0.707106781186543,0.707106781186552,-3.14018491736756E-15));
#2918=DIRECTION('',(0.,4.44089209850063E-15,1.));
#2919=DIRECTION('center_axis',(1.,1.00148566068563E-65,-4.44748975730049E-80));
#2920=DIRECTION('ref_axis',(1.00148566068563E-65,-1.,3.74700270810992E-15));
#2921=DIRECTION('',(0.,4.44089209850063E-15,1.));
#2922=DIRECTION('',(1.00148566068563E-65,-1.,3.74700270810992E-15));
#2923=DIRECTION('center_axis',(0.,-4.44089209850063E-15,-1.));
#2924=DIRECTION('ref_axis',(-0.70710678118655,0.707106781186545,-3.14018491736755E-15));
#2925=DIRECTION('center_axis',(0.,4.44089209850063E-15,1.));
#2926=DIRECTION('ref_axis',(-0.70710678118655,0.707106781186545,-3.14018491736755E-15));
#2927=DIRECTION('',(0.,4.44089209850063E-15,1.));
#2928=DIRECTION('',(0.,-4.44089209850063E-15,-1.));
#2929=DIRECTION('center_axis',(-1.,-1.00148566068563E-65,4.44748975730049E-80));
#2930=DIRECTION('ref_axis',(-1.00148566068563E-65,1.,-3.74700270810992E-15));
#2931=DIRECTION('',(-1.00148566068563E-65,1.,-3.74700270810992E-15));
#2932=DIRECTION('',(0.,-4.44089209850063E-15,-1.));
#2933=DIRECTION('center_axis',(0.,-4.44089209850063E-15,-1.));
#2934=DIRECTION('ref_axis',(-0.707106781186552,-0.707106781186543,3.14018491736756E-15));
#2935=DIRECTION('center_axis',(0.,4.44089209850063E-15,1.));
#2936=DIRECTION('ref_axis',(-0.707106781186552,-0.707106781186543,3.14018491736756E-15));
#2937=DIRECTION('',(0.,4.44089209850063E-15,1.));
#2938=DIRECTION('center_axis',(0.,-4.44089209850063E-15,-1.));
#2939=DIRECTION('ref_axis',(0.707106781186543,-0.707106781186552,3.14018491736756E-15));
#2940=DIRECTION('center_axis',(0.,4.44089209850063E-15,1.));
#2941=DIRECTION('ref_axis',(0.707106781186543,-0.707106781186552,3.14018491736756E-15));
#2942=DIRECTION('',(0.,-4.44089209850063E-15,-1.));
#2943=DIRECTION('center_axis',(0.,-4.44089209850063E-15,-1.));
#2944=DIRECTION('ref_axis',(-1.,0.,0.));
#2945=DIRECTION('',(-1.,3.2895496590214E-16,-1.23259514808152E-30));
#2946=DIRECTION('',(1.,-1.6447748295107E-16,6.16297574040762E-31));
#2947=DIRECTION('center_axis',(0.,1.,0.));
#2948=DIRECTION('ref_axis',(1.,0.,0.));
#2949=DIRECTION('',(0.,0.,-1.));
#2950=DIRECTION('',(1.,0.,0.));
#2951=DIRECTION('center_axis',(-1.,0.,0.));
#2952=DIRECTION('ref_axis',(0.,1.,0.));
#2953=DIRECTION('',(0.,0.,-1.));
#2954=DIRECTION('',(0.,1.,0.));
#2955=DIRECTION('center_axis',(-3.41607079801271E-16,-1.,0.));
#2956=DIRECTION('ref_axis',(-1.,3.41607079801271E-16,0.));
#2957=DIRECTION('',(0.,0.,-1.));
#2958=DIRECTION('',(-1.,3.41607079801271E-16,0.));
#2959=DIRECTION('center_axis',(1.,0.,0.));
#2960=DIRECTION('ref_axis',(0.,-1.,0.));
#2961=DIRECTION('',(0.,-1.,0.));
#2962=DIRECTION('center_axis',(0.,0.,-1.));
#2963=DIRECTION('ref_axis',(-1.,0.,0.));
#2964=DIRECTION('',(1.,9.3057308366915E-66,0.));
#2965=DIRECTION('',(1.00148566068563E-65,-1.,0.));
#2966=DIRECTION('',(-1.,-9.3057308366915E-66,0.));
#2967=DIRECTION('center_axis',(9.3057308366915E-66,-1.,3.48168725872256E-15));
#2968=DIRECTION('ref_axis',(1.,0.,-2.67276471009225E-51));
#2969=DIRECTION('',(0.,3.48168725872256E-15,1.));
#2970=DIRECTION('',(-1.,0.,2.67276471009225E-51));
#2971=DIRECTION('center_axis',(0.,0.,-1.));
#2972=DIRECTION('ref_axis',(-1.,5.50808322294646E-14,0.));
#2973=DIRECTION('center_axis',(0.,0.,-1.));
#2974=DIRECTION('ref_axis',(-1.,0.,0.));
#2975=DIRECTION('center_axis',(0.,0.,1.));
#2976=DIRECTION('ref_axis',(-1.,0.,0.));
#2977=DIRECTION('center_axis',(0.,2.55554141763811E-15,1.));
#2978=DIRECTION('ref_axis',(1.,6.83036091624227E-66,0.));
#2979=DIRECTION('center_axis',(2.67276471009225E-51,3.74700270810992E-15,
1.));
#2980=DIRECTION('ref_axis',(1.,0.,-2.67276471009225E-51));
#2981=DIRECTION('',(0.,-2.55554141763811E-15,-1.));
#2982=DIRECTION('center_axis',(-2.67276471009225E-51,-3.74700270810992E-15,
-1.));
#2983=DIRECTION('ref_axis',(1.,6.83036091624227E-66,0.));
#2984=DIRECTION('center_axis',(-2.67276471009225E-51,-3.74700270810992E-15,
-1.));
#2985=DIRECTION('ref_axis',(1.,0.,-2.67276471009225E-51));
#2986=DIRECTION('center_axis',(-2.67276471009225E-51,-3.74700270810992E-15,
-1.));
#2987=DIRECTION('ref_axis',(1.,0.,-2.67276471009225E-51));
#2988=DIRECTION('',(1.,0.,-2.67276471009225E-51));
#2989=DIRECTION('',(1.00148566068563E-65,-1.,3.74700270810992E-15));
#2990=DIRECTION('',(-1.,0.,2.67276471009225E-51));
#2991=DIRECTION('',(0.,1.,-4.44089209850063E-15));
#2992=DIRECTION('',(1.,0.,-2.67276471009225E-51));
#2993=DIRECTION('',(0.,-1.,4.44089209850063E-15));
#2994=DIRECTION('center_axis',(-2.67276471009225E-51,-3.74700270810992E-15,
-1.));
#2995=DIRECTION('ref_axis',(1.,0.,-2.67276471009225E-51));
#2996=DIRECTION('center_axis',(-9.3057308366915E-66,1.,-3.48168725872256E-15));
#2997=DIRECTION('ref_axis',(-1.,0.,2.67276471009225E-51));
#2998=DIRECTION('',(0.,3.48168725872256E-15,1.));
#2999=DIRECTION('center_axis',(1.,1.00148566068563E-65,-3.4868598646025E-80));
#3000=DIRECTION('ref_axis',(-1.00148566068563E-65,1.,-3.74700270810992E-15));
#3001=DIRECTION('center_axis',(2.67276471009225E-51,4.44089209850063E-15,
1.));
#3002=DIRECTION('ref_axis',(-1.,0.,2.67276471009225E-51));
#3003=DIRECTION('',(-1.,0.,2.67276471009225E-51));
#3004=DIRECTION('',(0.,-1.,4.44089209850063E-15));
#3005=DIRECTION('',(1.,0.,-2.67276471009225E-51));
#3006=DIRECTION('',(0.,1.,-4.44089209850063E-15));
#3007=DIRECTION('center_axis',(0.,-1.,0.));
#3008=DIRECTION('ref_axis',(1.,0.,0.));
#3009=DIRECTION('',(0.,0.,1.));
#3010=DIRECTION('',(1.,0.,0.));
#3011=DIRECTION('',(0.,0.,1.));
#3012=DIRECTION('center_axis',(-1.,0.,0.));
#3013=DIRECTION('ref_axis',(0.,-1.,0.));
#3014=DIRECTION('',(0.,0.,1.));
#3015=DIRECTION('',(0.,-1.,0.));
#3016=DIRECTION('center_axis',(0.,-1.,0.));
#3017=DIRECTION('ref_axis',(1.,0.,0.));
#3018=DIRECTION('',(0.,0.,1.));
#3019=DIRECTION('',(1.,0.,0.));
#3020=DIRECTION('',(0.,0.,-1.));
#3021=DIRECTION('',(-1.,0.,0.));
#3022=DIRECTION('',(0.,0.,1.));
#3023=DIRECTION('',(1.,0.,0.));
#3024=DIRECTION('',(0.,0.,1.));
#3025=DIRECTION('center_axis',(1.,0.,0.));
#3026=DIRECTION('ref_axis',(0.,1.,0.));
#3027=DIRECTION('',(0.,0.,1.));
#3028=DIRECTION('',(0.,1.,0.));
#3029=DIRECTION('center_axis',(1.,0.,0.));
#3030=DIRECTION('ref_axis',(0.,0.,-1.));
#3031=DIRECTION('',(0.,-1.,0.));
#3032=DIRECTION('',(0.,0.,1.));
#3033=DIRECTION('',(0.,1.,0.));
#3034=DIRECTION('center_axis',(-1.,0.,0.));
#3035=DIRECTION('ref_axis',(0.,0.,1.));
#3036=DIRECTION('',(0.,1.,0.));
#3037=DIRECTION('',(0.,0.,-1.));
#3038=DIRECTION('',(0.,1.,0.));
#3039=DIRECTION('center_axis',(0.,0.,-1.));
#3040=DIRECTION('ref_axis',(-1.,0.,0.));
#3041=DIRECTION('',(1.,0.,0.));
#3042=DIRECTION('center_axis',(0.,1.,0.));
#3043=DIRECTION('ref_axis',(-1.,0.,0.));
#3044=DIRECTION('',(0.,0.,1.));
#3045=DIRECTION('',(-1.,0.,0.));
#3046=DIRECTION('',(-1.,0.,0.));
#3047=DIRECTION('center_axis',(1.,0.,0.));
#3048=DIRECTION('ref_axis',(0.,1.,0.));
#3049=DIRECTION('',(0.,1.,0.));
#3050=DIRECTION('center_axis',(0.,1.,0.));
#3051=DIRECTION('ref_axis',(-1.,0.,0.));
#3052=DIRECTION('',(0.,0.,1.));
#3053=DIRECTION('',(-1.,0.,0.));
#3054=DIRECTION('center_axis',(-1.,0.,0.));
#3055=DIRECTION('ref_axis',(0.,-1.,0.));
#3056=DIRECTION('',(0.,-1.,0.));
#3057=DIRECTION('center_axis',(0.,0.,1.));
#3058=DIRECTION('ref_axis',(1.,0.,0.));
#3059=DIRECTION('center_axis',(1.6447748295107E-16,1.,-4.44089209850063E-15));
#3060=DIRECTION('ref_axis',(1.,-1.6447748295107E-16,6.16297574040762E-31));
#3061=DIRECTION('center_axis',(-3.2895496590214E-16,-1.,4.44089209850063E-15));
#3062=DIRECTION('ref_axis',(-1.,3.2895496590214E-16,-1.23259514808152E-30));
#3063=DIRECTION('center_axis',(0.,0.,-1.));
#3064=DIRECTION('ref_axis',(-1.,4.81957282007822E-14,0.));
#3065=DIRECTION('center_axis',(0.,0.,-1.));
#3066=DIRECTION('ref_axis',(-1.,0.,0.));
#3067=DIRECTION('center_axis',(0.,0.,1.));
#3068=DIRECTION('ref_axis',(-1.,0.,0.));
#3069=DIRECTION('center_axis',(0.,3.83331212645717E-15,1.));
#3070=DIRECTION('ref_axis',(1.,1.02455413743634E-65,0.));
#3071=DIRECTION('center_axis',(2.67276471009225E-51,3.74700270810992E-15,
1.));
#3072=DIRECTION('ref_axis',(1.,0.,-2.67276471009225E-51));
#3073=DIRECTION('',(0.,-3.83331212645717E-15,-1.));
#3074=DIRECTION('center_axis',(-2.67276471009225E-51,-3.74700270810992E-15,
-1.));
#3075=DIRECTION('ref_axis',(1.,0.,-2.67276471009225E-51));
#3076=DIRECTION('center_axis',(0.,1.,0.));
#3077=DIRECTION('ref_axis',(0.,0.,-1.));
#3078=DIRECTION('',(0.,0.,-1.));
#3079=DIRECTION('',(-1.,0.,0.));
#3080=DIRECTION('',(0.,0.,-1.));
#3081=DIRECTION('',(-1.,0.,0.));
#3082=DIRECTION('center_axis',(0.,-1.,0.));
#3083=DIRECTION('ref_axis',(0.,0.,1.));
#3084=DIRECTION('',(0.,0.,1.));
#3085=DIRECTION('',(1.,0.,0.));
#3086=DIRECTION('',(0.,0.,1.));
#3087=DIRECTION('',(-1.,0.,0.));
#3088=DIRECTION('center_axis',(-1.,0.,0.));
#3089=DIRECTION('ref_axis',(0.,0.,1.));
#3090=DIRECTION('',(0.,-1.,0.));
#3091=DIRECTION('',(0.,1.,0.));
#3092=DIRECTION('center_axis',(1.,0.,0.));
#3093=DIRECTION('ref_axis',(0.,-1.,0.));
#3094=DIRECTION('',(0.,1.,-3.48168725872256E-15));
#3095=DIRECTION('',(0.,0.,-1.));
#3096=DIRECTION('',(0.,-1.,0.));
#3097=DIRECTION('center_axis',(0.,3.48168725872256E-15,1.));
#3098=DIRECTION('ref_axis',(1.,0.,0.));
#3099=DIRECTION('',(-1.00148566068563E-65,1.,-3.74700270810992E-15));
#3100=DIRECTION('center_axis',(0.,3.48168725872256E-15,1.));
#3101=DIRECTION('ref_axis',(0.707106781186543,-0.707106781186552,0.));
#3102=DIRECTION('',(1.,-3.2895496590214E-16,1.23259514808152E-30));
#3103=DIRECTION('center_axis',(0.,3.48168725872256E-15,1.));
#3104=DIRECTION('ref_axis',(-0.707106781186548,-0.707106781186548,0.));
#3105=DIRECTION('',(1.00148566068563E-65,-1.,3.74700270810992E-15));
#3106=DIRECTION('center_axis',(0.,3.48168725872256E-15,1.));
#3107=DIRECTION('ref_axis',(-0.707106781186548,0.707106781186548,0.));
#3108=DIRECTION('',(-1.,1.6447748295107E-16,-6.16297574040762E-31));
#3109=DIRECTION('center_axis',(0.,3.48168725872256E-15,1.));
#3110=DIRECTION('ref_axis',(0.707106781186543,0.707106781186552,0.));
#3111=DIRECTION('',(0.,1.,-3.48168725872256E-15));
#3112=DIRECTION('',(-1.,0.,0.));
#3113=DIRECTION('',(0.,-1.,3.48168725872256E-15));
#3114=DIRECTION('',(1.,-3.55271362797852E-16,1.23694377724228E-30));
#3115=DIRECTION('center_axis',(1.,0.,0.));
#3116=DIRECTION('ref_axis',(0.,-1.,0.));
#3117=DIRECTION('',(0.,-1.,0.));
#3118=DIRECTION('',(0.,0.,-1.));
#3119=DIRECTION('',(0.,0.,1.));
#3120=DIRECTION('',(0.,0.,-1.));
#3121=DIRECTION('',(0.,0.,1.));
#3122=DIRECTION('',(0.,0.,-1.));
#3123=DIRECTION('center_axis',(0.,0.,1.));
#3124=DIRECTION('ref_axis',(-1.,0.,0.));
#3125=DIRECTION('',(-1.00148566068563E-65,1.,0.));
#3126=DIRECTION('',(1.00148566068563E-65,-1.,0.));
#3127=DIRECTION('center_axis',(1.,1.00148566068563E-65,0.));
#3128=DIRECTION('ref_axis',(-1.00148566068563E-65,1.,-3.74700270810992E-15));
#3129=DIRECTION('',(-1.00148566068563E-65,1.,-3.74700270810992E-15));
#3130=DIRECTION('',(0.,0.,1.));
#3131=DIRECTION('',(0.,0.,-1.));
#3132=DIRECTION('',(-1.00148566068563E-65,1.,-3.74700270810992E-15));
#3133=DIRECTION('',(0.,0.,-1.));
#3134=DIRECTION('',(1.00148566068563E-65,-1.,0.));
#3135=DIRECTION('',(0.,0.,1.));
#3136=DIRECTION('',(-1.00148566068563E-65,1.,-3.74700270810992E-15));
#3137=DIRECTION('center_axis',(0.,0.,1.));
#3138=DIRECTION('ref_axis',(1.,0.,0.));
#3139=DIRECTION('',(1.00148566068563E-65,-1.,3.74700270810992E-15));
#3140=DIRECTION('center_axis',(0.,0.,-1.));
#3141=DIRECTION('ref_axis',(-0.707106781186548,-0.707106781186548,0.));
#3142=DIRECTION('',(1.,-3.2895496590214E-16,1.23259514808152E-30));
#3143=DIRECTION('center_axis',(0.,0.,-1.));
#3144=DIRECTION('ref_axis',(0.707106781186543,-0.707106781186552,0.));
#3145=DIRECTION('',(0.,0.,-1.));
#3146=DIRECTION('',(0.,0.,1.));
#3147=DIRECTION('center_axis',(0.,0.,1.));
#3148=DIRECTION('ref_axis',(-1.,0.,0.));
#3149=DIRECTION('',(1.,-1.6447748295107E-16,0.));
#3150=DIRECTION('center_axis',(0.,0.,1.));
#3151=DIRECTION('ref_axis',(1.,0.,0.));
#3152=DIRECTION('',(-1.,1.6447748295107E-16,-6.16297574040762E-31));
#3153=DIRECTION('center_axis',(0.,0.,-1.));
#3154=DIRECTION('ref_axis',(-0.707106781186548,0.707106781186548,0.));
#3155=DIRECTION('',(1.00148566068563E-65,-1.,3.74700270810992E-15));
#3156=DIRECTION('',(0.,-1.,0.));
#3157=DIRECTION('center_axis',(0.,0.,1.));
#3158=DIRECTION('ref_axis',(0.707106781186548,-0.707106781186548,0.));
#3159=DIRECTION('',(-1.,0.,0.));
#3160=DIRECTION('center_axis',(0.,0.,1.));
#3161=DIRECTION('ref_axis',(-0.707106781186548,-0.707106781186548,0.));
#3162=DIRECTION('',(0.,1.,0.));
#3163=DIRECTION('center_axis',(0.,0.,1.));
#3164=DIRECTION('ref_axis',(-0.707106781186548,0.707106781186548,0.));
#3165=DIRECTION('',(1.,0.,0.));
#3166=DIRECTION('center_axis',(0.,0.,1.));
#3167=DIRECTION('ref_axis',(0.707106781186548,0.707106781186548,0.));
#3168=DIRECTION('center_axis',(0.,0.,-1.));
#3169=DIRECTION('ref_axis',(-1.,0.,0.));
#3170=DIRECTION('center_axis',(0.,0.,1.));
#3171=DIRECTION('ref_axis',(1.,0.,0.));
#3172=DIRECTION('center_axis',(0.,0.,-1.));
#3173=DIRECTION('ref_axis',(0.707106781186543,0.707106781186552,0.));
#3174=DIRECTION('',(-1.,1.6447748295107E-16,-6.16297574040762E-31));
#3175=DIRECTION('center_axis',(0.,0.,1.));
#3176=DIRECTION('ref_axis',(0.707106781186543,0.707106781186552,0.));
#3177=DIRECTION('',(0.,0.,1.));
#3178=DIRECTION('center_axis',(0.,0.,1.));
#3179=DIRECTION('ref_axis',(-0.707106781186548,0.707106781186548,0.));
#3180=DIRECTION('',(0.,0.,-1.));
#3181=DIRECTION('',(0.,0.,1.));
#3182=DIRECTION('center_axis',(-1.,-1.00148566068563E-65,0.));
#3183=DIRECTION('ref_axis',(1.00148566068563E-65,-1.,3.74700270810992E-15));
#3184=DIRECTION('',(0.,0.,-1.));
#3185=DIRECTION('center_axis',(0.,0.,1.));
#3186=DIRECTION('ref_axis',(-0.707106781186548,-0.707106781186548,0.));
#3187=DIRECTION('',(0.,0.,1.));
#3188=DIRECTION('center_axis',(0.,0.,1.));
#3189=DIRECTION('ref_axis',(0.707106781186543,-0.707106781186552,0.));
#3190=DIRECTION('',(0.,0.,-1.));
#3191=DIRECTION('center_axis',(0.,0.,-1.));
#3192=DIRECTION('ref_axis',(-0.707106781186548,0.707106781186548,0.));
#3193=DIRECTION('',(0.,0.,-1.));
#3194=DIRECTION('center_axis',(0.,0.,-1.));
#3195=DIRECTION('ref_axis',(-0.707106781186548,0.707106781186548,0.));
#3196=DIRECTION('',(0.,0.,1.));
#3197=DIRECTION('center_axis',(-1.,0.,0.));
#3198=DIRECTION('ref_axis',(0.,1.,0.));
#3199=DIRECTION('',(0.,0.,1.));
#3200=DIRECTION('',(0.,-1.,0.));
#3201=DIRECTION('center_axis',(0.,0.,-1.));
#3202=DIRECTION('ref_axis',(-0.707106781186548,-0.707106781186548,0.));
#3203=DIRECTION('',(0.,0.,-1.));
#3204=DIRECTION('center_axis',(0.,0.,-1.));
#3205=DIRECTION('ref_axis',(-0.707106781186548,-0.707106781186548,0.));
#3206=DIRECTION('center_axis',(0.,-1.,0.));
#3207=DIRECTION('ref_axis',(-1.,0.,0.));
#3208=DIRECTION('',(0.,0.,1.));
#3209=DIRECTION('',(1.,0.,0.));
#3210=DIRECTION('center_axis',(0.,0.,-1.));
#3211=DIRECTION('ref_axis',(0.707106781186548,0.707106781186548,0.));
#3212=DIRECTION('',(0.,0.,-1.));
#3213=DIRECTION('center_axis',(0.,0.,-1.));
#3214=DIRECTION('ref_axis',(0.707106781186548,0.707106781186548,0.));
#3215=DIRECTION('',(0.,0.,1.));
#3216=DIRECTION('center_axis',(0.,1.,0.));
#3217=DIRECTION('ref_axis',(1.,0.,0.));
#3218=DIRECTION('',(-1.,0.,0.));
#3219=DIRECTION('center_axis',(0.,0.,-1.));
#3220=DIRECTION('ref_axis',(0.707106781186548,-0.707106781186548,0.));
#3221=DIRECTION('',(0.,0.,-1.));
#3222=DIRECTION('center_axis',(0.,0.,-1.));
#3223=DIRECTION('ref_axis',(0.707106781186548,-0.707106781186548,0.));
#3224=DIRECTION('center_axis',(1.,0.,0.));
#3225=DIRECTION('ref_axis',(0.,-1.,0.));
#3226=DIRECTION('',(0.,1.,0.));
#3227=DIRECTION('center_axis',(0.,0.,-1.));
#3228=DIRECTION('ref_axis',(-1.,0.,0.));
#3229=DIRECTION('',(0.,0.,-1.));
#3230=DIRECTION('center_axis',(0.,0.,1.));
#3231=DIRECTION('ref_axis',(-1.,0.,0.));
#3232=DIRECTION('center_axis',(-1.,0.,0.));
#3233=DIRECTION('ref_axis',(0.,1.,0.));
#3234=DIRECTION('',(0.,0.,-1.));
#3235=DIRECTION('',(0.,1.,0.));
#3236=DIRECTION('',(0.,0.,-1.));
#3237=DIRECTION('center_axis',(-3.55271362797852E-16,-1.,0.));
#3238=DIRECTION('ref_axis',(-1.,3.55271362797852E-16,0.));
#3239=DIRECTION('',(-1.,3.55271362797852E-16,0.));
#3240=DIRECTION('center_axis',(0.,1.,0.));
#3241=DIRECTION('ref_axis',(1.,0.,0.));
#3242=DIRECTION('',(1.,0.,0.));
#3243=DIRECTION('center_axis',(0.,0.,-1.));
#3244=DIRECTION('ref_axis',(-1.,0.,0.));
#3245=DIRECTION('center_axis',(-3.2895496590214E-16,-1.,0.));
#3246=DIRECTION('ref_axis',(1.,-3.2895496590214E-16,1.23259514808152E-30));
#3247=DIRECTION('center_axis',(1.6447748295107E-16,1.,0.));
#3248=DIRECTION('ref_axis',(-1.,1.6447748295107E-16,-6.16297574040762E-31));
#3249=DIRECTION('',(0.,0.,1.));
#3250=DIRECTION('',(1.,0.,0.));
#3251=CARTESIAN_POINT('',(0.,0.,0.));
#3252=CARTESIAN_POINT('',(0.,0.,0.));
#3253=CARTESIAN_POINT('Origin',(156.,-69.,9.95039626332835));
#3254=CARTESIAN_POINT('',(157.038585173777,-69.0008230174001,5.17343473910127));
#3255=CARTESIAN_POINT('',(157.035958278631,-69.0005269714248,5.0523577875554));
#3256=CARTESIAN_POINT('',(157.03775,-69.,9.95039626332835));
#3257=CARTESIAN_POINT('',(156.152149163587,-70.026535773619,4.95039626332835));
#3258=CARTESIAN_POINT('Ctrl Pts',(157.035958278631,-69.0005269714248,5.0523577875554));
#3259=CARTESIAN_POINT('Ctrl Pts',(157.036395550287,-69.1483528242146,5.04219300450473));
#3260=CARTESIAN_POINT('Ctrl Pts',(157.006863417244,-69.2959127818977,5.03202822145405));
#3261=CARTESIAN_POINT('Ctrl Pts',(156.946444482953,-69.4292332723551,5.02186343840338));
#3262=CARTESIAN_POINT('Ctrl Pts',(156.8048454433,-69.7416858774302,4.9980410467117));
#3263=CARTESIAN_POINT('Ctrl Pts',(156.493598917723,-69.9759274111694,4.97421865502002));
#3264=CARTESIAN_POINT('Ctrl Pts',(156.152149163587,-70.026535773619,4.95039626332834));
#3265=CARTESIAN_POINT('',(154.962639186405,-69.0284183904838,4.95039626332835));
#3266=CARTESIAN_POINT('Origin',(156.,-69.,4.95039626332835));
#3267=CARTESIAN_POINT('Ctrl Pts',(154.960768317881,-69.0282466812034,4.95039626332835));
#3268=CARTESIAN_POINT('Ctrl Pts',(154.970725561254,-69.3587771329522,4.97331790326903));
#3269=CARTESIAN_POINT('Ctrl Pts',(155.151519580387,-69.6855456950309,4.99623954320971));
#3270=CARTESIAN_POINT('Ctrl Pts',(155.427564538969,-69.8676346786957,5.01916118315039));
#3271=CARTESIAN_POINT('Ctrl Pts',(155.714457237087,-70.0568792136778,5.04298357484207));
#3272=CARTESIAN_POINT('Ctrl Pts',(156.104234119225,-70.0898498005431,5.06680596653375));
#3273=CARTESIAN_POINT('Ctrl Pts',(156.418700139866,-69.9514334738768,5.09062835822544));
#3274=CARTESIAN_POINT('Ctrl Pts',(156.733166160506,-69.8130171472104,5.11445074991712));
#3275=CARTESIAN_POINT('Ctrl Pts',(156.972321319649,-69.5032139070124,5.1382731416088));
#3276=CARTESIAN_POINT('Ctrl Pts',(157.026517440593,-69.1638915942076,5.16209553330048));
#3277=CARTESIAN_POINT('Ctrl Pts',(157.03511636686,-69.1100536534515,5.16587526856741));
#3278=CARTESIAN_POINT('Ctrl Pts',(157.039059136276,-69.055472599877,5.16965500383434));
#3279=CARTESIAN_POINT('Ctrl Pts',(157.038585173777,-69.0008230174001,5.17343473910127));
#3280=CARTESIAN_POINT('Origin',(156.,-69.,9.95039626332835));
#3281=CARTESIAN_POINT('',(157.036148696533,-69.0002518507277,5.62343473910128));
#3282=CARTESIAN_POINT('',(157.037347341554,-68.99907284914,5.5023577875554));
#3283=CARTESIAN_POINT('',(157.03775,-69.,9.95039626332835));
#3284=CARTESIAN_POINT('Ctrl Pts',(157.037347341554,-68.99907284914,5.5023577875554));
#3285=CARTESIAN_POINT('Ctrl Pts',(157.035183173643,-69.2489505731068,5.48512735465481));
#3286=CARTESIAN_POINT('Ctrl Pts',(156.944504982342,-69.5002357311356,5.46789692175422));
#3287=CARTESIAN_POINT('Ctrl Pts',(156.780301150569,-69.6867975119015,5.45066648885363));
#3288=CARTESIAN_POINT('Ctrl Pts',(156.553276790802,-69.9447334466365,5.42684409716195));
#3289=CARTESIAN_POINT('Ctrl Pts',(156.18570686118,-70.0789494942431,5.40302170547027));
#3290=CARTESIAN_POINT('Ctrl Pts',(155.84587833423,-70.0280061118236,5.37919931377859));
#3291=CARTESIAN_POINT('Ctrl Pts',(155.50604980728,-69.9770627294042,5.35537692208691));
#3292=CARTESIAN_POINT('Ctrl Pts',(155.193962683002,-69.7409599169586,5.33155453039523));
#3293=CARTESIAN_POINT('Ctrl Pts',(155.052577144318,-69.427771503436,5.30773213870355));
#3294=CARTESIAN_POINT('Ctrl Pts',(154.911191605633,-69.1145830899134,5.28390974701187));
#3295=CARTESIAN_POINT('Ctrl Pts',(154.940507652541,-68.7243090753137,5.26008735532019));
#3296=CARTESIAN_POINT('Ctrl Pts',(155.126990277613,-68.4357398613101,5.23626496362851));
#3297=CARTESIAN_POINT('Ctrl Pts',(155.313472902686,-68.1471706473066,5.21244257193683));
#3298=CARTESIAN_POINT('Ctrl Pts',(155.657122105923,-67.960306233899,5.18862018024515));
#3299=CARTESIAN_POINT('Ctrl Pts',(156.000809261026,-67.9605426095231,5.16479778855347));
#3300=CARTESIAN_POINT('Ctrl Pts',(156.344496416129,-67.9607789851472,5.14097539686179));
#3301=CARTESIAN_POINT('Ctrl Pts',(156.688221523098,-68.1481161498028,5.1171530051701));
#3302=CARTESIAN_POINT('Ctrl Pts',(156.874108299718,-68.4371165703361,5.09333061347842));
#3303=CARTESIAN_POINT('Ctrl Pts',(156.980678995031,-68.602803319669,5.07967300483741));
#3304=CARTESIAN_POINT('Ctrl Pts',(157.035370751568,-68.8019051578197,5.06601539619641));
#3305=CARTESIAN_POINT('Ctrl Pts',(157.035958278631,-69.0005269714248,5.0523577875554));
#3306=CARTESIAN_POINT('Ctrl Pts',(157.038585173777,-69.0008230174001,5.17343473910127));
#3307=CARTESIAN_POINT('Ctrl Pts',(157.036071911114,-68.7110347841014,5.19347739552602));
#3308=CARTESIAN_POINT('Ctrl Pts',(156.909368016444,-68.4193196401663,5.21352005195077));
#3309=CARTESIAN_POINT('Ctrl Pts',(156.694172080969,-68.2262589861819,5.23356270837552));
#3310=CARTESIAN_POINT('Ctrl Pts',(156.438393517655,-67.9967900763726,5.2573851000672));
#3311=CARTESIAN_POINT('Ctrl Pts',(156.05759930828,-67.9066936421656,5.28120749175888));
#3312=CARTESIAN_POINT('Ctrl Pts',(155.726125769571,-67.9972270466673,5.30502988345056));
#3313=CARTESIAN_POINT('Ctrl Pts',(155.394652230862,-68.0877604511689,5.32885227514224));
#3314=CARTESIAN_POINT('Ctrl Pts',(155.112499362819,-68.358923694379,5.35267466683393));
#3315=CARTESIAN_POINT('Ctrl Pts',(155.008882165056,-68.6865485624674,5.37649705852561));
#3316=CARTESIAN_POINT('Ctrl Pts',(154.905264967293,-69.0141734305557,5.40031945021729));
#3317=CARTESIAN_POINT('Ctrl Pts',(154.98018343981,-69.3982599235221,5.42414184190897));
#3318=CARTESIAN_POINT('Ctrl Pts',(155.199324534622,-69.6629326763945,5.44796423360065));
#3319=CARTESIAN_POINT('Ctrl Pts',(155.418465629435,-69.9276054292669,5.47178662529233));
#3320=CARTESIAN_POINT('Ctrl Pts',(155.781829346544,-70.0728644420453,5.49560901698401));
#3321=CARTESIAN_POINT('Ctrl Pts',(156.123032598586,-70.0321944747525,5.51943140867569));
#3322=CARTESIAN_POINT('Ctrl Pts',(156.464235850629,-69.9915245074597,5.54325380036737));
#3323=CARTESIAN_POINT('Ctrl Pts',(156.783278637605,-69.7649255600957,5.56707619205905));
#3324=CARTESIAN_POINT('Ctrl Pts',(156.934067451193,-69.4561588719308,5.59089858375073));
#3325=CARTESIAN_POINT('Ctrl Pts',(157.002715585933,-69.3155897096174,5.60174396886758));
#3326=CARTESIAN_POINT('Ctrl Pts',(157.036491101792,-69.1579903146646,5.61258935398443));
#3327=CARTESIAN_POINT('Ctrl Pts',(157.036148696533,-69.0002518507277,5.62343473910128));
#3328=CARTESIAN_POINT('Origin',(156.,-69.,9.95039626332835));
#3329=CARTESIAN_POINT('',(157.037637683841,-68.999050312897,6.07343473910128));
#3330=CARTESIAN_POINT('',(157.03948178279,-69.0001273616987,5.9523577875554));
#3331=CARTESIAN_POINT('',(157.03775,-69.,9.95039626332835));
#3332=CARTESIAN_POINT('Ctrl Pts',(157.03948178279,-69.0001273616987,5.9523577875554));
#3333=CARTESIAN_POINT('Ctrl Pts',(157.039493608058,-69.0069603214134,5.95188409649658));
#3334=CARTESIAN_POINT('Ctrl Pts',(157.039432063494,-69.0137930624397,5.95141040543776));
#3335=CARTESIAN_POINT('Ctrl Pts',(157.039296499685,-69.0206243346077,5.95093671437894));
#3336=CARTESIAN_POINT('Ctrl Pts',(157.032478861705,-69.3641757660878,5.92711432268726));
#3337=CARTESIAN_POINT('Ctrl Pts',(156.838452967684,-69.7040121851429,5.90329193099558));
#3338=CARTESIAN_POINT('Ctrl Pts',(156.54606470849,-69.8845201407762,5.8794695393039));
#3339=CARTESIAN_POINT('Ctrl Pts',(156.253676449297,-70.0650280964095,5.85564714761222));
#3340=CARTESIAN_POINT('Ctrl Pts',(155.862925824931,-70.086207588621,5.83182475592053));
#3341=CARTESIAN_POINT('Ctrl Pts',(155.552739803468,-69.9383606231774,5.80800236422885));
#3342=CARTESIAN_POINT('Ctrl Pts',(155.242553782005,-69.7905136577337,5.78417997253717));
#3343=CARTESIAN_POINT('Ctrl Pts',(155.012932363445,-69.4736402346349,5.76035758084549));
#3344=CARTESIAN_POINT('Ctrl Pts',(154.969021375179,-69.1328382964167,5.73653518915381));
#3345=CARTESIAN_POINT('Ctrl Pts',(154.925110386914,-68.7920363581985,5.71271279746213));
#3346=CARTESIAN_POINT('Ctrl Pts',(155.066909828943,-68.4273059048608,5.68889040577044));
#3347=CARTESIAN_POINT('Ctrl Pts',(155.329487419659,-68.2056604305129,5.66506801407876));
#3348=CARTESIAN_POINT('Ctrl Pts',(155.592065010375,-67.984014956165,5.64124562238708));
#3349=CARTESIAN_POINT('Ctrl Pts',(155.975420749777,-67.9054544608069,5.6174232306954));
#3350=CARTESIAN_POINT('Ctrl Pts',(156.304016386309,-68.0059502077929,5.59360083900372));
#3351=CARTESIAN_POINT('Ctrl Pts',(156.632612022841,-68.106445954779,5.56977844731204));
#3352=CARTESIAN_POINT('Ctrl Pts',(156.906447556502,-68.3859979441092,5.54595605562036));
#3353=CARTESIAN_POINT('Ctrl Pts',(157.000125928376,-68.7166018497061,5.52213366392868));
#3354=CARTESIAN_POINT('Ctrl Pts',(157.02604792542,-68.8080841555163,5.51554170513759));
#3355=CARTESIAN_POINT('Ctrl Pts',(157.038175301349,-68.9034755029384,5.50894974634649));
#3356=CARTESIAN_POINT('Ctrl Pts',(157.037347341554,-68.99907284914,5.5023577875554));
#3357=CARTESIAN_POINT('Ctrl Pts',(157.036148696533,-69.0002518507277,5.62343473910128));
#3358=CARTESIAN_POINT('Ctrl Pts',(157.035738992752,-68.8115104587384,5.63641174567611));
#3359=CARTESIAN_POINT('Ctrl Pts',(156.986481866364,-68.6225699584444,5.64938875225094));
#3360=CARTESIAN_POINT('Ctrl Pts',(156.889670207747,-68.4623669970117,5.66236575882578));
#3361=CARTESIAN_POINT('Ctrl Pts',(156.711949310511,-68.1682762392233,5.68618815051746));
#3362=CARTESIAN_POINT('Ctrl Pts',(156.373972675838,-67.9710291526125,5.71001054220914));
#3363=CARTESIAN_POINT('Ctrl Pts',(156.030501637341,-67.9609464992739,5.73383293390082));
#3364=CARTESIAN_POINT('Ctrl Pts',(155.687030598844,-67.9508638459353,5.7576553255925));
#3365=CARTESIAN_POINT('Ctrl Pts',(155.338065156522,-68.127945625869,5.78147771728418));
#3366=CARTESIAN_POINT('Ctrl Pts',(155.143399079231,-68.4111049143289,5.80530010897586));
#3367=CARTESIAN_POINT('Ctrl Pts',(154.948733001939,-68.6942642027889,5.82912250066754));
#3368=CARTESIAN_POINT('Ctrl Pts',(154.908366289678,-69.0835009997751,5.85294489235922));
#3369=CARTESIAN_POINT('Ctrl Pts',(155.040783034302,-69.4005812131504,5.8767672840509));
#3370=CARTESIAN_POINT('Ctrl Pts',(155.173199778926,-69.7176614265257,5.90058967574258));
#3371=CARTESIAN_POINT('Ctrl Pts',(155.478399980433,-69.9625850562901,5.92441206743427));
#3372=CARTESIAN_POINT('Ctrl Pts',(155.81663049769,-70.0231999545912,5.94823445912595));
#3373=CARTESIAN_POINT('Ctrl Pts',(156.154861014946,-70.0838148528923,5.97205685081763));
#3374=CARTESIAN_POINT('Ctrl Pts',(156.526121847952,-69.9601210197301,5.99587924250931));
#3375=CARTESIAN_POINT('Ctrl Pts',(156.760410191082,-69.7087586782862,6.01970163420099));
#3376=CARTESIAN_POINT('Ctrl Pts',(156.936561551551,-69.5197701105051,6.03761266916775));
#3377=CARTESIAN_POINT('Ctrl Pts',(157.03528385117,-69.2586119216175,6.05552370413452));
#3378=CARTESIAN_POINT('Ctrl Pts',(157.037637683841,-68.999050312897,6.07343473910128));
#3379=CARTESIAN_POINT('Origin',(156.,-69.,9.95039626332835));
#3380=CARTESIAN_POINT('',(157.039391977664,-69.000304952043,6.52343473910128));
#3381=CARTESIAN_POINT('',(157.036973874722,-69.0008500380917,6.4023577875554));
#3382=CARTESIAN_POINT('',(157.03775,-69.,9.95039626332835));
#3383=CARTESIAN_POINT('Ctrl Pts',(157.036973874722,-69.0008500380917,6.4023577875554));
#3384=CARTESIAN_POINT('Ctrl Pts',(157.037817913861,-69.1102855275554,6.39481844664667));
#3385=CARTESIAN_POINT('Ctrl Pts',(157.021869285907,-69.2194813072293,6.38727910573793));
#3386=CARTESIAN_POINT('Ctrl Pts',(156.988093606122,-69.3228522304989,6.37973976482919));
#3387=CARTESIAN_POINT('Ctrl Pts',(156.881371084453,-69.6494779466549,6.35591737313751));
#3388=CARTESIAN_POINT('Ctrl Pts',(156.596663528482,-69.9179483785417,6.33209498144583));
#3389=CARTESIAN_POINT('Ctrl Pts',(156.264340407971,-70.0053291431292,6.30827258975415));
#3390=CARTESIAN_POINT('Ctrl Pts',(155.932017287459,-70.0927099077167,6.28445019806247));
#3391=CARTESIAN_POINT('Ctrl Pts',(155.552078602407,-69.9990010050049,6.26062780637079));
#3392=CARTESIAN_POINT('Ctrl Pts',(155.29850077883,-69.7671123625851,6.23680541467911));
#3393=CARTESIAN_POINT('Ctrl Pts',(155.044922955253,-69.5352237201654,6.21298302298743));
#3394=CARTESIAN_POINT('Ctrl Pts',(154.917705993152,-69.1651553380377,6.18916063129574));
#3395=CARTESIAN_POINT('Ctrl Pts',(154.975103386892,-68.8263639633144,6.16533823960406));
#3396=CARTESIAN_POINT('Ctrl Pts',(155.032500780631,-68.4875725885912,6.14151584791238));
#3397=CARTESIAN_POINT('Ctrl Pts',(155.274512530212,-68.1800582212724,6.1176934562207));
#3398=CARTESIAN_POINT('Ctrl Pts',(155.590319841961,-68.0446337311736,6.09387106452902));
#3399=CARTESIAN_POINT('Ctrl Pts',(155.90612715371,-67.9092092410748,6.07004867283734));
#3400=CARTESIAN_POINT('Ctrl Pts',(156.295730027627,-67.9458746281961,6.04622628114566));
#3401=CARTESIAN_POINT('Ctrl Pts',(156.580726773616,-68.1378405437093,6.02240388945398));
#3402=CARTESIAN_POINT('Ctrl Pts',(156.860056565081,-68.3259893555935,5.99905518882112));
#3403=CARTESIAN_POINT('Ctrl Pts',(157.03889890363,-68.6633240215356,5.97570648818826));
#3404=CARTESIAN_POINT('Ctrl Pts',(157.03948178279,-69.0001273616987,5.9523577875554));
#3405=CARTESIAN_POINT('Ctrl Pts',(157.037637683841,-68.999050312897,6.07343473910128));
#3406=CARTESIAN_POINT('Ctrl Pts',(157.038414542611,-68.9133846177495,6.0793460958262));
#3407=CARTESIAN_POINT('Ctrl Pts',(157.028694335507,-68.8278928322605,6.08525745255112));
#3408=CARTESIAN_POINT('Ctrl Pts',(157.007796189997,-68.7452268548092,6.09116880927604));
#3409=CARTESIAN_POINT('Ctrl Pts',(156.923577992526,-68.4120882225018,6.11499120096772));
#3410=CARTESIAN_POINT('Ctrl Pts',(156.657825744329,-68.1248418076127,6.1388135926594));
#3411=CARTESIAN_POINT('Ctrl Pts',(156.332229147847,-68.015019638479,6.16263598435108));
#3412=CARTESIAN_POINT('Ctrl Pts',(156.006632551365,-67.9051974693452,6.18645837604276));
#3413=CARTESIAN_POINT('Ctrl Pts',(155.621191606597,-67.9727995459668,6.21028076773444));
#3414=CARTESIAN_POINT('Ctrl Pts',(155.352402266944,-68.1868704314275,6.23410315942612));
#3415=CARTESIAN_POINT('Ctrl Pts',(155.08361292729,-68.4009413168882,6.2579255511178));
#3416=CARTESIAN_POINT('Ctrl Pts',(154.93147519275,-68.761481011188,6.28174794280948));
#3417=CARTESIAN_POINT('Ctrl Pts',(154.965653934341,-69.103396010205,6.30557033450116));
#3418=CARTESIAN_POINT('Ctrl Pts',(154.999832675933,-69.445311009222,6.32939272619284));
#3419=CARTESIAN_POINT('Ctrl Pts',(155.220327893657,-69.7686013129561,6.35321511788452));
#3420=CARTESIAN_POINT('Ctrl Pts',(155.526173373457,-69.9252301588407,6.3770375095762));
#3421=CARTESIAN_POINT('Ctrl Pts',(155.832018853257,-70.0818590047253,6.40085990126788));
#3422=CARTESIAN_POINT('Ctrl Pts',(156.223214595134,-70.0718263927604,6.42468229295957));
#3423=CARTESIAN_POINT('Ctrl Pts',(156.520629488245,-69.8997263221544,6.44850468465125));
#3424=CARTESIAN_POINT('Ctrl Pts',(156.818044381357,-69.7276262515483,6.47232707634293));
#3425=CARTESIAN_POINT('Ctrl Pts',(157.021678425704,-69.3934587223011,6.49614946803461));
#3426=CARTESIAN_POINT('Ctrl Pts',(157.038286249314,-69.050241250255,6.51997185972629));
#3427=CARTESIAN_POINT('Ctrl Pts',(157.039090966861,-69.033610948248,6.52112615285129));
#3428=CARTESIAN_POINT('Ctrl Pts',(157.039456583846,-69.0169593987659,6.52228044597628));
#3429=CARTESIAN_POINT('Ctrl Pts',(157.039391977664,-69.000304952043,6.52343473910128));
#3430=CARTESIAN_POINT('Origin',(156.,-69.,9.95039626332835));
#3431=CARTESIAN_POINT('',(157.036735015946,-69.000763517905,6.97343473910128));
#3432=CARTESIAN_POINT('',(157.036443425062,-68.9994028981153,6.8523577875554));
#3433=CARTESIAN_POINT('',(157.03775,-69.,9.95039626332835));
#3434=CARTESIAN_POINT('Ctrl Pts',(157.036443425062,-68.9994028981153,6.8523577875554));
#3435=CARTESIAN_POINT('Ctrl Pts',(157.035332261337,-69.2116710592415,6.83775279679675));
#3436=CARTESIAN_POINT('Ctrl Pts',(156.971957403705,-69.4245482813388,6.8231478060381));
#3437=CARTESIAN_POINT('Ctrl Pts',(156.850968207355,-69.5970055668908,6.80854281527945));
#3438=CARTESIAN_POINT('Ctrl Pts',(156.653621144729,-69.8783029038351,6.78472042358777));
#3439=CARTESIAN_POINT('Ctrl Pts',(156.302989409456,-70.0520617897691,6.76089803189609));
#3440=CARTESIAN_POINT('Ctrl Pts',(155.959629585948,-70.0387168846732,6.73707564020441));
#3441=CARTESIAN_POINT('Ctrl Pts',(155.616269762439,-70.0253719795773,6.71325324851273));
#3442=CARTESIAN_POINT('Ctrl Pts',(155.280181850696,-69.8249232834514,6.68943085682104));
#3443=CARTESIAN_POINT('Ctrl Pts',(155.105262722328,-69.52915757647,6.66560846512937));
#3444=CARTESIAN_POINT('Ctrl Pts',(154.93034359396,-69.2333918694885,6.64178607343768));
#3445=CARTESIAN_POINT('Ctrl Pts',(154.916593248968,-68.8423091516515,6.617963681746));
#3446=CARTESIAN_POINT('Ctrl Pts',(155.070308061126,-68.5349887790061,6.59414129005432));
#3447=CARTESIAN_POINT('Ctrl Pts',(155.224022873283,-68.2276684063607,6.57031889836264));
#3448=CARTESIAN_POINT('Ctrl Pts',(155.54520284259,-68.004110378907,6.54649650667096));
#3449=CARTESIAN_POINT('Ctrl Pts',(155.886777542348,-67.9666833921867,6.52267411497928));
#3450=CARTESIAN_POINT('Ctrl Pts',(156.228352242106,-67.9292564054664,6.4988517232876));
#3451=CARTESIAN_POINT('Ctrl Pts',(156.590321672315,-68.0779604594796,6.47502933159592));
#3452=CARTESIAN_POINT('Ctrl Pts',(156.806937643736,-68.3447029866987,6.45120693990424));
#3453=CARTESIAN_POINT('Ctrl Pts',(156.954998716222,-68.5270264986657,6.43492388912129));
#3454=CARTESIAN_POINT('Ctrl Pts',(157.035150965751,-68.7644973311425,6.41864083833835));
#3455=CARTESIAN_POINT('Ctrl Pts',(157.036973874722,-69.0008500380917,6.4023577875554));
#3456=CARTESIAN_POINT('Ctrl Pts',(157.039391977664,-69.000304952043,6.52343473910128));
#3457=CARTESIAN_POINT('Ctrl Pts',(157.038123236415,-68.673243626186,6.54610283766796));
#3458=CARTESIAN_POINT('Ctrl Pts',(156.87093716179,-68.3450649675085,6.56877093623465));
#3459=CARTESIAN_POINT('Ctrl Pts',(156.605066766017,-68.1547445785753,6.59143903480133));
#3460=CARTESIAN_POINT('Ctrl Pts',(156.325657856236,-67.9547327937869,6.61526142649301));
#3461=CARTESIAN_POINT('Ctrl Pts',(155.937258433799,-67.9069766390555,6.63908381818469));
#3462=CARTESIAN_POINT('Ctrl Pts',(155.617719156197,-68.0333439726358,6.66290620987638));
#3463=CARTESIAN_POINT('Ctrl Pts',(155.298179878595,-68.1597113062162,6.68672860156806));
#3464=CARTESIAN_POINT('Ctrl Pts',(155.047500745826,-68.4602021281085,6.71055099325974));
#3465=CARTESIAN_POINT('Ctrl Pts',(154.98046938628,-68.7972197088978,6.73437338495142));
#3466=CARTESIAN_POINT('Ctrl Pts',(154.913438026734,-69.1342372896872,6.7581957766431));
#3467=CARTESIAN_POINT('Ctrl Pts',(155.030054440409,-69.5077816293737,6.78201816833478));
#3468=CARTESIAN_POINT('Ctrl Pts',(155.276919202276,-69.7468043108743,6.80584056002646));
#3469=CARTESIAN_POINT('Ctrl Pts',(155.523783964144,-69.985826992375,6.82966295171814));
#3470=CARTESIAN_POINT('Ctrl Pts',(155.900897074203,-70.0903280156899,6.85348534340982));
#3471=CARTESIAN_POINT('Ctrl Pts',(156.235575951875,-70.0124556729429,6.87730773510151));
#3472=CARTESIAN_POINT('Ctrl Pts',(156.570254829546,-69.9345833301959,6.90113012679319));
#3473=CARTESIAN_POINT('Ctrl Pts',(156.86249947483,-69.6743376213869,6.92495251848487));
#3474=CARTESIAN_POINT('Ctrl Pts',(156.978489136974,-69.3508867731893,6.94877491017655));
#3475=CARTESIAN_POINT('Ctrl Pts',(157.018511500003,-69.2392796952022,6.95699485315146));
#3476=CARTESIAN_POINT('Ctrl Pts',(157.037548895989,-69.1201473958377,6.96521479612637));
#3477=CARTESIAN_POINT('Ctrl Pts',(157.036735015946,-69.000763517905,6.97343473910128));
#3478=CARTESIAN_POINT('Origin',(156.,-69.,9.95039626332835));
#3479=CARTESIAN_POINT('',(157.03663428166,-68.9992846207019,7.42343473910128));
#3480=CARTESIAN_POINT('',(157.039150768107,-68.999459423455,7.3023577875554));
#3481=CARTESIAN_POINT('',(157.03775,-69.,9.95039626332835));
#3482=CARTESIAN_POINT('Ctrl Pts',(157.039150768107,-68.999459423455,7.3023577875554));
#3483=CARTESIAN_POINT('Ctrl Pts',(157.037169488929,-69.3123217163898,7.28068714694684));
#3484=CARTESIAN_POINT('Ctrl Pts',(156.886194234779,-69.6268410242863,7.25901650633827));
#3485=CARTESIAN_POINT('Ctrl Pts',(156.639844418148,-69.8192445650658,7.2373458657297));
#3486=CARTESIAN_POINT('Ctrl Pts',(156.369033696354,-70.0307525031148,7.21352347403802));
#3487=CARTESIAN_POINT('Ctrl Pts',(155.982967972872,-70.0946901396169,7.18970108234635));
#3488=CARTESIAN_POINT('Ctrl Pts',(155.658429289018,-69.9817800090778,7.16587869065466));
#3489=CARTESIAN_POINT('Ctrl Pts',(155.333890605163,-69.8688698785388,7.14205629896299));
#3490=CARTESIAN_POINT('Ctrl Pts',(155.070878960936,-69.5791119809586,7.1182339072713));
#3491=CARTESIAN_POINT('Ctrl Pts',(154.989829123082,-69.2451883689152,7.09441151557962));
#3492=CARTESIAN_POINT('Ctrl Pts',(154.908779285227,-68.9112647568717,7.07058912388794));
#3493=CARTESIAN_POINT('Ctrl Pts',(155.009691253745,-68.5331754303649,7.04676673219626));
#3494=CARTESIAN_POINT('Ctrl Pts',(155.246356772626,-68.2840499859208,7.02294434050458));
#3495=CARTESIAN_POINT('Ctrl Pts',(155.483022291508,-68.0349245414766,6.9991219488129));
#3496=CARTESIAN_POINT('Ctrl Pts',(155.855441360752,-67.914762979095,6.97529955712122));
#3497=CARTESIAN_POINT('Ctrl Pts',(156.193080832031,-67.9785880707916,6.95147716542953));
#3498=CARTESIAN_POINT('Ctrl Pts',(156.53072030331,-68.0424131624881,6.92765477373785));
#3499=CARTESIAN_POINT('Ctrl Pts',(156.833580176626,-68.2902249082627,6.90383238204617));
#3500=CARTESIAN_POINT('Ctrl Pts',(156.962978918293,-68.6085486751273,6.88000999035449));
#3501=CARTESIAN_POINT('Ctrl Pts',(157.013046102882,-68.7317150567265,6.87079258942146));
#3502=CARTESIAN_POINT('Ctrl Pts',(157.03714469504,-68.8654376817897,6.86157518848843));
#3503=CARTESIAN_POINT('Ctrl Pts',(157.036443425062,-68.9994028981153,6.8523577875554));
#3504=CARTESIAN_POINT('Ctrl Pts',(157.036735015946,-69.000763517905,6.97343473910128));
#3505=CARTESIAN_POINT('Ctrl Pts',(157.035190172914,-68.7741584381934,6.98903718781805));
#3506=CARTESIAN_POINT('Ctrl Pts',(156.962123873983,-68.546646955012,7.00463963653482));
#3507=CARTESIAN_POINT('Ctrl Pts',(156.825289061986,-68.3679711375723,7.02024208525159));
#3508=CARTESIAN_POINT('Ctrl Pts',(156.616364645851,-68.0951623377392,7.04406447694327));
#3509=CARTESIAN_POINT('Ctrl Pts',(156.258781134575,-67.9362007256593,7.06788686863495));
#3510=CARTESIAN_POINT('Ctrl Pts',(155.916278376634,-67.9638758720324,7.09170926032663));
#3511=CARTESIAN_POINT('Ctrl Pts',(155.573775618693,-67.9915510184055,7.11553165201831));
#3512=CARTESIAN_POINT('Ctrl Pts',(155.246353614086,-68.2058629232317,7.13935404371));
#3513=CARTESIAN_POINT('Ctrl Pts',(155.083941058435,-68.5086767516659,7.16317643540168));
#3514=CARTESIAN_POINT('Ctrl Pts',(154.921528502783,-68.8114905801,7.18699882709336));
#3515=CARTESIAN_POINT('Ctrl Pts',(154.924125396088,-69.202806332142,7.21082121878504));
#3516=CARTESIAN_POINT('Ctrl Pts',(155.090542603775,-69.5034379437696,7.23464361047672));
#3517=CARTESIAN_POINT('Ctrl Pts',(155.256959811462,-69.8040695553972,7.2584660021684));
#3518=CARTESIAN_POINT('Ctrl Pts',(155.587197333531,-70.0140170266103,7.28228839386008));
#3519=CARTESIAN_POINT('Ctrl Pts',(155.930037230343,-70.0371440255035,7.30611078555176));
#3520=CARTESIAN_POINT('Ctrl Pts',(156.272877127155,-70.0602710243967,7.32993317724344));
#3521=CARTESIAN_POINT('Ctrl Pts',(156.628319398711,-69.89657755097,7.35375556893513));
#3522=CARTESIAN_POINT('Ctrl Pts',(156.833604684328,-69.6210199264459,7.37757796062681));
#3523=CARTESIAN_POINT('Ctrl Pts',(156.965325601752,-69.4442088949271,7.39286355345163));
#3524=CARTESIAN_POINT('Ctrl Pts',(157.035225039793,-69.2213420154738,7.40814914627645));
#3525=CARTESIAN_POINT('Ctrl Pts',(157.03663428166,-68.9992846207019,7.42343473910128));
#3526=CARTESIAN_POINT('Origin',(156.,-69.,9.95039626332835));
#3527=CARTESIAN_POINT('',(157.039328153142,-68.9996163278876,7.87343473910128));
#3528=CARTESIAN_POINT('',(157.038075764654,-69.0009278680166,7.7523577875554));
#3529=CARTESIAN_POINT('',(157.03775,-69.,9.95039626332835));
#3530=CARTESIAN_POINT('Ctrl Pts',(157.038075764654,-69.0009278680166,7.7523577875554));
#3531=CARTESIAN_POINT('Ctrl Pts',(157.038732487491,-69.0720617859716,7.7474438887886));
#3532=CARTESIAN_POINT('Ctrl Pts',(157.032044814766,-69.1430729931952,7.7425299900218));
#3533=CARTESIAN_POINT('Ctrl Pts',(157.017558366635,-69.2124558949937,7.737616091255));
#3534=CARTESIAN_POINT('Ctrl Pts',(156.947328624838,-69.5488215268047,7.71379369956332));
#3535=CARTESIAN_POINT('Ctrl Pts',(156.693806370148,-69.8469175358113,7.68997130787164));
#3536=CARTESIAN_POINT('Ctrl Pts',(156.373081115247,-69.9702437932149,7.66614891617996));
#3537=CARTESIAN_POINT('Ctrl Pts',(156.052355860346,-70.0935700506185,7.64232652448828));
#3538=CARTESIAN_POINT('Ctrl Pts',(155.664427605234,-70.0421265564189,7.6185041327966));
#3539=CARTESIAN_POINT('Ctrl Pts',(155.386931256746,-69.8394696259373,7.59468174110492));
#3540=CARTESIAN_POINT('Ctrl Pts',(155.109434908258,-69.6368126954557,7.57085934941324));
#3541=CARTESIAN_POINT('Ctrl Pts',(154.942370466394,-69.282942328692,7.54703695772155));
#3542=CARTESIAN_POINT('Ctrl Pts',(154.962237841058,-68.9398981007557,7.52321456602988));
#3543=CARTESIAN_POINT('Ctrl Pts',(154.982105215722,-68.5968538728194,7.4993921743382));
#3544=CARTESIAN_POINT('Ctrl Pts',(155.188904406914,-68.2646357837106,7.47556978264652));
#3545=CARTESIAN_POINT('Ctrl Pts',(155.487940700918,-68.0953686877797,7.45174739095484));
#3546=CARTESIAN_POINT('Ctrl Pts',(155.786976994922,-67.9261015918488,7.42792499926316));
#3547=CARTESIAN_POINT('Ctrl Pts',(156.178250391737,-67.9197854890958,7.40410260757147));
#3548=CARTESIAN_POINT('Ctrl Pts',(156.482594222078,-68.0793125646331,7.38028021587979));
#3549=CARTESIAN_POINT('Ctrl Pts',(156.78693805242,-68.2388396401704,7.35645782418811));
#3550=CARTESIAN_POINT('Ctrl Pts',(157.004352316288,-68.564209893998,7.33263543249643));
#3551=CARTESIAN_POINT('Ctrl Pts',(157.035281588169,-68.9064341407096,7.30881304080475));
#3552=CARTESIAN_POINT('Ctrl Pts',(157.038075266282,-68.9373454531866,7.30666128972163));
#3553=CARTESIAN_POINT('Ctrl Pts',(157.039347496006,-68.9683942699208,7.30450953863852));
#3554=CARTESIAN_POINT('Ctrl Pts',(157.039150768107,-68.999459423455,7.3023577875554));
#3555=CARTESIAN_POINT('Ctrl Pts',(157.03663428166,-68.9992846207019,7.42343473910128));
#3556=CARTESIAN_POINT('Ctrl Pts',(157.037421324368,-68.8752685398217,7.43197153796813));
#3557=CARTESIAN_POINT('Ctrl Pts',(157.016845775611,-68.7515049431146,7.44050833683499));
#3558=CARTESIAN_POINT('Ctrl Pts',(156.973745971306,-68.6361575861157,7.44904513570185));
#3559=CARTESIAN_POINT('Ctrl Pts',(156.85347367299,-68.3142746459311,7.47286752739353));
#3560=CARTESIAN_POINT('Ctrl Pts',(156.55780077668,-68.0579305411835,7.49668991908521));
#3561=CARTESIAN_POINT('Ctrl Pts',(156.222117851888,-67.984506928311,7.52051231077689));
#3562=CARTESIAN_POINT('Ctrl Pts',(155.886434927096,-67.9110833154386,7.54433470246857));
#3563=CARTESIAN_POINT('Ctrl Pts',(155.510741973822,-68.0205801944414,7.56815709416025));
#3564=CARTESIAN_POINT('Ctrl Pts',(155.267071273483,-68.2628582221703,7.59197948585193));
#3565=CARTESIAN_POINT('Ctrl Pts',(155.023400573144,-68.5051362498992,7.61580187754361));
#3566=CARTESIAN_POINT('Ctrl Pts',(154.911752125739,-68.8801954263543,7.63962426923529));
#3567=CARTESIAN_POINT('Ctrl Pts',(154.983250491781,-69.2162936807047,7.66344666092698));
#3568=CARTESIAN_POINT('Ctrl Pts',(155.054748857824,-69.5523919350552,7.68726905261865));
#3569=CARTESIAN_POINT('Ctrl Pts',(155.309394037313,-69.849529267301,7.71109144431033));
#3570=CARTESIAN_POINT('Ctrl Pts',(155.630582322893,-69.9716445330554,7.73491383600202));
#3571=CARTESIAN_POINT('Ctrl Pts',(155.951770608473,-70.0937597988099,7.7587362276937));
#3572=CARTESIAN_POINT('Ctrl Pts',(156.339502000143,-70.040852998073,7.78255861938538));
#3573=CARTESIAN_POINT('Ctrl Pts',(156.616231736139,-69.8371505038822,7.80638101107706));
#3574=CARTESIAN_POINT('Ctrl Pts',(156.875872059605,-69.6460276334317,7.8287322537518));
#3575=CARTESIAN_POINT('Ctrl Pts',(157.037797192768,-69.3221587260569,7.85108349642654));
#3576=CARTESIAN_POINT('Ctrl Pts',(157.039328153142,-68.9996163278876,7.87343473910128));
#3577=CARTESIAN_POINT('Origin',(156.,-69.,9.95039626332835));
#3578=CARTESIAN_POINT('',(157.037776034005,-69.0009498150456,8.32343473910128));
#3579=CARTESIAN_POINT('',(157.036092385854,-68.9999836593922,8.2023577875554));
#3580=CARTESIAN_POINT('',(157.03775,-69.,9.95039626332835));
#3581=CARTESIAN_POINT('Ctrl Pts',(157.036092385854,-68.9999836593922,8.2023577875554));
#3582=CARTESIAN_POINT('Ctrl Pts',(157.036067927599,-69.1742412740822,8.19037823893869));
#3583=CARTESIAN_POINT('Ctrl Pts',(156.994465527666,-69.3485098603072,8.17839869032198));
#3584=CARTESIAN_POINT('Ctrl Pts',(156.911350427451,-69.5000029351986,8.16641914170526));
#3585=CARTESIAN_POINT('Ctrl Pts',(156.746068701388,-69.8012603100887,8.14259675001358));
#3586=CARTESIAN_POINT('Ctrl Pts',(156.416625669745,-70.0124522917313,8.1187743583219));
#3587=CARTESIAN_POINT('Ctrl Pts',(156.073875469749,-70.0368726786817,8.09495196663022));
#3588=CARTESIAN_POINT('Ctrl Pts',(155.731125269753,-70.0612930656321,8.07112957493854));
#3589=CARTESIAN_POINT('Ctrl Pts',(155.375067901404,-69.8989418578903,8.04730718324686));
#3590=CARTESIAN_POINT('Ctrl Pts',(155.168744382267,-69.6241607443702,8.02348479155518));
#3591=CARTESIAN_POINT('Ctrl Pts',(154.962420863129,-69.3493796308501,7.9996623998635));
#3592=CARTESIAN_POINT('Ctrl Pts',(154.905831193202,-68.9621686115517,7.97584000817182));
#3593=CARTESIAN_POINT('Ctrl Pts',(155.024888155616,-68.6398341662977,7.95201761648014));
#3594=CARTESIAN_POINT('Ctrl Pts',(155.143945118029,-68.3174997210438,7.92819522478846));
#3595=CARTESIAN_POINT('Ctrl Pts',(155.438648712784,-68.0600418498342,7.90437283309677));
#3596=CARTESIAN_POINT('Ctrl Pts',(155.774052219944,-67.9853522101173,7.88055044140509));
#3597=CARTESIAN_POINT('Ctrl Pts',(156.109455727104,-67.9106625704005,7.85672804971341));
#3598=CARTESIAN_POINT('Ctrl Pts',(156.48555914667,-68.0187411621762,7.83290565802173));
#3599=CARTESIAN_POINT('Ctrl Pts',(156.730142242002,-68.2600980853718,7.80908326633005));
#3600=CARTESIAN_POINT('Ctrl Pts',(156.92427462751,-68.4516697685881,7.79017477340517));
#3601=CARTESIAN_POINT('Ctrl Pts',(157.035548720506,-68.7272072953709,7.77126628048028));
#3602=CARTESIAN_POINT('Ctrl Pts',(157.038075764654,-69.0009278680166,7.7523577875554));
#3603=CARTESIAN_POINT('Ctrl Pts',(157.039328153142,-68.9996163278876,7.87343473910128));
#3604=CARTESIAN_POINT('Ctrl Pts',(157.039428920284,-68.9783867283125,7.87490588811822));
#3605=CARTESIAN_POINT('Ctrl Pts',(157.038834825413,-68.9571628754604,7.87637703713516));
#3606=CARTESIAN_POINT('Ctrl Pts',(157.037527995963,-68.9359829993781,7.8778481861521));
#3607=CARTESIAN_POINT('Ctrl Pts',(157.01636643947,-68.5930161767099,7.90167057784378));
#3608=CARTESIAN_POINT('Ctrl Pts',(156.808315246161,-68.2615807190182,7.92549296953547));
#3609=CARTESIAN_POINT('Ctrl Pts',(156.508642429783,-68.0934431085686,7.94931536122715));
#3610=CARTESIAN_POINT('Ctrl Pts',(156.208969613405,-67.9253054981191,7.97313775291883));
#3611=CARTESIAN_POINT('Ctrl Pts',(155.817675173957,-67.9204657349116,7.99696014461051));
#3612=CARTESIAN_POINT('Ctrl Pts',(155.513935416284,-68.0811399784359,8.02078253630219));
#3613=CARTESIAN_POINT('Ctrl Pts',(155.21019565861,-68.2418142219601,8.04460492799387));
#3614=CARTESIAN_POINT('Ctrl Pts',(154.99401058271,-68.5680024722162,8.06842731968555));
#3615=CARTESIAN_POINT('Ctrl Pts',(154.964372760823,-68.9103409778515,8.09224971137723));
#3616=CARTESIAN_POINT('Ctrl Pts',(154.934734938936,-69.2526794834868,8.11607210306891));
#3617=CARTESIAN_POINT('Ctrl Pts',(155.091644371061,-69.6111682445013,8.13989449476059));
#3618=CARTESIAN_POINT('Ctrl Pts',(155.363251193229,-69.821652892566,8.16371688645227));
#3619=CARTESIAN_POINT('Ctrl Pts',(155.634858015398,-70.0321375406306,8.18753927814395));
#3620=CARTESIAN_POINT('Ctrl Pts',(156.02116222761,-70.0946180757453,8.21136166983564));
#3621=CARTESIAN_POINT('Ctrl Pts',(156.345272583002,-69.9804842488123,8.23518406152732));
#3622=CARTESIAN_POINT('Ctrl Pts',(156.669382938394,-69.8663504218793,8.259006453219));
#3623=CARTESIAN_POINT('Ctrl Pts',(156.931299436967,-69.5756022328985,8.28282884491068));
#3624=CARTESIAN_POINT('Ctrl Pts',(157.011088786363,-69.2413751952875,8.30665123660236));
#3625=CARTESIAN_POINT('Ctrl Pts',(157.029826685875,-69.1628846111129,8.31224573743533));
#3626=CARTESIAN_POINT('Ctrl Pts',(157.03852012401,-69.0819961328421,8.31784023826831));
#3627=CARTESIAN_POINT('Ctrl Pts',(157.037776034005,-69.0009498150456,8.32343473910128));
#3628=CARTESIAN_POINT('Origin',(156.,-69.,9.95039626332835));
#3629=CARTESIAN_POINT('',(157.036120023869,-68.9998219625229,8.77343473910128));
#3630=CARTESIAN_POINT('',(157.038135800213,-68.9990802127954,8.6523577875554));
#3631=CARTESIAN_POINT('',(157.03775,-69.,9.95039626332835));
#3632=CARTESIAN_POINT('Ctrl Pts',(157.038135800213,-68.9990802127954,8.6523577875554));
#3633=CARTESIAN_POINT('Ctrl Pts',(157.035597128146,-69.2747387472076,8.63331258908877));
#3634=CARTESIAN_POINT('Ctrl Pts',(156.922531038798,-69.5522369195082,8.61426739062215));
#3635=CARTESIAN_POINT('Ctrl Pts',(156.725893387672,-69.7440707804061,8.59522219215552));
#3636=CARTESIAN_POINT('Ctrl Pts',(156.479932225614,-69.9840231958164,8.57139980046384));
#3637=CARTESIAN_POINT('Ctrl Pts',(156.103216084624,-70.0899463434429,8.54757740877216));
#3638=CARTESIAN_POINT('Ctrl Pts',(155.768245770118,-70.013337314931,8.52375501708048));
#3639=CARTESIAN_POINT('Ctrl Pts',(155.433275455613,-69.936728286419,8.4999326253888));
#3640=CARTESIAN_POINT('Ctrl Pts',(155.140050967591,-69.6775870817686,8.47611023369712));
#3641=CARTESIAN_POINT('Ctrl Pts',(155.022841733455,-69.3545761680942,8.45228784200544));
#3642=CARTESIAN_POINT('Ctrl Pts',(154.905632499319,-69.0315652544198,8.42846545031376));
#3643=CARTESIAN_POINT('Ctrl Pts',(154.964438519068,-68.6446846317215,8.40464305862207));
#3644=CARTESIAN_POINT('Ctrl Pts',(155.172332128274,-68.3710894889535,8.38082066693039));
#3645=CARTESIAN_POINT('Ctrl Pts',(155.380225737481,-68.0974943461855,8.35699827523871));
#3646=CARTESIAN_POINT('Ctrl Pts',(155.737206936145,-67.9371846833479,8.33317588354703));
#3647=CARTESIAN_POINT('Ctrl Pts',(156.079811678756,-67.9635673525163,8.30935349185535));
#3648=CARTESIAN_POINT('Ctrl Pts',(156.422416421366,-67.9899500216846,8.28553110016367));
#3649=CARTESIAN_POINT('Ctrl Pts',(156.750644707923,-68.2030250228589,8.26170870847199));
#3650=CARTESIAN_POINT('Ctrl Pts',(156.91419864096,-68.5052239075149,8.23788631678031));
#3651=CARTESIAN_POINT('Ctrl Pts',(156.995506327792,-68.6554562609549,8.22604347370534));
#3652=CARTESIAN_POINT('Ctrl Pts',(157.036116565002,-68.8277145988942,8.21420063063037));
#3653=CARTESIAN_POINT('Ctrl Pts',(157.036092385854,-68.9999836593922,8.2023577875554));
#3654=CARTESIAN_POINT('Ctrl Pts',(157.037776034005,-69.0009498150456,8.32343473910128));
#3655=CARTESIAN_POINT('Ctrl Pts',(157.035351654816,-68.7368863213756,8.34166262995999));
#3656=CARTESIAN_POINT('Ctrl Pts',(156.932740958309,-68.4711472448021,8.35989052081869));
#3657=CARTESIAN_POINT('Ctrl Pts',(156.750936540634,-68.2812115535221,8.3781184116774));
#3658=CARTESIAN_POINT('Ctrl Pts',(156.513332745291,-68.0329808356089,8.40194080336908));
#3659=CARTESIAN_POINT('Ctrl Pts',(156.140462954385,-67.9142252860235,8.42576319506076));
#3660=CARTESIAN_POINT('Ctrl Pts',(155.803066704532,-67.9793238537099,8.44958558675245));
#3661=CARTESIAN_POINT('Ctrl Pts',(155.465670454679,-68.0444224213963,8.47340797844413));
#3662=CARTESIAN_POINT('Ctrl Pts',(155.163747745879,-68.2933751063543,8.49723037013581));
#3663=CARTESIAN_POINT('Ctrl Pts',(155.03555097828,-68.6121848331359,8.52105276182749));
#3664=CARTESIAN_POINT('Ctrl Pts',(154.907354210681,-68.9309945599174,8.54487515351917));
#3665=CARTESIAN_POINT('Ctrl Pts',(154.952883384282,-69.3196613285223,8.56869754521085));
#3666=CARTESIAN_POINT('Ctrl Pts',(155.151290389611,-69.6002120596038,8.59251993690253));
#3667=CARTESIAN_POINT('Ctrl Pts',(155.34969739494,-69.8807627906854,8.61634232859421));
#3668=CARTESIAN_POINT('Ctrl Pts',(155.700982231996,-70.0531974842436,8.64016472028589));
#3669=CARTESIAN_POINT('Ctrl Pts',(156.044289257952,-70.0385571615045,8.66398711197757));
#3670=CARTESIAN_POINT('Ctrl Pts',(156.387596283909,-70.0239168387653,8.68780950366926));
#3671=CARTESIAN_POINT('Ctrl Pts',(156.722925498765,-69.8222014997288,8.71163189536094));
#3672=CARTESIAN_POINT('Ctrl Pts',(156.89672744073,-69.5257779186965,8.73545428705262));
#3673=CARTESIAN_POINT('Ctrl Pts',(156.989092590407,-69.3682468340599,8.74811443773551));
#3674=CARTESIAN_POINT('Ctrl Pts',(157.035837991437,-69.1839675346028,8.76077458841839));
#3675=CARTESIAN_POINT('Ctrl Pts',(157.036120023869,-68.9998219625229,8.77343473910128));
#3676=CARTESIAN_POINT('Origin',(156.,-69.,9.95039626332835));
#3677=CARTESIAN_POINT('',(157.038429656187,-68.9991379731233,9.22343473910128));
#3678=CARTESIAN_POINT('',(157.039109283097,-69.0005697414769,9.1023577875554));
#3679=CARTESIAN_POINT('',(157.03775,-69.,9.95039626332835));
#3680=CARTESIAN_POINT('Ctrl Pts',(157.039109283097,-69.0005697414769,9.1023577875554));
#3681=CARTESIAN_POINT('Ctrl Pts',(157.039327592158,-69.0336120154416,9.10006933093054));
#3682=CARTESIAN_POINT('Ctrl Pts',(157.037888216894,-69.0666350250789,9.09778087430568));
#3683=CARTESIAN_POINT('Ctrl Pts',(157.034728848441,-69.0994926511863,9.09549241768082));
#3684=CARTESIAN_POINT('Ctrl Pts',(157.001840432748,-69.4415341959916,9.07167002598914));
#3685=CARTESIAN_POINT('Ctrl Pts',(156.782566536198,-69.7656541065782,9.04784763429746));
#3686=CARTESIAN_POINT('Ctrl Pts',(156.47731418982,-69.9234358006176,9.02402524260578));
#3687=CARTESIAN_POINT('Ctrl Pts',(156.172061843442,-70.0812174946569,9.0002028509141));
#3688=CARTESIAN_POINT('Ctrl Pts',(155.780831047237,-70.0726609721491,8.97638045922242));
#3689=CARTESIAN_POINT('Ctrl Pts',(155.482768930919,-69.9016842910238,8.95255806753073));
#3690=CARTESIAN_POINT('Ctrl Pts',(155.184706814601,-69.7307076098985,8.92873567583905));
#3691=CARTESIAN_POINT('Ctrl Pts',(154.97981337817,-69.3973107701558,8.90491328414737));
#3692=CARTESIAN_POINT('Ctrl Pts',(154.9619106933,-69.0541583983594,8.88109089245569));
#3693=CARTESIAN_POINT('Ctrl Pts',(154.944008008431,-68.7110060265631,8.85726850076401));
#3694=CARTESIAN_POINT('Ctrl Pts',(155.113096075121,-68.3580981227132,8.83344610907233));
#3695=CARTESIAN_POINT('Ctrl Pts',(155.391748344786,-68.1570335368107,8.80962371738065));
#3696=CARTESIAN_POINT('Ctrl Pts',(155.67040061445,-67.9559689509083,8.78580132568897));
#3697=CARTESIAN_POINT('Ctrl Pts',(156.058617087088,-67.9067476829533,8.76197893399728));
#3698=CARTESIAN_POINT('Ctrl Pts',(156.378630882783,-68.0319084795773,8.7381565423056));
#3699=CARTESIAN_POINT('Ctrl Pts',(156.698644678477,-68.1570692762014,8.71433415061392));
#3700=CARTESIAN_POINT('Ctrl Pts',(156.950455797228,-68.4566121374044,8.69051175892224));
#3701=CARTESIAN_POINT('Ctrl Pts',(157.018758265041,-68.793374409603,8.66668936723056));
#3702=CARTESIAN_POINT('Ctrl Pts',(157.032455214143,-68.8609066064547,8.66191217400551));
#3703=CARTESIAN_POINT('Ctrl Pts',(157.038772586804,-68.9299355364966,8.65713498078046));
#3704=CARTESIAN_POINT('Ctrl Pts',(157.038135800213,-68.9990802127954,8.6523577875554));
#3705=CARTESIAN_POINT('Ctrl Pts',(157.036120023869,-68.9998219625229,8.77343473910128));
#3706=CARTESIAN_POINT('Ctrl Pts',(157.036368687101,-68.8374639221058,8.78459698011007));
#3707=CARTESIAN_POINT('Ctrl Pts',(157.000498348976,-68.6752098366851,8.79575922111887));
#3708=CARTESIAN_POINT('Ctrl Pts',(156.927930801086,-68.5314843120562,8.80692146212766));
#3709=CARTESIAN_POINT('Ctrl Pts',(156.773057550401,-68.224746109476,8.83074385381934));
#3710=CARTESIAN_POINT('Ctrl Pts',(156.451036379958,-68.0024015273437,8.85456624551102));
#3711=CARTESIAN_POINT('Ctrl Pts',(156.109322897266,-67.9662635733684,8.87838863720271));
#3712=CARTESIAN_POINT('Ctrl Pts',(155.767609414574,-67.930125619393,8.90221102889439));
#3713=CARTESIAN_POINT('Ctrl Pts',(155.406203619634,-68.0801942935746,8.92603342058607));
#3714=CARTESIAN_POINT('Ctrl Pts',(155.190595631679,-68.3477522495751,8.94985581227775));
#3715=CARTESIAN_POINT('Ctrl Pts',(154.974987643725,-68.6153102055757,8.97367820396943));
#3716=CARTESIAN_POINT('Ctrl Pts',(154.905177462755,-69.0003574433952,8.99750059566111));
#3717=CARTESIAN_POINT('Ctrl Pts',(155.013131585711,-69.3265781072432,9.02132298735279));
#3718=CARTESIAN_POINT('Ctrl Pts',(155.121085708667,-69.6527987710913,9.04514537904447));
#3719=CARTESIAN_POINT('Ctrl Pts',(155.40680413555,-69.9201928609678,9.06896777073615));
#3720=CARTESIAN_POINT('Ctrl Pts',(155.739454608362,-70.0063192452449,9.09279016242783));
#3721=CARTESIAN_POINT('Ctrl Pts',(156.072105081174,-70.0924456295219,9.11661255411951));
#3722=CARTESIAN_POINT('Ctrl Pts',(156.451687599916,-69.9973043081995,9.1404349458112));
#3723=CARTESIAN_POINT('Ctrl Pts',(156.704388629605,-69.764460318331,9.16425733750288));
#3724=CARTESIAN_POINT('Ctrl Pts',(156.913634207068,-69.5716570868649,9.18398313803568));
#3725=CARTESIAN_POINT('Ctrl Pts',(157.035884278423,-69.2844388746791,9.20370893856848));
#3726=CARTESIAN_POINT('Ctrl Pts',(157.038429656187,-68.9991379731233,9.22343473910128));
#3727=CARTESIAN_POINT('Origin',(156.,-69.,9.95039626332835));
#3728=CARTESIAN_POINT('',(157.038874543068,-69.0006846981619,9.67343473910128));
#3729=CARTESIAN_POINT('',(157.036407878978,-69.0005695567223,9.5523577875554));
#3730=CARTESIAN_POINT('',(157.03775,-69.,9.95039626332835));
#3731=CARTESIAN_POINT('',(155.223602502526,-69.6885724278656,9.95039626332835));
#3732=CARTESIAN_POINT('Ctrl Pts',(157.038874543068,-69.0006846981619,9.67343473910128));
#3733=CARTESIAN_POINT('Ctrl Pts',(157.036550728381,-68.6994690688231,9.69428807210193));
#3734=CARTESIAN_POINT('Ctrl Pts',(156.898129668762,-68.3964349315322,9.71514140510257));
#3735=CARTESIAN_POINT('Ctrl Pts',(156.667530393333,-68.2032092704495,9.73599473810322));
#3736=CARTESIAN_POINT('Ctrl Pts',(156.404098822805,-67.9824724998311,9.7598171297949));
#3737=CARTESIAN_POINT('Ctrl Pts',(156.020372117483,-67.9050388440647,9.78363952148658));
#3738=CARTESIAN_POINT('Ctrl Pts',(155.692208688346,-68.006940301156,9.80746191317826));
#3739=CARTESIAN_POINT('Ctrl Pts',(155.36404525921,-68.1088417582472,9.83128430486994));
#3740=CARTESIAN_POINT('Ctrl Pts',(155.09144510626,-68.390078328196,9.85510669656162));
#3741=CARTESIAN_POINT('Ctrl Pts',(154.999075602482,-68.7204490140709,9.8789290882533));
#3742=CARTESIAN_POINT('Ctrl Pts',(154.906706098703,-69.0508196999459,9.90275147994499));
#3743=CARTESIAN_POINT('Ctrl Pts',(154.994567244096,-69.4303245017469,9.92657387163667));
#3744=CARTESIAN_POINT('Ctrl Pts',(155.223602502526,-69.6885724278656,9.95039626332835));
#3745=CARTESIAN_POINT('',(156.777935603418,-69.6896396939396,9.95039626332835));
#3746=CARTESIAN_POINT('Origin',(156.,-69.,9.95039626332835));
#3747=CARTESIAN_POINT('Ctrl Pts',(156.777941043522,-69.6896434687368,9.95039626332835));
#3748=CARTESIAN_POINT('Ctrl Pts',(156.557852474975,-69.9364440835942,9.92747462338767));
#3749=CARTESIAN_POINT('Ctrl Pts',(156.209313434629,-70.0705511827032,9.90455298344698));
#3750=CARTESIAN_POINT('Ctrl Pts',(155.880806182145,-70.0326011598413,9.8816313435063));
#3751=CARTESIAN_POINT('Ctrl Pts',(155.53938957921,-69.9931598148213,9.85780895181462));
#3752=CARTESIAN_POINT('Ctrl Pts',(155.219610076766,-69.767872989418,9.83398656012294));
#3753=CARTESIAN_POINT('Ctrl Pts',(155.067687427734,-69.4597050653316,9.81016416843126));
#3754=CARTESIAN_POINT('Ctrl Pts',(154.915764778702,-69.1515371412452,9.78634177673957));
#3755=CARTESIAN_POINT('Ctrl Pts',(154.931698983082,-68.7604881184759,9.76251938504788));
#3756=CARTESIAN_POINT('Ctrl Pts',(155.108294525699,-68.465715549803,9.7386969933562));
#3757=CARTESIAN_POINT('Ctrl Pts',(155.284890068315,-68.1709429811301,9.71487460166452));
#3758=CARTESIAN_POINT('Ctrl Pts',(155.622146949168,-67.9724468665536,9.69105220997285));
#3759=CARTESIAN_POINT('Ctrl Pts',(155.965584471074,-67.9610747740212,9.66722981828117));
#3760=CARTESIAN_POINT('Ctrl Pts',(156.309021992979,-67.9497026814888,9.64340742658949));
#3761=CARTESIAN_POINT('Ctrl Pts',(156.658640155937,-68.1254546110004,9.6195850348978));
#3762=CARTESIAN_POINT('Ctrl Pts',(156.854369869339,-68.4078743086977,9.59576264320612));
#3763=CARTESIAN_POINT('Ctrl Pts',(156.97324430292,-68.5793990149506,9.58129435798921));
#3764=CARTESIAN_POINT('Ctrl Pts',(157.035355202646,-68.7902693607763,9.56682607277231));
#3765=CARTESIAN_POINT('Ctrl Pts',(157.036407878978,-69.0005695567223,9.5523577875554));
#3766=CARTESIAN_POINT('Origin',(156.,-69.,10.9440713445044));
#3767=CARTESIAN_POINT('',(157.289499465772,-68.9988474829108,5.35672118215232));
#3768=CARTESIAN_POINT('',(157.291038182773,-69.0010230714971,5.31907134450436));
#3769=CARTESIAN_POINT('',(157.29,-69.0000000000001,10.9440713445044));
#3770=CARTESIAN_POINT('',(156.543954267274,-67.8302933038087,4.95039626332835));
#3771=CARTESIAN_POINT('Ctrl Pts',(157.291038182773,-69.0010230714971,5.31907134450436));
#3772=CARTESIAN_POINT('Ctrl Pts',(157.291627353213,-69.0689565442942,5.31529160923743));
#3773=CARTESIAN_POINT('Ctrl Pts',(157.255835885042,-69.5644296079365,5.28768948227881));
#3774=CARTESIAN_POINT('Ctrl Pts',(156.614092210801,-70.3957487831914,5.23626496362852));
#3775=CARTESIAN_POINT('Ctrl Pts',(155.160527735855,-70.2727941494465,5.16479778855348));
#3776=CARTESIAN_POINT('Ctrl Pts',(154.474319160038,-68.984279064317,5.09333061347843));
#3777=CARTESIAN_POINT('Ctrl Pts',(155.18832651103,-67.7100697137473,5.02186343840339));
#3778=CARTESIAN_POINT('Ctrl Pts',(156.154882523172,-67.6493614204836,4.97421865502003));
#3779=CARTESIAN_POINT('Ctrl Pts',(156.543954267274,-67.8302933038087,4.95039626332835));
#3780=CARTESIAN_POINT('',(157.059531908779,-68.2600950873817,4.95039626332834));
#3781=CARTESIAN_POINT('Origin',(156.,-69.,4.95039626332835));
#3782=CARTESIAN_POINT('Ctrl Pts',(157.289499465772,-68.9988474829108,5.35672118215232));
#3783=CARTESIAN_POINT('Ctrl Pts',(157.286809245001,-69.3094639742787,5.33949074925174));
#3784=CARTESIAN_POINT('Ctrl Pts',(157.018245940536,-70.0536999524694,5.29843792465947));
#3785=CARTESIAN_POINT('Ctrl Pts',(155.773930755683,-70.5080544919163,5.23356270837551));
#3786=CARTESIAN_POINT('Ctrl Pts',(154.610088625155,-69.6275747191731,5.16209553330048));
#3787=CARTESIAN_POINT('Ctrl Pts',(154.719414668551,-68.1721563269777,5.09062835822543));
#3788=CARTESIAN_POINT('Ctrl Pts',(155.984806580198,-67.4840804779052,5.02006193490139));
#3789=CARTESIAN_POINT('Ctrl Pts',(156.823198756677,-67.9237674277646,4.97331790326903));
#3790=CARTESIAN_POINT('Ctrl Pts',(157.059539167715,-68.2600912070769,4.95039626332835));
#3791=CARTESIAN_POINT('Origin',(156.,-69.,10.9440713445044));
#3792=CARTESIAN_POINT('',(157.292152734087,-69.0001583200109,5.80672118215232));
#3793=CARTESIAN_POINT('',(157.288009461361,-69.000313069081,5.76907134450436));
#3794=CARTESIAN_POINT('',(157.29,-69.0000000000001,10.9440713445044));
#3795=CARTESIAN_POINT('Ctrl Pts',(157.288009461361,-69.000313069081,5.76907134450436));
#3796=CARTESIAN_POINT('Ctrl Pts',(157.288435096421,-69.1963936457888,5.75822595938751));
#3797=CARTESIAN_POINT('Ctrl Pts',(157.154226611811,-69.8226217117282,5.72355818257899));
#3798=CARTESIAN_POINT('Ctrl Pts',(156.180485716321,-70.5142175444205,5.66506801407877));
#3799=CARTESIAN_POINT('Ctrl Pts',(154.825421794171,-69.9725144565361,5.59360083900374));
#3800=CARTESIAN_POINT('Ctrl Pts',(154.546034187677,-68.5401707053626,5.52213366392869));
#3801=CARTESIAN_POINT('Ctrl Pts',(155.598244835064,-67.5289428072915,5.45066648885365));
#3802=CARTESIAN_POINT('Ctrl Pts',(156.943206885692,-67.8471626801835,5.38297904904554));
#3803=CARTESIAN_POINT('Ctrl Pts',(157.287914011406,-68.6407948653248,5.33911400092911));
#3804=CARTESIAN_POINT('Ctrl Pts',(157.291038182773,-69.0010230714971,5.31907134450436));
#3805=CARTESIAN_POINT('Ctrl Pts',(157.292152734087,-69.0001583200109,5.80672118215232));
#3806=CARTESIAN_POINT('Ctrl Pts',(157.29216743377,-69.008652194289,5.8062474910935));
#3807=CARTESIAN_POINT('Ctrl Pts',(157.288243445155,-69.4442974607516,5.781951408343));
#3808=CARTESIAN_POINT('Ctrl Pts',(156.801070513152,-70.2975810160591,5.73383293390082));
#3809=CARTESIAN_POINT('Ctrl Pts',(155.343874737393,-70.3765640416998,5.66236575882578));
#3810=CARTESIAN_POINT('Ctrl Pts',(154.487565520502,-69.1948727409122,5.59089858375074));
#3811=CARTESIAN_POINT('Ctrl Pts',(155.016367101474,-67.8347119561213,5.51943140867569));
#3812=CARTESIAN_POINT('Ctrl Pts',(156.445985710471,-67.5417424383801,5.44796423360066));
#3813=CARTESIAN_POINT('Ctrl Pts',(157.220973758547,-68.3329087550733,5.39372749142619));
#3814=CARTESIAN_POINT('Ctrl Pts',(157.290528681031,-68.8800129113858,5.36331314094341));
#3815=CARTESIAN_POINT('Ctrl Pts',(157.289499465772,-68.9988474829108,5.35672118215232));
#3816=CARTESIAN_POINT('Origin',(156.,-69.,10.9440713445044));
#3817=CARTESIAN_POINT('',(157.289035218878,-69.0010566602153,6.25672118215232));
#3818=CARTESIAN_POINT('',(157.289860382708,-68.998819468694,6.21907134450436));
#3819=CARTESIAN_POINT('',(157.29,-69.0000000000001,10.9440713445044));
#3820=CARTESIAN_POINT('Ctrl Pts',(157.289860382708,-68.998819468694,6.21907134450436));
#3821=CARTESIAN_POINT('Ctrl Pts',(157.286934394613,-69.3214737450123,6.2011603095376));
#3822=CARTESIAN_POINT('Ctrl Pts',(157.000993945459,-70.0778954462766,6.15942688287915));
#3823=CARTESIAN_POINT('Ctrl Pts',(155.730999021637,-70.5010226017926,6.09387106452903));
#3824=CARTESIAN_POINT('Ctrl Pts',(154.59283975415,-69.5876480441551,6.02240388945399));
#3825=CARTESIAN_POINT('Ctrl Pts',(154.743376180504,-68.1360976665723,5.95093671437895));
#3826=CARTESIAN_POINT('Ctrl Pts',(156.044745741367,-67.475720419313,5.8794695393039));
#3827=CARTESIAN_POINT('Ctrl Pts',(157.113867183733,-68.0996721014884,5.81884774934571));
#3828=CARTESIAN_POINT('Ctrl Pts',(157.28750016926,-68.7656935598869,5.78204835107919));
#3829=CARTESIAN_POINT('Ctrl Pts',(157.288009461361,-69.000313069081,5.76907134450436));
#3830=CARTESIAN_POINT('Ctrl Pts',(157.289035218878,-69.0010566602153,6.25672118215232));
#3831=CARTESIAN_POINT('Ctrl Pts',(157.290084421952,-69.1370930672575,6.24918184124359));
#3832=CARTESIAN_POINT('Ctrl Pts',(157.207616137264,-69.7017302680695,6.21782010864318));
#3833=CARTESIAN_POINT('Ctrl Pts',(156.387784345497,-70.4748063266227,6.16263598435107));
#3834=CARTESIAN_POINT('Ctrl Pts',(154.970908690328,-70.1253450368182,6.09116880927604));
#3835=CARTESIAN_POINT('Ctrl Pts',(154.496488412484,-68.7452779312203,6.01970163420099));
#3836=CARTESIAN_POINT('Ctrl Pts',(155.399003922846,-67.5984886259698,5.94823445912595));
#3837=CARTESIAN_POINT('Ctrl Pts',(156.842289423563,-67.7343157082453,5.87724097510972));
#3838=CARTESIAN_POINT('Ctrl Pts',(157.291428172182,-68.5814868588591,5.83006988278519));
#3839=CARTESIAN_POINT('Ctrl Pts',(157.292152734087,-69.0001583200109,5.80672118215232));
#3840=CARTESIAN_POINT('Origin',(156.,-69.,10.9440713445044));
#3841=CARTESIAN_POINT('',(157.28837583072,-68.9992577581969,6.70672118215232));
#3842=CARTESIAN_POINT('',(157.292041099674,-69.0003790779431,6.66907134450436));
#3843=CARTESIAN_POINT('',(157.29,-69.0000000000001,10.9440713445044));
#3844=CARTESIAN_POINT('Ctrl Pts',(157.292041099674,-69.0003790779431,6.66907134450436));
#3845=CARTESIAN_POINT('Ctrl Pts',(157.292121409936,-69.0210817869506,6.66791705137936));
#3846=CARTESIAN_POINT('Ctrl Pts',(157.282287142487,-69.4689706926299,6.64294036656269));
#3847=CARTESIAN_POINT('Ctrl Pts',(156.763757489514,-70.3198881977607,6.59414129005433));
#3848=CARTESIAN_POINT('Ctrl Pts',(155.304901771796,-70.3573020337562,6.52267411497929));
#3849=CARTESIAN_POINT('Ctrl Pts',(154.482626182693,-69.1516807613388,6.45120693990425));
#3850=CARTESIAN_POINT('Ctrl Pts',(155.04998155024,-67.8071482468214,6.3797397648292));
#3851=CARTESIAN_POINT('Ctrl Pts',(156.487376352696,-67.5550451039397,6.30827258975416));
#3852=CARTESIAN_POINT('Ctrl Pts',(157.230049674303,-68.3577861927269,6.25471644964588));
#3853=CARTESIAN_POINT('Ctrl Pts',(157.290826075614,-68.892330673955,6.22498270122928));
#3854=CARTESIAN_POINT('Ctrl Pts',(157.289860382708,-68.998819468694,6.21907134450436));
#3855=CARTESIAN_POINT('Ctrl Pts',(157.28837583072,-68.999257758197,6.70672118215232));
#3856=CARTESIAN_POINT('Ctrl Pts',(157.28699457203,-69.2631227814229,6.69211619139367));
#3857=CARTESIAN_POINT('Ctrl Pts',(157.07971644238,-69.9593735359099,6.65368880894334));
#3858=CARTESIAN_POINT('Ctrl Pts',(155.940777065474,-70.5237857592456,6.59143903480134));
#3859=CARTESIAN_POINT('Ctrl Pts',(154.68743067333,-69.7762680969886,6.51997185972629));
#3860=CARTESIAN_POINT('Ctrl Pts',(154.636152586007,-68.3178338709909,6.44850468465125));
#3861=CARTESIAN_POINT('Ctrl Pts',(155.833903953118,-67.4841363848466,6.37703750957621));
#3862=CARTESIAN_POINT('Ctrl Pts',(157.041366009788,-67.9801851887208,6.31310967540989));
#3863=CARTESIAN_POINT('Ctrl Pts',(157.286769208209,-68.7072527652845,6.27300423293527));
#3864=CARTESIAN_POINT('Ctrl Pts',(157.289035218878,-69.0010566602153,6.25672118215232));
#3865=CARTESIAN_POINT('Origin',(156.,-69.,10.9440713445044));
#3866=CARTESIAN_POINT('',(157.291741258354,-68.9993280233746,7.15672118215233));
#3867=CARTESIAN_POINT('',(157.288738299755,-69.0009491092243,7.11907134450436));
#3868=CARTESIAN_POINT('',(157.29,-69.0000000000001,10.9440713445044));
#3869=CARTESIAN_POINT('Ctrl Pts',(157.288738299755,-69.0009491092243,7.11907134450436));
#3870=CARTESIAN_POINT('Ctrl Pts',(157.289750012841,-69.1493520988973,7.11085140152945));
#3871=CARTESIAN_POINT('Ctrl Pts',(157.197501396841,-69.7266258891449,7.07880906686286));
#3872=CARTESIAN_POINT('Ctrl Pts',(156.345587220138,-70.4852608627475,7.02294434050458));
#3873=CARTESIAN_POINT('Ctrl Pts',(154.93924876104,-70.0955533607204,6.95147716542955));
#3874=CARTESIAN_POINT('Ctrl Pts',(154.504360280265,-68.7025236381604,6.8800099903545));
#3875=CARTESIAN_POINT('Ctrl Pts',(155.439198385602,-67.5819266921494,6.80854281527946));
#3876=CARTESIAN_POINT('Ctrl Pts',(156.864231910413,-67.7571435374307,6.73822993332941));
#3877=CARTESIAN_POINT('Ctrl Pts',(157.290463960468,-68.5938176610745,6.69173944307104));
#3878=CARTESIAN_POINT('Ctrl Pts',(157.292041099674,-69.0003790779431,6.66907134450436));
#3879=CARTESIAN_POINT('Ctrl Pts',(157.291741258354,-68.9993280233746,7.15672118215233));
#3880=CARTESIAN_POINT('Ctrl Pts',(157.289278381806,-69.3882389921878,7.13505054154376));
#3881=CARTESIAN_POINT('Ctrl Pts',(156.895296842019,-70.2090013211882,7.08955750924352));
#3882=CARTESIAN_POINT('Ctrl Pts',(155.498919683655,-70.4402600156043,7.02024208525159));
#3883=CARTESIAN_POINT('Ctrl Pts',(154.518090906822,-69.3596885257126,6.94877491017655));
#3884=CARTESIAN_POINT('Ctrl Pts',(154.894414027194,-67.9497095388842,6.87730773510151));
#3885=CARTESIAN_POINT('Ctrl Pts',(156.283247366605,-67.5016004120071,6.80584056002646));
#3886=CARTESIAN_POINT('Ctrl Pts',(157.181869026218,-68.2368876582906,6.74897837571007));
#3887=CARTESIAN_POINT('Ctrl Pts',(157.289247561168,-68.8327290864936,6.71593858308535));
#3888=CARTESIAN_POINT('Ctrl Pts',(157.28837583072,-68.999257758197,6.70672118215232));
#3889=CARTESIAN_POINT('Origin',(156.,-69.,10.9440713445044));
#3890=CARTESIAN_POINT('',(157.290404949558,-69.001153408568,7.60672118215232));
#3891=CARTESIAN_POINT('',(157.288613079587,-68.9991107306244,7.56907134450436));
#3892=CARTESIAN_POINT('',(157.29,-69.0000000000001,10.9440713445044));
#3893=CARTESIAN_POINT('Ctrl Pts',(157.288613079587,-68.9991107306244,7.56907134450436));
#3894=CARTESIAN_POINT('Ctrl Pts',(157.286861287722,-69.2751444952649,7.55378575167954));
#3895=CARTESIAN_POINT('Ctrl Pts',(157.06455394868,-69.9839476604976,7.51467776716303));
#3896=CARTESIAN_POINT('Ctrl Pts',(155.897365419151,-70.5214783928617,7.45174739095484));
#3897=CARTESIAN_POINT('Ctrl Pts',(154.665836428154,-69.7385376907709,7.3802802158798));
#3898=CARTESIAN_POINT('Ctrl Pts',(154.656152036837,-68.2792344285182,7.30881304080476));
#3899=CARTESIAN_POINT('Ctrl Pts',(155.877181338527,-67.4800177851287,7.23734586572971));
#3900=CARTESIAN_POINT('Ctrl Pts',(157.057313417914,-68.0046384454533,7.17409863362958));
#3901=CARTESIAN_POINT('Ctrl Pts',(157.286817945612,-68.7192622358655,7.13467379322113));
#3902=CARTESIAN_POINT('Ctrl Pts',(157.288738299755,-69.0009491092243,7.11907134450436));
#3903=CARTESIAN_POINT('Ctrl Pts',(157.290404949558,-69.001153408568,7.60672118215232));
#3904=CARTESIAN_POINT('Ctrl Pts',(157.291221304615,-69.0895781295143,7.60180728338553));
#3905=CARTESIAN_POINT('Ctrl Pts',(157.242605611742,-69.605790447704,7.57307099292705));
#3906=CARTESIAN_POINT('Ctrl Pts',(156.547305718082,-70.4233365192149,7.5205123107769));
#3907=CARTESIAN_POINT('Ctrl Pts',(155.100635183482,-70.2314923153582,7.44904513570184));
#3908=CARTESIAN_POINT('Ctrl Pts',(154.477614812471,-68.9118312029752,7.37757796062681));
#3909=CARTESIAN_POINT('Ctrl Pts',(155.248814879844,-67.6729162380499,7.30611078555176));
#3910=CARTESIAN_POINT('Ctrl Pts',(156.707960190057,-67.6493620895036,7.23464361047672));
#3911=CARTESIAN_POINT('Ctrl Pts',(157.272895551994,-68.4948133438938,7.18484707601024));
#3912=CARTESIAN_POINT('Ctrl Pts',(157.291985805684,-68.9607117400124,7.15887293323544));
#3913=CARTESIAN_POINT('Ctrl Pts',(157.291741258354,-68.9993280233746,7.15672118215233));
#3914=CARTESIAN_POINT('Origin',(156.,-69.,10.9440713445044));
#3915=CARTESIAN_POINT('',(157.287939463023,-68.9999796874161,8.05672118215232));
#3916=CARTESIAN_POINT('',(157.291961761072,-68.9995230671886,8.01907134450436));
#3917=CARTESIAN_POINT('',(157.29,-69.0000000000001,10.9440713445044));
#3918=CARTESIAN_POINT('Ctrl Pts',(157.291961761072,-68.9995230671886,8.01907134450436));
#3919=CARTESIAN_POINT('Ctrl Pts',(157.290058664101,-69.4004671227303,7.99672010182962));
#3920=CARTESIAN_POINT('Ctrl Pts',(156.874240346568,-70.2321516273881,7.9505464674632));
#3921=CARTESIAN_POINT('Ctrl Pts',(155.458068503661,-70.4253913884994,7.8805504414051));
#3922=CARTESIAN_POINT('Ctrl Pts',(154.508440130139,-69.317300349433,7.80908326633006));
#3923=CARTESIAN_POINT('Ctrl Pts',(154.924801962426,-67.9186214644596,7.73761609125502));
#3924=CARTESIAN_POINT('Ctrl Pts',(156.325844341776,-67.5102833081206,7.66614891617997));
#3925=CARTESIAN_POINT('Ctrl Pts',(157.19264072156,-68.26178317418,7.60996733392975));
#3926=CARTESIAN_POINT('Ctrl Pts',(157.289591431881,-68.8449495700988,7.57760814337122));
#3927=CARTESIAN_POINT('Ctrl Pts',(157.288613079587,-68.9991107306244,7.56907134450436));
#3928=CARTESIAN_POINT('Ctrl Pts',(157.287939463023,-68.9999796874161,8.05672118215233));
#3929=CARTESIAN_POINT('Ctrl Pts',(157.287909059602,-69.2165947902347,8.04474163353562));
#3930=CARTESIAN_POINT('Ctrl Pts',(157.133354627861,-69.8640089384129,8.00893969322722));
#3931=CARTESIAN_POINT('Ctrl Pts',(156.108374467021,-70.5210803301877,7.94931536122715));
#3932=CARTESIAN_POINT('Ctrl Pts',(154.780557540489,-69.9156366549665,7.8778481861521));
#3933=CARTESIAN_POINT('Ctrl Pts',(154.56952210554,-68.4716408518495,7.80638101107706));
#3934=CARTESIAN_POINT('Ctrl Pts',(155.668537197518,-67.5115233268377,7.73491383600201));
#3935=CARTESIAN_POINT('Ctrl Pts',(156.974672985272,-67.8868597616176,7.66836055969378));
#3936=CARTESIAN_POINT('Ctrl Pts',(157.287263646786,-68.6608984929208,7.62562967507721));
#3937=CARTESIAN_POINT('Ctrl Pts',(157.290404949558,-69.001153408568,7.60672118215232));
#3938=CARTESIAN_POINT('Origin',(156.,-69.,10.9440713445044));
#3939=CARTESIAN_POINT('',(157.290479578198,-68.9988566364791,8.50672118215232));
#3940=CARTESIAN_POINT('',(157.290032362194,-69.0011806903482,8.46907134450436));
#3941=CARTESIAN_POINT('',(157.29,-69.0000000000001,10.9440713445044));
#3942=CARTESIAN_POINT('Ctrl Pts',(157.290032362194,-69.0011806903482,8.46907134450436));
#3943=CARTESIAN_POINT('Ctrl Pts',(157.290957321101,-69.1019272573995,8.46347684367139));
#3944=CARTESIAN_POINT('Ctrl Pts',(157.234134343564,-69.6306391562216,8.43405995114674));
#3945=CARTESIAN_POINT('Ctrl Pts',(156.506510920135,-70.4383591500934,8.3808206669304));
#3946=CARTESIAN_POINT('Ctrl Pts',(155.06589680184,-70.205355371829,8.30935349185536));
#3947=CARTESIAN_POINT('Ctrl Pts',(154.480746715283,-68.8684712425817,8.23788631678031));
#3948=CARTESIAN_POINT('Ctrl Pts',(155.286948829215,-67.6520428846045,8.16641914170528));
#3949=CARTESIAN_POINT('Ctrl Pts',(156.746172612074,-67.670091435424,8.09495196663023));
#3950=CARTESIAN_POINT('Ctrl Pts',(157.279389887193,-68.5195319448384,8.04583603422993));
#3951=CARTESIAN_POINT('Ctrl Pts',(157.292087022083,-68.9731331048164,8.0205424935213));
#3952=CARTESIAN_POINT('Ctrl Pts',(157.291961761072,-68.9995230671886,8.01907134450436));
#3953=CARTESIAN_POINT('Ctrl Pts',(157.290479578198,-68.9988566364791,8.50672118215232));
#3954=CARTESIAN_POINT('Ctrl Pts',(157.287323821063,-69.34152058193,8.4876759836857));
#3955=CARTESIAN_POINT('Ctrl Pts',(156.970970129392,-70.1179476410561,8.44480839352739));
#3956=CARTESIAN_POINT('Ctrl Pts',(155.660019202398,-70.4865542216136,8.37811841167741));
#3957=CARTESIAN_POINT('Ctrl Pts',(154.566520027602,-69.5201591727125,8.30665123660236));
#3958=CARTESIAN_POINT('Ctrl Pts',(154.785820722788,-68.0773954918236,8.23518406152732));
#3959=CARTESIAN_POINT('Ctrl Pts',(156.117082817542,-67.4795651905163,8.16371688645228));
#3960=CARTESIAN_POINT('Ctrl Pts',(157.135942210925,-68.1409751765927,8.10422925999394));
#3961=CARTESIAN_POINT('Ctrl Pts',(157.287969519492,-68.7858365045277,8.06856402522729));
#3962=CARTESIAN_POINT('Ctrl Pts',(157.287939463023,-68.9999796874161,8.05672118215233));
#3963=CARTESIAN_POINT('Origin',(156.,-69.,10.9440713445044));
#3964=CARTESIAN_POINT('',(157.29168968942,-69.0007082307928,8.95672118215233));
#3965=CARTESIAN_POINT('',(157.28797381912,-68.9997786862486,8.91907134450436));
#3966=CARTESIAN_POINT('',(157.29,-69.0000000000001,10.9440713445044));
#3967=CARTESIAN_POINT('Ctrl Pts',(157.28797381912,-68.9997786862486,8.91907134450436));
#3968=CARTESIAN_POINT('Ctrl Pts',(157.287623231947,-69.2286852513974,8.90641119382147));
#3969=CARTESIAN_POINT('Ctrl Pts',(157.120174416732,-69.8888004645086,8.86992865144691));
#3970=CARTESIAN_POINT('Ctrl Pts',(156.064971832405,-70.5235514424133,8.80962371738065));
#3971=CARTESIAN_POINT('Ctrl Pts',(154.754952733962,-69.8805042113168,8.73815654230562));
#3972=CARTESIAN_POINT('Ctrl Pts',(154.585164343852,-68.4310795960425,8.66668936723057));
#3973=CARTESIAN_POINT('Ctrl Pts',(155.71110111384,-67.5026797976441,8.59522219215554));
#3974=CARTESIAN_POINT('Ctrl Pts',(156.992764864287,-67.9108777444346,8.52934951791345));
#3975=CARTESIAN_POINT('Ctrl Pts',(157.28701867956,-68.6729302380867,8.48729923536307));
#3976=CARTESIAN_POINT('Ctrl Pts',(157.290032362194,-69.0011806903482,8.46907134450436));
#3977=CARTESIAN_POINT('Ctrl Pts',(157.29168968942,-69.0007082307928,8.95672118215233));
#3978=CARTESIAN_POINT('Ctrl Pts',(157.291961063729,-69.0417822210742,8.95443272552747));
#3979=CARTESIAN_POINT('Ctrl Pts',(157.271546067686,-69.5101552906306,8.92832187721093));
#3980=CARTESIAN_POINT('Ctrl Pts',(156.700214411125,-70.3546697009323,8.8783886372027));
#3981=CARTESIAN_POINT('Ctrl Pts',(155.241227968037,-70.3227605300286,8.80692146212766));
#3982=CARTESIAN_POINT('Ctrl Pts',(154.477134883011,-69.0794497424551,8.73545428705262));
#3983=CARTESIAN_POINT('Ctrl Pts',(155.107701799988,-67.7633778678234,8.66398711197757));
#3984=CARTESIAN_POINT('Ctrl Pts',(156.555447161693,-67.5798208386874,8.59251993690253));
#3985=CARTESIAN_POINT('Ctrl Pts',(157.244257888863,-68.3991982238766,8.54009796029411));
#3986=CARTESIAN_POINT('Ctrl Pts',(157.291271151026,-68.9129046900319,8.51149837537738));
#3987=CARTESIAN_POINT('Ctrl Pts',(157.290479578198,-68.9988566364791,8.50672118215232));
#3988=CARTESIAN_POINT('Origin',(156.,-69.,10.9440713445044));
#3989=CARTESIAN_POINT('',(157.288331644309,-69.0007080011292,9.40672118215232));
#3990=CARTESIAN_POINT('',(157.290844862906,-68.9989284368385,9.36907134450436));
#3991=CARTESIAN_POINT('',(157.29,-69.0000000000001,10.9440713445044));
#3992=CARTESIAN_POINT('Ctrl Pts',(157.290844862906,-68.9989284368384,9.36907134450436));
#3993=CARTESIAN_POINT('Ctrl Pts',(157.287680770095,-69.3535785577799,9.34934554397156));
#3994=CARTESIAN_POINT('Ctrl Pts',(156.952189222056,-70.1417930885642,9.30579735174708));
#3995=CARTESIAN_POINT('Ctrl Pts',(155.617782804661,-70.4762584115531,9.23842676783091));
#3996=CARTESIAN_POINT('Ctrl Pts',(154.552275397256,-69.4790865225411,9.16695959275587));
#3997=CARTESIAN_POINT('Ctrl Pts',(154.812613051174,-68.0431599406461,9.09549241768083));
#3998=CARTESIAN_POINT('Ctrl Pts',(156.160375447144,-67.4835205582488,9.02402524260579));
#3999=CARTESIAN_POINT('Ctrl Pts',(157.148530819632,-68.1658079776602,8.96521821821363));
#4000=CARTESIAN_POINT('Ctrl Pts',(157.288282925908,-68.7979556343208,8.93023358551315));
#4001=CARTESIAN_POINT('Ctrl Pts',(157.28797381912,-68.9997786862486,8.91907134450436));
#4002=CARTESIAN_POINT('Ctrl Pts',(157.288331644309,-69.0007080011292,9.40672118215233));
#4003=CARTESIAN_POINT('Ctrl Pts',(157.289177657382,-69.1697216948185,9.39736707567755));
#4004=CARTESIAN_POINT('Ctrl Pts',(157.179655611444,-69.7681170646347,9.3641905775111));
#4005=CARTESIAN_POINT('Ctrl Pts',(156.274658867169,-70.4999936255369,9.30719168765296));
#4006=CARTESIAN_POINT('Ctrl Pts',(154.888419634634,-70.0439439619072,9.23572451257792));
#4007=CARTESIAN_POINT('Ctrl Pts',(154.520174043866,-68.6318307733128,9.16425733750287));
#4008=CARTESIAN_POINT('Ctrl Pts',(155.507175629044,-67.5568946467694,9.09279016242784));
#4009=CARTESIAN_POINT('Ctrl Pts',(156.899453753718,-67.7956731998439,9.02361144397764));
#4010=CARTESIAN_POINT('Ctrl Pts',(157.289136109558,-68.614209911338,8.97825511721915));
#4011=CARTESIAN_POINT('Ctrl Pts',(157.29168968942,-69.0007082307928,8.95672118215233));
#4012=CARTESIAN_POINT('Origin',(156.,-69.,10.9440713445044));
#4013=CARTESIAN_POINT('',(157.288703305206,-68.9987275255446,9.85672118215233));
#4014=CARTESIAN_POINT('',(157.291397890203,-69.0008511304542,9.81907134450436));
#4015=CARTESIAN_POINT('',(157.29,-69.0000000000001,10.9440713445044));
#4016=CARTESIAN_POINT('',(156.335179827523,-67.754305622064,9.95039626332835));
#4017=CARTESIAN_POINT('Ctrl Pts',(156.335179827523,-67.754305622064,9.95039626332835));
#4018=CARTESIAN_POINT('Ctrl Pts',(156.749526847866,-67.8657942546476,9.92657387163666));
#4019=CARTESIAN_POINT('Ctrl Pts',(157.209205840805,-68.3034483665758,9.89534884457799));
#4020=CARTESIAN_POINT('Ctrl Pts',(157.289715383127,-68.8651919848748,9.86412381751932));
#4021=CARTESIAN_POINT('Ctrl Pts',(157.288703305206,-68.9987275255446,9.85672118215233));
#4022=CARTESIAN_POINT('',(155.66395317984,-67.7521459807542,9.95039626332835));
#4023=CARTESIAN_POINT('Origin',(156.,-69.,9.95039626332835));
#4024=CARTESIAN_POINT('Ctrl Pts',(155.663950113314,-67.7521383421698,9.95039626332835));
#4025=CARTESIAN_POINT('Ctrl Pts',(156.061182137219,-67.6464160601545,9.92747462338767));
#4026=CARTESIAN_POINT('Ctrl Pts',(156.92730771633,-67.8356683160002,9.88369965044634));
#4027=CARTESIAN_POINT('Ctrl Pts',(157.288509216682,-68.6264178258557,9.839924677505));
#4028=CARTESIAN_POINT('Ctrl Pts',(157.291397890203,-69.0008511304542,9.81907134450436));
#4029=CARTESIAN_POINT('Origin',(118.5,-134.,9.95039626332859));
#4030=CARTESIAN_POINT('',(119.538589404984,-134.000823478849,5.17343473910152));
#4031=CARTESIAN_POINT('',(119.535959794047,-134.000505766413,5.05235778755565));
#4032=CARTESIAN_POINT('',(119.53775,-134.,9.95039626332859));
#4033=CARTESIAN_POINT('',(118.652149163587,-135.026535773619,4.95039626332859));
#4034=CARTESIAN_POINT('Ctrl Pts',(119.535959794047,-134.000505766413,5.05235778755565));
#4035=CARTESIAN_POINT('Ctrl Pts',(119.536396539211,-134.14832747568,5.04219300450498));
#4036=CARTESIAN_POINT('Ctrl Pts',(119.50686388587,-134.295884530291,5.03202822145431));
#4037=CARTESIAN_POINT('Ctrl Pts',(119.446444654044,-134.429206121512,5.02186343840363));
#4038=CARTESIAN_POINT('Ctrl Pts',(119.304844917079,-134.74166130636,4.99804104671195));
#4039=CARTESIAN_POINT('Ctrl Pts',(118.993598917723,-134.975927411169,4.97421865502027));
#4040=CARTESIAN_POINT('Ctrl Pts',(118.652149163587,-135.026535773619,4.95039626332859));
#4041=CARTESIAN_POINT('',(117.462639186405,-134.028418390484,4.95039626332859));
#4042=CARTESIAN_POINT('Origin',(118.5,-134.,4.95039626332859));
#4043=CARTESIAN_POINT('Ctrl Pts',(117.460763526767,-134.028248174141,4.95039626332859));
#4044=CARTESIAN_POINT('Ctrl Pts',(117.470723135523,-134.358774615094,4.97331790326927));
#4045=CARTESIAN_POINT('Ctrl Pts',(117.651514168457,-134.685549861121,4.99623954320995));
#4046=CARTESIAN_POINT('Ctrl Pts',(117.927559848405,-134.867640853324,5.01916118315063));
#4047=CARTESIAN_POINT('Ctrl Pts',(118.214453296236,-135.056887475773,5.04298357484231));
#4048=CARTESIAN_POINT('Ctrl Pts',(118.604234932769,-135.089855100016,5.06680596653399));
#4049=CARTESIAN_POINT('Ctrl Pts',(118.91870302886,-134.951437293288,5.09062835822567));
#4050=CARTESIAN_POINT('Ctrl Pts',(119.233171124951,-134.813019486561,5.11445074991735));
#4051=CARTESIAN_POINT('Ctrl Pts',(119.472325680599,-134.503216248863,5.13827314160904));
#4052=CARTESIAN_POINT('Ctrl Pts',(119.526521693333,-134.163892718018,5.16209553330072));
#4053=CARTESIAN_POINT('Ctrl Pts',(119.535120602432,-134.110054584004,5.16587526856765));
#4054=CARTESIAN_POINT('Ctrl Pts',(119.539063367147,-134.055473306445,5.16965500383459));
#4055=CARTESIAN_POINT('Ctrl Pts',(119.538589404984,-134.000823478849,5.17343473910152));
#4056=CARTESIAN_POINT('Origin',(118.5,-134.,9.95039626332859));
#4057=CARTESIAN_POINT('',(119.5361535378,-134.000251856313,5.62343473910152));
#4058=CARTESIAN_POINT('',(119.537352199121,-133.99907282496,5.50235778755565));
#4059=CARTESIAN_POINT('',(119.53775,-134.,9.95039626332859));
#4060=CARTESIAN_POINT('Ctrl Pts',(119.537352199121,-133.99907282496,5.50235778755565));
#4061=CARTESIAN_POINT('Ctrl Pts',(119.535188079186,-134.248951609232,5.48512735465507));
#4062=CARTESIAN_POINT('Ctrl Pts',(119.444509538412,-134.500237811071,5.46789692175448));
#4063=CARTESIAN_POINT('Ctrl Pts',(119.280304896772,-134.686800569147,5.45066648885389));
#4064=CARTESIAN_POINT('Ctrl Pts',(119.053279417302,-134.94473785509,5.42684409716221));
#4065=CARTESIAN_POINT('Ctrl Pts',(118.685707487925,-135.078955126791,5.40302170547053));
#4066=CARTESIAN_POINT('Ctrl Pts',(118.345877452039,-135.028011231885,5.37919931377884));
#4067=CARTESIAN_POINT('Ctrl Pts',(118.006047416153,-134.97706733698,5.35537692208716));
#4068=CARTESIAN_POINT('Ctrl Pts',(117.693959273758,-134.740962275467,5.33155453039548));
#4069=CARTESIAN_POINT('Ctrl Pts',(117.552572974766,-134.427772904198,5.3077321387038));
#4070=CARTESIAN_POINT('Ctrl Pts',(117.411186675775,-134.11458353293,5.28390974701212));
#4071=CARTESIAN_POINT('Ctrl Pts',(117.440502220189,-133.724309851904,5.26008735532044));
#4072=CARTESIAN_POINT('Ctrl Pts',(117.62698576436,-133.435738260515,5.23626496362876));
#4073=CARTESIAN_POINT('Ctrl Pts',(117.813469308531,-133.147166669126,5.21244257193708));
#4074=CARTESIAN_POINT('Ctrl Pts',(118.15712085246,-132.960297167374,5.1886201802454));
#4075=CARTESIAN_POINT('Ctrl Pts',(118.500809781719,-132.960534873376,5.16479778855372));
#4076=CARTESIAN_POINT('Ctrl Pts',(118.844498710978,-132.960772579379,5.14097539686204));
#4077=CARTESIAN_POINT('Ctrl Pts',(119.188225025567,-133.148117493136,5.11715300517036));
#4078=CARTESIAN_POINT('Ctrl Pts',(119.374111445574,-133.437112082458,5.09333061347867));
#4079=CARTESIAN_POINT('Ctrl Pts',(119.480681936438,-133.6027954887,5.07967300483767));
#4080=CARTESIAN_POINT('Ctrl Pts',(119.535372974388,-133.801889520128,5.06601539619666));
#4081=CARTESIAN_POINT('Ctrl Pts',(119.535959794047,-134.000505766413,5.05235778755565));
#4082=CARTESIAN_POINT('Ctrl Pts',(119.538589404984,-134.000823478849,5.17343473910152));
#4083=CARTESIAN_POINT('Ctrl Pts',(119.536076144101,-133.711033945763,5.19347739552627));
#4084=CARTESIAN_POINT('Ctrl Pts',(119.409372392831,-133.419316907742,5.21352005195101));
#4085=CARTESIAN_POINT('Ctrl Pts',(119.194175634298,-133.226255195271,5.23356270837576));
#4086=CARTESIAN_POINT('Ctrl Pts',(118.93839609271,-132.99678502736,5.25738510006744));
#4087=CARTESIAN_POINT('Ctrl Pts',(118.557599539713,-132.906688515532,5.28120749175913));
#4088=CARTESIAN_POINT('Ctrl Pts',(118.22612432255,-132.997222432615,5.30502988345081));
#4089=CARTESIAN_POINT('Ctrl Pts',(117.894649105386,-133.087756349698,5.32885227514249));
#4090=CARTESIAN_POINT('Ctrl Pts',(117.612495224055,-133.358920695692,5.35267466683417));
#4091=CARTESIAN_POINT('Ctrl Pts',(117.508877611782,-133.686547054989,5.37649705852585));
#4092=CARTESIAN_POINT('Ctrl Pts',(117.405259999509,-134.014173414286,5.40031945021753));
#4093=CARTESIAN_POINT('Ctrl Pts',(117.480178656294,-134.398261786886,5.42414184190921));
#4094=CARTESIAN_POINT('Ctrl Pts',(117.699320738514,-134.662935800053,5.44796423360089));
#4095=CARTESIAN_POINT('Ctrl Pts',(117.918462820735,-134.927609813221,5.47178662529257));
#4096=CARTESIAN_POINT('Ctrl Pts',(118.281828328393,-135.072869466957,5.49560901698425));
#4097=CARTESIAN_POINT('Ctrl Pts',(118.623033199219,-135.032199299095,5.51943140867593));
#4098=CARTESIAN_POINT('Ctrl Pts',(118.964238070045,-134.991529131232,5.54325380036761));
#4099=CARTESIAN_POINT('Ctrl Pts',(119.28328230404,-134.764929141772,5.56707619205929));
#4100=CARTESIAN_POINT('Ctrl Pts',(119.43407181257,-134.45616101259,5.59089858375097));
#4101=CARTESIAN_POINT('Ctrl Pts',(119.502720263689,-134.31559119424,5.60174396886782));
#4102=CARTESIAN_POINT('Ctrl Pts',(119.536495940049,-134.157991060569,5.61258935398467));
#4103=CARTESIAN_POINT('Ctrl Pts',(119.5361535378,-134.000251856313,5.62343473910152));
#4104=CARTESIAN_POINT('Origin',(118.5,-134.,9.95039626332859));
#4105=CARTESIAN_POINT('',(119.537642542974,-133.999050308457,6.07343473910152));
#4106=CARTESIAN_POINT('',(119.539486649063,-134.000127363761,5.95235778755565));
#4107=CARTESIAN_POINT('',(119.53775,-134.,9.95039626332859));
#4108=CARTESIAN_POINT('Ctrl Pts',(119.539486649063,-134.000127363761,5.95235778755565));
#4109=CARTESIAN_POINT('Ctrl Pts',(119.539498474404,-134.006960355448,5.95188409649683));
#4110=CARTESIAN_POINT('Ctrl Pts',(119.539436929571,-134.013793128445,5.95141040543801));
#4111=CARTESIAN_POINT('Ctrl Pts',(119.539301365148,-134.020624432574,5.95093671437919));
#4112=CARTESIAN_POINT('Ctrl Pts',(119.532483696281,-134.364177471425,5.92711432268751));
#4113=CARTESIAN_POINT('Ctrl Pts',(119.338456898059,-134.704015476346,5.90329193099583));
#4114=CARTESIAN_POINT('Ctrl Pts',(119.046067267769,-134.884524279896,5.87946953930414));
#4115=CARTESIAN_POINT('Ctrl Pts',(118.753677637479,-135.065033083446,5.85564714761246));
#4116=CARTESIAN_POINT('Ctrl Pts',(118.362925175122,-135.086212685626,5.83182475592078));
#4117=CARTESIAN_POINT('Ctrl Pts',(118.052737704799,-134.938365022635,5.8080023642291));
#4118=CARTESIAN_POINT('Ctrl Pts',(117.742550234476,-134.790517359643,5.78417997253742));
#4119=CARTESIAN_POINT('Ctrl Pts',(117.512927756188,-134.473642431482,5.76035758084574));
#4120=CARTESIAN_POINT('Ctrl Pts',(117.469016555662,-134.132838907661,5.73653518915406));
#4121=CARTESIAN_POINT('Ctrl Pts',(117.425105355135,-133.792035383841,5.71271279746238));
#4122=CARTESIAN_POINT('Ctrl Pts',(117.566905432369,-133.427303264361,5.68889040577069));
#4123=CARTESIAN_POINT('Ctrl Pts',(117.829484264579,-133.205656732156,5.66506801407901));
#4124=CARTESIAN_POINT('Ctrl Pts',(118.092063096789,-132.98401019995,5.64124562238733));
#4125=CARTESIAN_POINT('Ctrl Pts',(118.475420683974,-132.905449255018,5.61742323069565));
#4126=CARTESIAN_POINT('Ctrl Pts',(118.804017838269,-133.005945511344,5.59360083900397));
#4127=CARTESIAN_POINT('Ctrl Pts',(119.132614992564,-133.106441767671,5.56977844731229));
#4128=CARTESIAN_POINT('Ctrl Pts',(119.406451713968,-133.385995225254,5.54595605562061));
#4129=CARTESIAN_POINT('Ctrl Pts',(119.500130559888,-133.716600604138,5.52213366392893));
#4130=CARTESIAN_POINT('Ctrl Pts',(119.526052688106,-133.808083317625,5.51554170513784));
#4131=CARTESIAN_POINT('Ctrl Pts',(119.538180140561,-133.90347507311,5.50894974634675));
#4132=CARTESIAN_POINT('Ctrl Pts',(119.537352199121,-133.99907282496,5.50235778755565));
#4133=CARTESIAN_POINT('Ctrl Pts',(119.5361535378,-134.000251856313,5.62343473910152));
#4134=CARTESIAN_POINT('Ctrl Pts',(119.53574383762,-133.811509578498,5.63641174567635));
#4135=CARTESIAN_POINT('Ctrl Pts',(119.486486489347,-133.622568190086,5.64938875225118));
#4136=CARTESIAN_POINT('Ctrl Pts',(119.38967438059,-133.462364477144,5.66236575882602));
#4137=CARTESIAN_POINT('Ctrl Pts',(119.211952657015,-133.168272339782,5.6861881505177));
#4138=CARTESIAN_POINT('Ctrl Pts',(118.873974426802,-132.971024333959,5.71001054220938));
#4139=CARTESIAN_POINT('Ctrl Pts',(118.53050177677,-132.960941634557,5.73383293390106));
#4140=CARTESIAN_POINT('Ctrl Pts',(118.187029126738,-132.950858935156,5.75765532559274));
#4141=CARTESIAN_POINT('Ctrl Pts',(117.838062056888,-133.127941542175,5.78147771728442));
#4142=CARTESIAN_POINT('Ctrl Pts',(117.643395069607,-133.411102156081,5.8053001089761));
#4143=CARTESIAN_POINT('Ctrl Pts',(117.448728082326,-133.694262769987,5.82912250066779));
#4144=CARTESIAN_POINT('Ctrl Pts',(117.408361177614,-134.08350139078,5.85294489235947));
#4145=CARTESIAN_POINT('Ctrl Pts',(117.540778541498,-134.400583089279,5.87676728405115));
#4146=CARTESIAN_POINT('Ctrl Pts',(117.673195905382,-134.717664787778,5.90058967574283));
#4147=CARTESIAN_POINT('Ctrl Pts',(117.978397537861,-134.962589563985,5.92441206743451));
#4148=CARTESIAN_POINT('Ctrl Pts',(118.316629639444,-135.023204746008,5.94823445912619));
#4149=CARTESIAN_POINT('Ctrl Pts',(118.654861741027,-135.08381992803,5.97205685081787));
#4150=CARTESIAN_POINT('Ctrl Pts',(119.026124311714,-134.96012551587,5.99587924250955));
#4151=CARTESIAN_POINT('Ctrl Pts',(119.260413751772,-134.708761997387,6.01970163420123));
#4152=CARTESIAN_POINT('Ctrl Pts',(119.436565936974,-134.51977254464,6.03761266916799));
#4153=CARTESIAN_POINT('Ctrl Pts',(119.535288699115,-134.25861313272,6.05552370413476));
#4154=CARTESIAN_POINT('Ctrl Pts',(119.537642542974,-133.999050308457,6.07343473910152));
#4155=CARTESIAN_POINT('Origin',(118.5,-134.,9.95039626332859));
#4156=CARTESIAN_POINT('',(119.539396845029,-134.000304953471,6.52343473910152));
#4157=CARTESIAN_POINT('',(119.53697873046,-134.000850042098,6.40235778755565));
#4158=CARTESIAN_POINT('',(119.53775,-134.,9.95039626332859));
#4159=CARTESIAN_POINT('Ctrl Pts',(119.53697873046,-134.000850042098,6.40235778755565));
#4160=CARTESIAN_POINT('Ctrl Pts',(119.537822773549,-134.110286044011,6.39481844664691));
#4161=CARTESIAN_POINT('Ctrl Pts',(119.521874070914,-134.219482335007,6.38727910573818));
#4162=CARTESIAN_POINT('Ctrl Pts',(119.488098232976,-134.322853742318,6.37973976482944));
#4163=CARTESIAN_POINT('Ctrl Pts',(119.381375211585,-134.649480987919,6.35591737313776));
#4164=CARTESIAN_POINT('Ctrl Pts',(119.096666322517,-134.917952676865,6.33209498144608));
#4165=CARTESIAN_POINT('Ctrl Pts',(118.76434164582,-135.005333850668,6.3082725897544));
#4166=CARTESIAN_POINT('Ctrl Pts',(118.432016969124,-135.092715024471,6.28445019806272));
#4167=CARTESIAN_POINT('Ctrl Pts',(118.052076504799,-134.999005683131,6.26062780637104));
#4168=CARTESIAN_POINT('Ctrl Pts',(117.798497493888,-134.767115954775,6.23680541467936));
#4169=CARTESIAN_POINT('Ctrl Pts',(117.544918482977,-134.53522622642,6.21298302298768));
#4170=CARTESIAN_POINT('Ctrl Pts',(117.41770092548,-134.165156111049,6.189160631296));
#4171=CARTESIAN_POINT('Ctrl Pts',(117.475098587842,-133.826363150066,6.16533823960432));
#4172=CARTESIAN_POINT('Ctrl Pts',(117.532496250204,-133.487570189082,6.14151584791264));
#4173=CARTESIAN_POINT('Ctrl Pts',(117.774509132425,-133.180054382486,6.11769345622095));
#4174=CARTESIAN_POINT('Ctrl Pts',(118.090317923268,-133.044629257899,6.09387106452927));
#4175=CARTESIAN_POINT('Ctrl Pts',(118.406126714111,-132.909204133312,6.07004867283759));
#4176=CARTESIAN_POINT('Ctrl Pts',(118.795731413575,-132.945869690735,6.04622628114591));
#4177=CARTESIAN_POINT('Ctrl Pts',(119.080729493552,-133.137836505838,6.02240388945423));
#4178=CARTESIAN_POINT('Ctrl Pts',(119.360060592478,-133.325986199424,5.99905518882137));
#4179=CARTESIAN_POINT('Ctrl Pts',(119.538903766283,-133.663322447641,5.97570648818851));
#4180=CARTESIAN_POINT('Ctrl Pts',(119.539486649063,-134.000127363761,5.95235778755565));
#4181=CARTESIAN_POINT('Ctrl Pts',(119.537642542974,-133.999050308457,6.07343473910152));
#4182=CARTESIAN_POINT('Ctrl Pts',(119.538419405436,-133.913384212131,6.07934609582644));
#4183=CARTESIAN_POINT('Ctrl Pts',(119.528699152863,-133.82789202628,6.08525745255136));
#4184=CARTESIAN_POINT('Ctrl Pts',(119.507800909516,-133.745225661705,6.09116880927628));
#4185=CARTESIAN_POINT('Ctrl Pts',(119.423582317773,-133.412085469314,6.11499120096796));
#4186=CARTESIAN_POINT('Ctrl Pts',(119.157828824855,-133.124837709338,6.13881359265964));
#4187=CARTESIAN_POINT('Ctrl Pts',(118.832230703582,-133.015015025934,6.16263598435132));
#4188=CARTESIAN_POINT('Ctrl Pts',(118.506632582308,-132.905192342529,6.186458376043));
#4189=CARTESIAN_POINT('Ctrl Pts',(118.121189832679,-132.972794735696,6.21028076773468));
#4190=CARTESIAN_POINT('Ctrl Pts',(117.852399234342,-133.186866623621,6.23410315942636));
#4191=CARTESIAN_POINT('Ctrl Pts',(117.583608636005,-133.400938511546,6.25792555111804));
#4192=CARTESIAN_POINT('Ctrl Pts',(117.431470188961,-133.761479894229,6.28174794280973));
#4193=CARTESIAN_POINT('Ctrl Pts',(117.465649090593,-134.103396494401,6.30557033450141));
#4194=CARTESIAN_POINT('Ctrl Pts',(117.499827992226,-134.445313094573,6.32939272619309));
#4195=CARTESIAN_POINT('Ctrl Pts',(117.720324242535,-134.768604912235,6.35321511788477));
#4196=CARTESIAN_POINT('Ctrl Pts',(118.026171154584,-134.925234491594,6.37703750957645));
#4197=CARTESIAN_POINT('Ctrl Pts',(118.332018066634,-135.081864070953,6.40085990126813));
#4198=CARTESIAN_POINT('Ctrl Pts',(118.723215640424,-135.07183141201,6.42468229295981));
#4199=CARTESIAN_POINT('Ctrl Pts',(119.020631926295,-134.899730535478,6.44850468465149));
#4200=CARTESIAN_POINT('Ctrl Pts',(119.318048212165,-134.727629658947,6.47232707634317));
#4201=CARTESIAN_POINT('Ctrl Pts',(119.521683210116,-134.393460564827,6.49614946803485));
#4202=CARTESIAN_POINT('Ctrl Pts',(119.5382911115,-134.050241485529,6.51997185972653));
#4203=CARTESIAN_POINT('Ctrl Pts',(119.539095832816,-134.033611105644,6.52112615285153));
#4204=CARTESIAN_POINT('Ctrl Pts',(119.539461451513,-134.016959478184,6.52228044597653));
#4205=CARTESIAN_POINT('Ctrl Pts',(119.539396845029,-134.000304953471,6.52343473910152));
#4206=CARTESIAN_POINT('Origin',(118.5,-134.,9.95039626332859));
#4207=CARTESIAN_POINT('',(119.536739870867,-134.00076352148,6.97343473910152));
#4208=CARTESIAN_POINT('',(119.536448278341,-133.999402895319,6.85235778755565));
#4209=CARTESIAN_POINT('',(119.53775,-134.,9.95039626332859));
#4210=CARTESIAN_POINT('Ctrl Pts',(119.536448278341,-133.999402895319,6.85235778755565));
#4211=CARTESIAN_POINT('Ctrl Pts',(119.535337109413,-134.211672050419,6.837752796797));
#4212=CARTESIAN_POINT('Ctrl Pts',(119.47196195502,-134.424550269341,6.82314780603835));
#4213=CARTESIAN_POINT('Ctrl Pts',(119.350972192123,-134.597008362446,6.8085428152797));
#4214=CARTESIAN_POINT('Ctrl Pts',(119.153624205394,-134.878307016601,6.78472042358802));
#4215=CARTESIAN_POINT('Ctrl Pts',(118.802990828244,-135.052066716182,6.76089803189634));
#4216=CARTESIAN_POINT('Ctrl Pts',(118.459629396909,-135.038721748598,6.73707564020466));
#4217=CARTESIAN_POINT('Ctrl Pts',(118.116267965573,-135.025376781013,6.71325324851298));
#4218=CARTESIAN_POINT('Ctrl Pts',(117.780178480052,-134.824927146263,6.6894308568213));
#4219=CARTESIAN_POINT('Ctrl Pts',(117.605258532604,-134.52916005432,6.66560846512962));
#4220=CARTESIAN_POINT('Ctrl Pts',(117.430338585157,-134.233392962376,6.64178607343794));
#4221=CARTESIAN_POINT('Ctrl Pts',(117.416588175782,-133.842308413238,6.61796368174625));
#4222=CARTESIAN_POINT('Ctrl Pts',(117.570303707726,-133.534986601529,6.59414129005457));
#4223=CARTESIAN_POINT('Ctrl Pts',(117.724019239671,-133.227664789819,6.57031889836289));
#4224=CARTESIAN_POINT('Ctrl Pts',(118.045200712934,-133.004105715537,6.54649650667121));
#4225=CARTESIAN_POINT('Ctrl Pts',(118.386777012164,-132.966678553554,6.52267411497953));
#4226=CARTESIAN_POINT('Ctrl Pts',(118.728353311395,-132.929251391572,6.49885172328785));
#4227=CARTESIAN_POINT('Ctrl Pts',(119.090324436593,-133.077956141889,6.47502933159617));
#4228=CARTESIAN_POINT('Ctrl Pts',(119.306941422336,-133.344699918175,6.45120693990449));
#4229=CARTESIAN_POINT('Ctrl Pts',(119.455003188129,-133.527024283903,6.43492388912154));
#4230=CARTESIAN_POINT('Ctrl Pts',(119.53515581296,-133.76449622839,6.4186408383386));
#4231=CARTESIAN_POINT('Ctrl Pts',(119.53697873046,-134.000850042098,6.40235778755565));
#4232=CARTESIAN_POINT('Ctrl Pts',(119.539396845029,-134.000304953471,6.52343473910152));
#4233=CARTESIAN_POINT('Ctrl Pts',(119.538128097839,-133.67324209602,6.54610283766821));
#4234=CARTESIAN_POINT('Ctrl Pts',(119.370941240297,-133.345061900517,6.56877093623489));
#4235=CARTESIAN_POINT('Ctrl Pts',(119.10506959948,-133.154740620334,6.59143903480158));
#4236=CARTESIAN_POINT('Ctrl Pts',(118.825659381255,-132.954727898912,6.61526142649326));
#4237=CARTESIAN_POINT('Ctrl Pts',(118.437258139987,-132.906971520543,6.63908381818494));
#4238=CARTESIAN_POINT('Ctrl Pts',(118.117717366017,-133.033339445888,6.66290620987662));
#4239=CARTESIAN_POINT('Ctrl Pts',(117.798176592046,-133.159707371233,6.6867286015683));
#4240=CARTESIAN_POINT('Ctrl Pts',(117.547496285373,-133.460199600292,6.71055099325998));
#4241=CARTESIAN_POINT('Ctrl Pts',(117.480464611926,-133.797218759299,6.73437338495166));
#4242=CARTESIAN_POINT('Ctrl Pts',(117.413432938478,-134.134237918306,6.75819577664334));
#4243=CARTESIAN_POINT('Ctrl Pts',(117.530049898257,-134.507784007261,6.78201816833502));
#4244=CARTESIAN_POINT('Ctrl Pts',(117.776915816166,-134.74680780808,6.8058405600267));
#4245=CARTESIAN_POINT('Ctrl Pts',(118.023781734075,-134.985831608898,6.82966295171838));
#4246=CARTESIAN_POINT('Ctrl Pts',(118.400896610115,-135.090333121581,6.85348534341007));
#4247=CARTESIAN_POINT('Ctrl Pts',(118.735577055052,-135.012460414166,6.87730773510175));
#4248=CARTESIAN_POINT('Ctrl Pts',(119.070257499989,-134.934587706751,6.90113012679343));
#4249=CARTESIAN_POINT('Ctrl Pts',(119.362503513824,-134.674340779239,6.92495251848511));
#4250=CARTESIAN_POINT('Ctrl Pts',(119.478493719135,-134.350888416355,6.94877491017679));
#4251=CARTESIAN_POINT('Ctrl Pts',(119.518516269585,-134.239280815724,6.9569948531517));
#4252=CARTESIAN_POINT('Ctrl Pts',(119.537553754721,-134.120147958475,6.96521479612661));
#4253=CARTESIAN_POINT('Ctrl Pts',(119.536739870867,-134.00076352148,6.97343473910152));
#4254=CARTESIAN_POINT('Origin',(118.5,-134.,9.95039626332859));
#4255=CARTESIAN_POINT('',(119.536639136108,-133.999284617352,7.42343473910152));
#4256=CARTESIAN_POINT('',(119.539155634063,-133.999459420924,7.30235778755566));
#4257=CARTESIAN_POINT('',(119.53775,-134.,9.95039626332859));
#4258=CARTESIAN_POINT('Ctrl Pts',(119.539155634063,-133.999459420924,7.30235778755566));
#4259=CARTESIAN_POINT('Ctrl Pts',(119.537174345609,-134.312323178876,7.28068714694709));
#4260=CARTESIAN_POINT('Ctrl Pts',(119.386198384498,-134.62684395955,7.25901650633853));
#4261=CARTESIAN_POINT('Ctrl Pts',(119.139847414302,-134.819248401284,7.23734586572996));
#4262=CARTESIAN_POINT('Ctrl Pts',(118.869035424402,-135.030757329746,7.21352347403828));
#4263=CARTESIAN_POINT('Ctrl Pts',(118.482967893117,-135.094695265644,7.1897010823466));
#4264=CARTESIAN_POINT('Ctrl Pts',(118.158427689569,-134.981784606389,7.16587869065492));
#4265=CARTESIAN_POINT('Ctrl Pts',(117.83388748602,-134.868873947134,7.14205629896323));
#4266=CARTESIAN_POINT('Ctrl Pts',(117.570874610207,-134.579114692725,7.11823390727155));
#4267=CARTESIAN_POINT('Ctrl Pts',(117.489824392827,-134.245189517041,7.09441151557987));
#4268=CARTESIAN_POINT('Ctrl Pts',(117.408774175446,-133.911264341358,7.07058912388819));
#4269=CARTESIAN_POINT('Ctrl Pts',(117.509686616498,-133.533173244399,7.04676673219651));
#4270=CARTESIAN_POINT('Ctrl Pts',(117.746353243595,-133.284046633393,7.02294434050483));
#4271=CARTESIAN_POINT('Ctrl Pts',(117.983019870693,-133.034920022387,6.99912194881315));
#4272=CARTESIAN_POINT('Ctrl Pts',(118.355440683837,-132.914757897333,6.97529955712147));
#4273=CARTESIAN_POINT('Ctrl Pts',(118.693081736157,-132.978583287899,6.95147716542979));
#4274=CARTESIAN_POINT('Ctrl Pts',(119.030722788476,-133.042408678465,6.92765477373811));
#4275=CARTESIAN_POINT('Ctrl Pts',(119.333584079972,-133.290221584649,6.90383238204643));
#4276=CARTESIAN_POINT('Ctrl Pts',(119.462983427566,-133.608546842106,6.88000999035474));
#4277=CARTESIAN_POINT('Ctrl Pts',(119.513050846601,-133.731713800448,6.87079258942171));
#4278=CARTESIAN_POINT('Ctrl Pts',(119.537149551604,-133.865437051684,6.86157518848868));
#4279=CARTESIAN_POINT('Ctrl Pts',(119.536448278341,-133.999402895319,6.85235778755565));
#4280=CARTESIAN_POINT('Ctrl Pts',(119.536739870867,-134.00076352148,6.97343473910152));
#4281=CARTESIAN_POINT('Ctrl Pts',(119.5351950206,-133.774157380601,6.98903718781829));
#4282=CARTESIAN_POINT('Ctrl Pts',(119.462128379507,-133.546644832008,7.00463963653506));
#4283=CARTESIAN_POINT('Ctrl Pts',(119.325292926728,-133.367968177848,7.02024208525183));
#4284=CARTESIAN_POINT('Ctrl Pts',(119.116367532221,-133.09515810048,7.04406447694352));
#4285=CARTESIAN_POINT('Ctrl Pts',(118.75878234642,-132.936195744,7.06788686863519));
#4286=CARTESIAN_POINT('Ctrl Pts',(118.416277984574,-132.963871019973,7.09170926032688));
#4287=CARTESIAN_POINT('Ctrl Pts',(118.073773622729,-132.991546295946,7.11553165201856));
#4288=CARTESIAN_POINT('Ctrl Pts',(117.746350084839,-133.205859204372,7.13935404371024));
#4289=CARTESIAN_POINT('Ctrl Pts',(117.583936768627,-133.508674450851,7.16317643540192));
#4290=CARTESIAN_POINT('Ctrl Pts',(117.421523452415,-133.81148969733,7.1869988270936));
#4291=CARTESIAN_POINT('Ctrl Pts',(117.424120357881,-134.202807281863,7.21082121878528));
#4292=CARTESIAN_POINT('Ctrl Pts',(117.590538344882,-134.503440301316,7.23464361047696));
#4293=CARTESIAN_POINT('Ctrl Pts',(117.756956331883,-134.80407332077,7.25846600216864));
#4294=CARTESIAN_POINT('Ctrl Pts',(118.08719540042,-135.014021775145,7.28228839386032));
#4295=CARTESIAN_POINT('Ctrl Pts',(118.430036902715,-135.037148882339,7.30611078555201));
#4296=CARTESIAN_POINT('Ctrl Pts',(118.77287840501,-135.060275989534,7.32993317724369));
#4297=CARTESIAN_POINT('Ctrl Pts',(119.128322341064,-134.896581749548,7.35375556893537));
#4298=CARTESIAN_POINT('Ctrl Pts',(119.33360858801,-134.621022834616,7.37757796062705));
#4299=CARTESIAN_POINT('Ctrl Pts',(119.465330122269,-134.44421097511,7.39286355345187));
#4300=CARTESIAN_POINT('Ctrl Pts',(119.535229887643,-134.221343051995,7.4081491462767));
#4301=CARTESIAN_POINT('Ctrl Pts',(119.536639136108,-133.999284617352,7.42343473910152));
#4302=CARTESIAN_POINT('Origin',(118.5,-134.,9.95039626332859));
#4303=CARTESIAN_POINT('',(119.539333020205,-133.999616326091,7.87343473910152));
#4304=CARTESIAN_POINT('',(119.538080625577,-134.000927872361,7.75235778755565));
#4305=CARTESIAN_POINT('',(119.53775,-134.,9.95039626332859));
#4306=CARTESIAN_POINT('Ctrl Pts',(119.538080625577,-134.000927872361,7.75235778755565));
#4307=CARTESIAN_POINT('Ctrl Pts',(119.53873735149,-134.07206212341,7.74744388878886));
#4308=CARTESIAN_POINT('Ctrl Pts',(119.532049647448,-134.143073663153,7.74252999002206));
#4309=CARTESIAN_POINT('Ctrl Pts',(119.517563131482,-134.212456889846,7.73761609125526));
#4310=CARTESIAN_POINT('Ctrl Pts',(119.447333060826,-134.548824096732,7.71379369956358));
#4311=CARTESIAN_POINT('Ctrl Pts',(119.193809618985,-134.846921501612,7.6899713078719));
#4312=CARTESIAN_POINT('Ctrl Pts',(118.873082862247,-134.970248336506,7.66614891618022));
#4313=CARTESIAN_POINT('Ctrl Pts',(118.552356105509,-135.093575171401,7.64232652448854));
#4314=CARTESIAN_POINT('Ctrl Pts',(118.164426033874,-135.04213143631,7.61850413279685));
#4315=CARTESIAN_POINT('Ctrl Pts',(117.886928385973,-134.839473556862,7.59468174110517));
#4316=CARTESIAN_POINT('Ctrl Pts',(117.609430738073,-134.636815677413,7.57085934941349));
#4317=CARTESIAN_POINT('Ctrl Pts',(117.442365513907,-134.282943653606,7.54703695772181));
#4318=CARTESIAN_POINT('Ctrl Pts',(117.462232981603,-133.939897819321,7.52321456603013));
#4319=CARTESIAN_POINT('Ctrl Pts',(117.482100449298,-133.596851985036,7.49939217433845));
#4320=CARTESIAN_POINT('Ctrl Pts',(117.688900608855,-133.264632340273,7.47556978264677));
#4321=CARTESIAN_POINT('Ctrl Pts',(117.987938303135,-133.095364451727,7.45174739095508));
#4322=CARTESIAN_POINT('Ctrl Pts',(118.286975997414,-132.926096563182,7.4279249992634));
#4323=CARTESIAN_POINT('Ctrl Pts',(118.678251226417,-132.919780430853,7.40410260757172));
#4324=CARTESIAN_POINT('Ctrl Pts',(118.982596481888,-133.079308253396,7.38028021588004));
#4325=CARTESIAN_POINT('Ctrl Pts',(119.286941737358,-133.238836075939,7.35645782418836));
#4326=CARTESIAN_POINT('Ctrl Pts',(119.504357019297,-133.564207853355,7.33263543249668));
#4327=CARTESIAN_POINT('Ctrl Pts',(119.535286436008,-133.906433702575,7.308813040805));
#4328=CARTESIAN_POINT('Ctrl Pts',(119.538080127203,-133.937345159799,7.30666128972189));
#4329=CARTESIAN_POINT('Ctrl Pts',(119.539352362885,-133.968394121923,7.30450953863877));
#4330=CARTESIAN_POINT('Ctrl Pts',(119.539155634063,-133.999459420924,7.30235778755566));
#4331=CARTESIAN_POINT('Ctrl Pts',(119.536639136108,-133.999284617352,7.42343473910152));
#4332=CARTESIAN_POINT('Ctrl Pts',(119.537426182502,-133.875267955717,7.43197153796838));
#4333=CARTESIAN_POINT('Ctrl Pts',(119.516850537392,-133.751503779439,7.44050833683524));
#4334=CARTESIAN_POINT('Ctrl Pts',(119.473750531255,-133.63615588228,7.44904513570209));
#4335=CARTESIAN_POINT('Ctrl Pts',(119.353477669717,-133.314271434752,7.47286752739377));
#4336=CARTESIAN_POINT('Ctrl Pts',(119.057803388802,-133.057926129572,7.49668991908545));
#4337=CARTESIAN_POINT('Ctrl Pts',(118.722118892043,-132.984502172864,7.52051231077713));
#4338=CARTESIAN_POINT('Ctrl Pts',(118.386434395283,-132.911078216157,7.54433470246881));
#4339=CARTESIAN_POINT('Ctrl Pts',(118.010739682679,-133.020575607922,7.5681570941605));
#4340=CARTESIAN_POINT('Ctrl Pts',(117.767067841255,-133.262854770213,7.59197948585218));
#4341=CARTESIAN_POINT('Ctrl Pts',(117.523395999832,-133.505133932505,7.61580187754386));
#4342=CARTESIAN_POINT('Ctrl Pts',(117.411747029589,-133.880194865322,7.63962426923554));
#4343=CARTESIAN_POINT('Ctrl Pts',(117.483245730451,-134.216294693585,7.66344666092722));
#4344=CARTESIAN_POINT('Ctrl Pts',(117.554744431312,-134.552394521848,7.6872690526189));
#4345=CARTESIAN_POINT('Ctrl Pts',(117.809390803278,-134.849533245557,7.71109144431058));
#4346=CARTESIAN_POINT('Ctrl Pts',(118.130580592949,-134.971649083164,7.73491383600226));
#4347=CARTESIAN_POINT('Ctrl Pts',(118.451770382619,-135.093764920771,7.75873622769394));
#4348=CARTESIAN_POINT('Ctrl Pts',(118.839503589995,-135.040857872278,7.78255861938562));
#4349=CARTESIAN_POINT('Ctrl Pts',(119.116234621887,-134.837154424169,7.80638101107731));
#4350=CARTESIAN_POINT('Ctrl Pts',(119.375876161222,-134.646030658711,7.82873225375204));
#4351=CARTESIAN_POINT('Ctrl Pts',(119.537802052662,-134.322160234692,7.85108349642678));
#4352=CARTESIAN_POINT('Ctrl Pts',(119.539333020205,-133.999616326091,7.87343473910152));
#4353=CARTESIAN_POINT('Origin',(118.5,-134.,9.95039626332859));
#4354=CARTESIAN_POINT('',(119.537780893801,-134.000949819494,8.32343473910152));
#4355=CARTESIAN_POINT('',(119.536097237489,-133.999983659315,8.20235778755566));
#4356=CARTESIAN_POINT('',(119.53775,-134.,9.95039626332859));
#4357=CARTESIAN_POINT('Ctrl Pts',(119.536097237489,-133.999983659315,8.20235778755566));
#4358=CARTESIAN_POINT('Ctrl Pts',(119.53607277912,-134.174242089989,8.19037823893894));
#4359=CARTESIAN_POINT('Ctrl Pts',(119.494470184379,-134.348511492249,8.17839869032223));
#4360=CARTESIAN_POINT('Ctrl Pts',(119.411354694966,-134.500005276527,8.16641914170552));
#4361=CARTESIAN_POINT('Ctrl Pts',(119.246072194951,-134.801264062093,8.14259675001384));
#4362=CARTESIAN_POINT('Ctrl Pts',(118.916627620648,-135.012457032669,8.11877435832215));
#4363=CARTESIAN_POINT('Ctrl Pts',(118.57387581568,-135.036877533971,8.09495196663047));
#4364=CARTESIAN_POINT('Ctrl Pts',(118.231124010712,-135.061298035273,8.07112957493879));
#4365=CARTESIAN_POINT('Ctrl Pts',(117.87506497508,-134.898946067301,8.04730718324711));
#4366=CARTESIAN_POINT('Ctrl Pts',(117.668740489806,-134.624163667083,8.02348479155543));
#4367=CARTESIAN_POINT('Ctrl Pts',(117.462416004531,-134.349381266865,7.99966239986375));
#4368=CARTESIAN_POINT('Ctrl Pts',(117.405826069616,-133.962168434401,7.97584000817207));
#4369=CARTESIAN_POINT('Ctrl Pts',(117.524883589529,-133.639832479775,7.95201761648039));
#4370=CARTESIAN_POINT('Ctrl Pts',(117.643941109442,-133.317496525148,7.92819522478871));
#4371=CARTESIAN_POINT('Ctrl Pts',(117.938646084184,-133.060037448359,7.90437283309703));
#4372=CARTESIAN_POINT('Ctrl Pts',(118.274051161915,-132.985347458899,7.88055044140535));
#4373=CARTESIAN_POINT('Ctrl Pts',(118.609456239645,-132.910657469438,7.85672804971366));
#4374=CARTESIAN_POINT('Ctrl Pts',(118.985561420363,-133.018736567306,7.83290565802198));
#4375=CARTESIAN_POINT('Ctrl Pts',(119.230145660987,-133.260094620686,7.8090832663303));
#4376=CARTESIAN_POINT('Ctrl Pts',(119.424278955545,-133.451667200961,7.79017477340542));
#4377=CARTESIAN_POINT('Ctrl Pts',(119.535553569596,-133.727206017984,7.77126628048054));
#4378=CARTESIAN_POINT('Ctrl Pts',(119.538080625577,-134.000927872361,7.75235778755565));
#4379=CARTESIAN_POINT('Ctrl Pts',(119.539333020205,-133.999616326091,7.87343473910152));
#4380=CARTESIAN_POINT('Ctrl Pts',(119.53943378782,-133.9783866271,7.87490588811846));
#4381=CARTESIAN_POINT('Ctrl Pts',(119.538839690167,-133.957162674859,7.8763770371354));
#4382=CARTESIAN_POINT('Ctrl Pts',(119.537532854597,-133.935982699593,7.87784818615235));
#4383=CARTESIAN_POINT('Ctrl Pts',(119.516371199006,-133.593014270848,7.90167057784403));
#4384=CARTESIAN_POINT('Ctrl Pts',(119.308319031416,-133.261577261079,7.92549296953571));
#4385=CARTESIAN_POINT('Ctrl Pts',(119.008644811702,-133.093438863259,7.94931536122739));
#4386=CARTESIAN_POINT('Ctrl Pts',(118.708970591987,-132.925300465438,7.97313775291907));
#4387=CARTESIAN_POINT('Ctrl Pts',(118.31767432015,-132.920460679566,7.99696014461075));
#4388=CARTESIAN_POINT('Ctrl Pts',(118.013933140095,-133.081135675511,8.02078253630243));
#4389=CARTESIAN_POINT('Ctrl Pts',(117.71019196004,-133.241810671456,8.04460492799411));
#4390=CARTESIAN_POINT('Ctrl Pts',(117.494005871768,-133.568000449218,8.0684273196858));
#4391=CARTESIAN_POINT('Ctrl Pts',(117.46436791109,-133.910340557988,8.09224971137748));
#4392=CARTESIAN_POINT('Ctrl Pts',(117.434729950412,-134.252680666758,8.11607210306916));
#4393=CARTESIAN_POINT('Ctrl Pts',(117.591640117327,-134.611171106536,8.13989449476084));
#4394=CARTESIAN_POINT('Ctrl Pts',(117.863248211402,-134.821656740279,8.16371688645252));
#4395=CARTESIAN_POINT('Ctrl Pts',(118.134856305476,-135.032142374021,8.1875392781442));
#4396=CARTESIAN_POINT('Ctrl Pts',(118.52116232671,-135.09462320173,8.21136166983588));
#4397=CARTESIAN_POINT('Ctrl Pts',(118.845274199877,-134.980488840318,8.23518406152756));
#4398=CARTESIAN_POINT('Ctrl Pts',(119.169386073044,-134.866354478907,8.25900645321924));
#4399=CARTESIAN_POINT('Ctrl Pts',(119.431303798143,-134.575604928375,8.28282884491092));
#4400=CARTESIAN_POINT('Ctrl Pts',(119.511093521184,-134.241376325618,8.3066512366026));
#4401=CARTESIAN_POINT('Ctrl Pts',(119.529831508444,-134.162885373881,8.31224573743557));
#4402=CARTESIAN_POINT('Ctrl Pts',(119.53852498729,-134.08199651682,8.31784023826855));
#4403=CARTESIAN_POINT('Ctrl Pts',(119.537780893801,-134.000949819494,8.32343473910152));
#4404=CARTESIAN_POINT('Origin',(118.5,-134.,9.95039626332859));
#4405=CARTESIAN_POINT('',(119.536124875912,-133.999821962097,8.77343473910152));
#4406=CARTESIAN_POINT('',(119.538140661394,-133.999080208458,8.65235778755565));
#4407=CARTESIAN_POINT('',(119.53775,-134.,9.95039626332859));
#4408=CARTESIAN_POINT('Ctrl Pts',(119.538140661394,-133.999080208458,8.65235778755565));
#4409=CARTESIAN_POINT('Ctrl Pts',(119.53560197744,-134.274740033677,8.63331258908903));
#4410=CARTESIAN_POINT('Ctrl Pts',(119.422535358671,-134.552239505431,8.6142673906224));
#4411=CARTESIAN_POINT('Ctrl Pts',(119.22589678677,-134.744074264625,8.59522219215578));
#4412=CARTESIAN_POINT('Ctrl Pts',(118.979934472977,-134.984027803656,8.57139980046409));
#4413=CARTESIAN_POINT('Ctrl Pts',(118.603216567947,-135.089951447257,8.5475774087724));
#4414=CARTESIAN_POINT('Ctrl Pts',(118.268244684895,-135.013342060007,8.52375501708072));
#4415=CARTESIAN_POINT('Ctrl Pts',(117.933272801843,-134.936732672757,8.49993262538904));
#4416=CARTESIAN_POINT('Ctrl Pts',(117.640046940769,-134.677590254657,8.47611023369737));
#4417=CARTESIAN_POINT('Ctrl Pts',(117.522837157788,-134.354577828446,8.45228784200569));
#4418=CARTESIAN_POINT('Ctrl Pts',(117.405627374807,-134.031565402234,8.42846545031401));
#4419=CARTESIAN_POINT('Ctrl Pts',(117.464433669918,-133.644682967912,8.40464305862232));
#4420=CARTESIAN_POINT('Ctrl Pts',(117.672328252612,-133.371086543998,8.38082066693064));
#4421=CARTESIAN_POINT('Ctrl Pts',(117.880222835306,-133.097490120084,8.35699827523896));
#4422=CARTESIAN_POINT('Ctrl Pts',(118.237205705583,-132.937179706579,8.33317588354728));
#4423=CARTESIAN_POINT('Ctrl Pts',(118.579812052485,-132.963562499288,8.3093534918556));
#4424=CARTESIAN_POINT('Ctrl Pts',(118.922418399387,-132.989945291997,8.28553110016392));
#4425=CARTESIAN_POINT('Ctrl Pts',(119.250648222913,-133.203021290921,8.26170870847224));
#4426=CARTESIAN_POINT('Ctrl Pts',(119.414202921812,-133.505221590662,8.23788631678056));
#4427=CARTESIAN_POINT('Ctrl Pts',(119.495510989378,-133.655454647584,8.22604347370559));
#4428=CARTESIAN_POINT('Ctrl Pts',(119.536121416751,-133.827713792145,8.21420063063062));
#4429=CARTESIAN_POINT('Ctrl Pts',(119.536097237489,-133.999983659315,8.20235778755566));
#4430=CARTESIAN_POINT('Ctrl Pts',(119.537780893801,-134.000949819494,8.32343473910152));
#4431=CARTESIAN_POINT('Ctrl Pts',(119.535356503259,-133.736885089248,8.34166262996023));
#4432=CARTESIAN_POINT('Ctrl Pts',(119.432745326237,-133.471144768254,8.35989052081894));
#4433=CARTESIAN_POINT('Ctrl Pts',(119.250940057191,-133.281208187519,8.37811841167765));
#4434=CARTESIAN_POINT('Ctrl Pts',(119.013335149174,-133.03297630716,8.40194080336933));
#4435=CARTESIAN_POINT('Ctrl Pts',(118.640463612156,-132.914220201425,8.42576319506101));
#4436=CARTESIAN_POINT('Ctrl Pts',(118.303065782313,-132.979319073976,8.44958558675269));
#4437=CARTESIAN_POINT('Ctrl Pts',(117.96566795247,-133.044417946527,8.47340797844437));
#4438=CARTESIAN_POINT('Ctrl Pts',(117.663743829802,-133.293371797365,8.49723037013605));
#4439=CARTESIAN_POINT('Ctrl Pts',(117.535546461869,-133.612183017069,8.52105276182773));
#4440=CARTESIAN_POINT('Ctrl Pts',(117.407349093937,-133.930994236773,8.54487515351941));
#4441=CARTESIAN_POINT('Ctrl Pts',(117.45287848074,-134.319662825343,8.56869754521109));
#4442=CARTESIAN_POINT('Ctrl Pts',(117.65128641519,-134.600214870273,8.59251993690277));
#4443=CARTESIAN_POINT('Ctrl Pts',(117.84969434964,-134.880766915203,8.61634232859446));
#4444=CARTESIAN_POINT('Ctrl Pts',(118.200980831736,-135.053202416492,8.64016472028614));
#4445=CARTESIAN_POINT('Ctrl Pts',(118.544289465361,-135.038562025078,8.66398711197782));
#4446=CARTESIAN_POINT('Ctrl Pts',(118.887598098985,-135.023921633663,8.6878095036695));
#4447=CARTESIAN_POINT('Ctrl Pts',(119.222928884137,-134.822205349545,8.71163189536118));
#4448=CARTESIAN_POINT('Ctrl Pts',(119.39673164,-134.525780380621,8.73545428705286));
#4449=CARTESIAN_POINT('Ctrl Pts',(119.489097222214,-134.368248558405,8.74811443773574));
#4450=CARTESIAN_POINT('Ctrl Pts',(119.535842842153,-134.183968396306,8.76077458841863));
#4451=CARTESIAN_POINT('Ctrl Pts',(119.536124875912,-133.999821962097,8.77343473910152));
#4452=CARTESIAN_POINT('Origin',(118.5,-134.,9.95039626332859));
#4453=CARTESIAN_POINT('',(119.538434515911,-133.999138001118,9.22343473910152));
#4454=CARTESIAN_POINT('',(119.539114148175,-134.000569743162,9.10235778755565));
#4455=CARTESIAN_POINT('',(119.53775,-134.,9.95039626332859));
#4456=CARTESIAN_POINT('Ctrl Pts',(119.539114148175,-134.000569743162,9.10235778755565));
#4457=CARTESIAN_POINT('Ctrl Pts',(119.53933245813,-134.03361217164,9.10006933093079));
#4458=CARTESIAN_POINT('Ctrl Pts',(119.537893076015,-134.06663533573,9.09778087430593));
#4459=CARTESIAN_POINT('Ctrl Pts',(119.534733692684,-134.099493115557,9.09549241768107));
#4460=CARTESIAN_POINT('Ctrl Pts',(119.501845122112,-134.441536260552,9.07167002598939));
#4461=CARTESIAN_POINT('Ctrl Pts',(119.282570200725,-134.765657691874,9.04784763429771));
#4462=CARTESIAN_POINT('Ctrl Pts',(118.977316425428,-134.923440125489,9.02402524260603));
#4463=CARTESIAN_POINT('Ctrl Pts',(118.672062650131,-135.081222559104,9.00020285091435));
#4464=CARTESIAN_POINT('Ctrl Pts',(118.280830020923,-135.072665995013,8.97638045922267));
#4465=CARTESIAN_POINT('Ctrl Pts',(117.982766508647,-134.901688512892,8.95255806753099));
#4466=CARTESIAN_POINT('Ctrl Pts',(117.684702996371,-134.73071103077,8.92873567583931));
#4467=CARTESIAN_POINT('Ctrl Pts',(117.479808601027,-134.397312630618,8.90491328414763));
#4468=CARTESIAN_POINT('Ctrl Pts',(117.461905832453,-134.054158652156,8.88109089245594));
#4469=CARTESIAN_POINT('Ctrl Pts',(117.444003063879,-133.711004673695,8.85726850076426));
#4470=CARTESIAN_POINT('Ctrl Pts',(117.613091922075,-133.358095116924,8.83344610907258));
#4471=CARTESIAN_POINT('Ctrl Pts',(117.891745496498,-133.157029589415,8.8096237173809));
#4472=CARTESIAN_POINT('Ctrl Pts',(118.170399070921,-132.955964061906,8.78580132568922));
#4473=CARTESIAN_POINT('Ctrl Pts',(118.558617361572,-132.906742563659,8.76197893399754));
#4474=CARTESIAN_POINT('Ctrl Pts',(118.878632655807,-133.031903946413,8.73815654230586));
#4475=CARTESIAN_POINT('Ctrl Pts',(119.198647950041,-133.157065329166,8.71433415061418));
#4476=CARTESIAN_POINT('Ctrl Pts',(119.450460247859,-133.456609592921,8.69051175892249));
#4477=CARTESIAN_POINT('Ctrl Pts',(119.518763035489,-133.793373442028,8.66668936723081));
#4478=CARTESIAN_POINT('Ctrl Pts',(119.532460048726,-133.860905955103,8.66191217400576));
#4479=CARTESIAN_POINT('Ctrl Pts',(119.538777450967,-133.92993520838,8.65713498078071));
#4480=CARTESIAN_POINT('Ctrl Pts',(119.538140661394,-133.999080208458,8.65235778755565));
#4481=CARTESIAN_POINT('Ctrl Pts',(119.536124875912,-133.999821962097,8.77343473910152));
#4482=CARTESIAN_POINT('Ctrl Pts',(119.536373540314,-133.837463161555,8.78459698011032));
#4483=CARTESIAN_POINT('Ctrl Pts',(119.500503034217,-133.675208316407,8.79575922111911));
#4484=CARTESIAN_POINT('Ctrl Pts',(119.427935146502,-133.531482118517,8.8069214621279));
#4485=CARTESIAN_POINT('Ctrl Pts',(119.273061170565,-133.224742479066,8.83074385381959));
#4486=CARTESIAN_POINT('Ctrl Pts',(118.951038492118,-133.002396853893,8.85456624551127));
#4487=CARTESIAN_POINT('Ctrl Pts',(118.609323409197,-132.966258731563,8.87838863720295));
#4488=CARTESIAN_POINT('Ctrl Pts',(118.267608326276,-132.930120609234,8.90221102889463));
#4489=CARTESIAN_POINT('Ctrl Pts',(117.906200838882,-133.080189989747,8.92603342058631));
#4490=CARTESIAN_POINT('Ctrl Pts',(117.690591841332,-133.34774919699,8.94985581227799));
#4491=CARTESIAN_POINT('Ctrl Pts',(117.474982843782,-133.615308404232,8.97367820396967));
#4492=CARTESIAN_POINT('Ctrl Pts',(117.405172336077,-134.000357438204,8.99750059566135));
#4493=CARTESIAN_POINT('Ctrl Pts',(117.513126964352,-134.326579633006,9.02132298735303));
#4494=CARTESIAN_POINT('Ctrl Pts',(117.621081592628,-134.652801827807,9.04514537904472));
#4495=CARTESIAN_POINT('Ctrl Pts',(117.906801356883,-134.920197183438,9.06896777073639));
#4496=CARTESIAN_POINT('Ctrl Pts',(118.23945338805,-135.006323964693,9.09279016242807));
#4497=CARTESIAN_POINT('Ctrl Pts',(118.572105419217,-135.092450745948,9.11661255411975));
#4498=CARTESIAN_POINT('Ctrl Pts',(118.951689717295,-134.997308952826,9.14043494581144));
#4499=CARTESIAN_POINT('Ctrl Pts',(119.204391928857,-134.764463884696,9.16425733750312));
#4500=CARTESIAN_POINT('Ctrl Pts',(119.413638484954,-134.571659760391,9.18398313803592));
#4501=CARTESIAN_POINT('Ctrl Pts',(119.535889125297,-134.284440239549,9.20370893856872));
#4502=CARTESIAN_POINT('Ctrl Pts',(119.538434515911,-133.999138001118,9.22343473910152));
#4503=CARTESIAN_POINT('Origin',(118.5,-134.,9.95039626332859));
#4504=CARTESIAN_POINT('',(119.538879359733,-134.000685348012,9.67343473910152));
#4505=CARTESIAN_POINT('',(119.536412752197,-134.000569635563,9.55235778755566));
#4506=CARTESIAN_POINT('',(119.53775,-134.,9.95039626332859));
#4507=CARTESIAN_POINT('',(117.723602502526,-134.688572427866,9.95039626332859));
#4508=CARTESIAN_POINT('Ctrl Pts',(119.538879359733,-134.000685348012,9.67343473910152));
#4509=CARTESIAN_POINT('Ctrl Pts',(119.536556350116,-133.699467066934,9.69428807210216));
#4510=CARTESIAN_POINT('Ctrl Pts',(119.398136181509,-133.396428776008,9.71514140510281));
#4511=CARTESIAN_POINT('Ctrl Pts',(119.167534967393,-133.203203009028,9.73599473810346));
#4512=CARTESIAN_POINT('Ctrl Pts',(118.904101182152,-132.982466117435,9.75981712979514));
#4513=CARTESIAN_POINT('Ctrl Pts',(118.52036856928,-132.905037623103,9.78363952148683));
#4514=CARTESIAN_POINT('Ctrl Pts',(118.192209162117,-133.00693484194,9.80746191317851));
#4515=CARTESIAN_POINT('Ctrl Pts',(117.864049754955,-133.108832060777,9.83128430487019));
#4516=CARTESIAN_POINT('Ctrl Pts',(117.591463553504,-133.390054992783,9.85510669656186));
#4517=CARTESIAN_POINT('Ctrl Pts',(117.499092925789,-133.720428103026,9.87892908825354));
#4518=CARTESIAN_POINT('Ctrl Pts',(117.406722298074,-134.050801213268,9.90275147994522));
#4519=CARTESIAN_POINT('Ctrl Pts',(117.494567244096,-134.430324501747,9.92657387163691));
#4520=CARTESIAN_POINT('Ctrl Pts',(117.723602502526,-134.688572427866,9.95039626332859));
#4521=CARTESIAN_POINT('',(119.277938397176,-134.689643968586,9.95039626332858));
#4522=CARTESIAN_POINT('Origin',(118.5,-134.,9.95039626332859));
#4523=CARTESIAN_POINT('Ctrl Pts',(119.277943753584,-134.689647693429,9.95039626332859));
#4524=CARTESIAN_POINT('Ctrl Pts',(119.057855950997,-134.936443715912,9.92747462338791));
#4525=CARTESIAN_POINT('Ctrl Pts',(118.709314902195,-135.070557852789,9.90455298344722));
#4526=CARTESIAN_POINT('Ctrl Pts',(118.380805806276,-135.032608904375,9.88163134350654));
#4527=CARTESIAN_POINT('Ctrl Pts',(118.039387287465,-134.993168676026,9.85780895181486));
#4528=CARTESIAN_POINT('Ctrl Pts',(117.71960604739,-134.767876526082,9.83398656012318));
#4529=CARTESIAN_POINT('Ctrl Pts',(117.567682759856,-134.459706134402,9.8101641684315));
#4530=CARTESIAN_POINT('Ctrl Pts',(117.415759472322,-134.151535742722,9.78634177673982));
#4531=CARTESIAN_POINT('Ctrl Pts',(117.431694137328,-133.760487109306,9.76251938504814));
#4532=CARTESIAN_POINT('Ctrl Pts',(117.608290545732,-133.465713677062,9.73869699335646));
#4533=CARTESIAN_POINT('Ctrl Pts',(117.784886954136,-133.170940244818,9.71487460166477));
#4534=CARTESIAN_POINT('Ctrl Pts',(118.122145105938,-132.972442013746,9.69105220997309));
#4535=CARTESIAN_POINT('Ctrl Pts',(118.465584185854,-132.961069586349,9.66722981828141));
#4536=CARTESIAN_POINT('Ctrl Pts',(118.80902326577,-132.949697158953,9.64340742658973));
#4537=CARTESIAN_POINT('Ctrl Pts',(119.158643273801,-133.125450535232,9.61958503489806));
#4538=CARTESIAN_POINT('Ctrl Pts',(119.354373943432,-133.407871704364,9.59576264320638));
#4539=CARTESIAN_POINT('Ctrl Pts',(119.47324895777,-133.579397304277,9.58129435798947));
#4540=CARTESIAN_POINT('Ctrl Pts',(119.535360110393,-133.790268552862,9.56682607277256));
#4541=CARTESIAN_POINT('Ctrl Pts',(119.536412752197,-134.000569635563,9.55235778755566));
#4542=CARTESIAN_POINT('Origin',(118.5,-134.,10.9440713445046));
#4543=CARTESIAN_POINT('',(119.789505504087,-133.998847452853,5.35672118215257));
#4544=CARTESIAN_POINT('',(119.791043442475,-134.001023645112,5.3190713445046));
#4545=CARTESIAN_POINT('',(119.79,-134.,10.9440713445046));
#4546=CARTESIAN_POINT('',(119.043954267274,-132.830293303809,4.95039626332859));
#4547=CARTESIAN_POINT('Ctrl Pts',(119.791043442475,-134.001023645112,5.3190713445046));
#4548=CARTESIAN_POINT('Ctrl Pts',(119.791632612497,-134.068957422611,5.31529160923767));
#4549=CARTESIAN_POINT('Ctrl Pts',(119.755841186999,-134.564432519523,5.28768948227905));
#4550=CARTESIAN_POINT('Ctrl Pts',(119.114099132162,-135.395751688069,5.23626496362876));
#4551=CARTESIAN_POINT('Ctrl Pts',(117.660516927021,-135.272808102601,5.16479778855371));
#4552=CARTESIAN_POINT('Ctrl Pts',(116.974320489705,-133.984266399937,5.09333061347867));
#4553=CARTESIAN_POINT('Ctrl Pts',(117.688293998081,-132.710121456225,5.02186343840363));
#4554=CARTESIAN_POINT('Ctrl Pts',(118.654882523172,-132.649361420484,4.97421865502027));
#4555=CARTESIAN_POINT('Ctrl Pts',(119.043954267274,-132.830293303809,4.95039626332859));
#4556=CARTESIAN_POINT('',(119.559535971836,-133.260090210122,4.95039626332858));
#4557=CARTESIAN_POINT('Origin',(118.5,-134.,4.95039626332859));
#4558=CARTESIAN_POINT('Ctrl Pts',(119.789505504087,-133.998847452853,5.35672118215257));
#4559=CARTESIAN_POINT('Ctrl Pts',(119.786815342953,-134.309465262259,5.33949074925198));
#4560=CARTESIAN_POINT('Ctrl Pts',(119.518251003449,-135.05370433192,5.29843792465972));
#4561=CARTESIAN_POINT('Ctrl Pts',(118.27392904893,-135.508063015229,5.23356270837576));
#4562=CARTESIAN_POINT('Ctrl Pts',(117.110083121616,-134.627574855218,5.16209553330072));
#4563=CARTESIAN_POINT('Ctrl Pts',(117.219407291098,-133.172157706994,5.09062835822567));
#4564=CARTESIAN_POINT('Ctrl Pts',(118.484807821687,-132.484063121518,5.02006193490164));
#4565=CARTESIAN_POINT('Ctrl Pts',(119.323202995976,-132.923768380588,4.97331790326927));
#4566=CARTESIAN_POINT('Ctrl Pts',(119.559543120259,-133.260086379488,4.95039626332859));
#4567=CARTESIAN_POINT('Origin',(118.5,-134.,10.9440713445046));
#4568=CARTESIAN_POINT('',(119.792158783224,-134.000158322575,5.80672118215257));
#4569=CARTESIAN_POINT('',(119.788015479414,-134.000313076024,5.7690713445046));
#4570=CARTESIAN_POINT('',(119.79,-134.,10.9440713445046));
#4571=CARTESIAN_POINT('Ctrl Pts',(119.788015479414,-134.000313076024,5.7690713445046));
#4572=CARTESIAN_POINT('Ctrl Pts',(119.788441110734,-134.196394573003,5.75822595938775));
#4573=CARTESIAN_POINT('Ctrl Pts',(119.65423198836,-134.822625574271,5.72355818257923));
#4574=CARTESIAN_POINT('Ctrl Pts',(118.680486676468,-135.514224587515,5.66506801407902));
#4575=CARTESIAN_POINT('Ctrl Pts',(117.325416076965,-134.972519109358,5.59360083900398));
#4576=CARTESIAN_POINT('Ctrl Pts',(117.046027783295,-133.540168348615,5.52213366392893));
#4577=CARTESIAN_POINT('Ctrl Pts',(118.098242209458,-132.528936338019,5.45066648885389));
#4578=CARTESIAN_POINT('Ctrl Pts',(119.443212537739,-132.847156485068,5.38297904904578));
#4579=CARTESIAN_POINT('Ctrl Pts',(119.787919273322,-133.640793823208,5.33911400092935));
#4580=CARTESIAN_POINT('Ctrl Pts',(119.791043442475,-134.001023645112,5.3190713445046));
#4581=CARTESIAN_POINT('Ctrl Pts',(119.792158783224,-134.000158322575,5.80672118215257));
#4582=CARTESIAN_POINT('Ctrl Pts',(119.792173482998,-134.008652236597,5.80624749109375));
#4583=CARTESIAN_POINT('Ctrl Pts',(119.788249477241,-134.444299541413,5.78195140834325));
#4584=CARTESIAN_POINT('Ctrl Pts',(119.301074274912,-135.297587078617,5.73383293390106));
#4585=CARTESIAN_POINT('Ctrl Pts',(117.843871644871,-135.376570514352,5.66236575882602));
#4586=CARTESIAN_POINT('Ctrl Pts',(116.987558476022,-134.194873600851,5.59089858375098));
#4587=CARTESIAN_POINT('Ctrl Pts',(117.516362425813,-132.834706602647,5.51943140867593));
#4588=CARTESIAN_POINT('Ctrl Pts',(118.945987925605,-132.541735408347,5.44796423360089));
#4589=CARTESIAN_POINT('Ctrl Pts',(119.720979335137,-133.332905880377,5.39372749142644));
#4590=CARTESIAN_POINT('Ctrl Pts',(119.79053469653,-133.880012377077,5.36331314094366));
#4591=CARTESIAN_POINT('Ctrl Pts',(119.789505504087,-133.998847452853,5.35672118215257));
#4592=CARTESIAN_POINT('Origin',(118.5,-134.,10.9440713445046));
#4593=CARTESIAN_POINT('',(119.789041254921,-134.001056665196,6.25672118215257));
#4594=CARTESIAN_POINT('',(119.789866422969,-133.998819463174,6.2190713445046));
#4595=CARTESIAN_POINT('',(119.79,-134.,10.9440713445046));
#4596=CARTESIAN_POINT('Ctrl Pts',(119.789866422969,-133.998819463174,6.2190713445046));
#4597=CARTESIAN_POINT('Ctrl Pts',(119.786940420967,-134.321475250503,6.20116030953784));
#4598=CARTESIAN_POINT('Ctrl Pts',(119.500998632158,-135.077900494171,6.1594268828794));
#4599=CARTESIAN_POINT('Ctrl Pts',(118.230997764143,-135.501029630302,6.09387106452927));
#4600=CARTESIAN_POINT('Ctrl Pts',(117.092833160245,-134.587650797329,6.02240388945424));
#4601=CARTESIAN_POINT('Ctrl Pts',(117.243370304291,-133.136093618368,5.95093671437918));
#4602=CARTESIAN_POINT('Ctrl Pts',(118.544745934569,-132.475713286722,5.87946953930415));
#4603=CARTESIAN_POINT('Ctrl Pts',(119.61387242411,-133.09966787664,5.81884774934595));
#4604=CARTESIAN_POINT('Ctrl Pts',(119.787506191789,-133.765692465682,5.78204835107943));
#4605=CARTESIAN_POINT('Ctrl Pts',(119.788015479414,-134.000313076024,5.7690713445046));
#4606=CARTESIAN_POINT('Ctrl Pts',(119.789041254921,-134.001056665196,6.25672118215257));
#4607=CARTESIAN_POINT('Ctrl Pts',(119.790090462904,-134.13709370925,6.24918184124383));
#4608=CARTESIAN_POINT('Ctrl Pts',(119.707621792048,-134.701733554046,6.21782010864342));
#4609=CARTESIAN_POINT('Ctrl Pts',(118.88778616155,-135.474813232375,6.16263598435132));
#4610=CARTESIAN_POINT('Ctrl Pts',(117.470903871079,-135.125350306826,6.09116880927628));
#4611=CARTESIAN_POINT('Ctrl Pts',(116.996481372872,-133.745276737582,6.01970163420123));
#4612=CARTESIAN_POINT('Ctrl Pts',(117.899001107101,-132.598482064945,5.94823445912619));
#4613=CARTESIAN_POINT('Ctrl Pts',(119.342293370568,-132.734309778105,5.87724097510997));
#4614=CARTESIAN_POINT('Ctrl Pts',(119.79143421682,-133.581484902391,5.83006988278543));
#4615=CARTESIAN_POINT('Ctrl Pts',(119.792158783224,-134.000158322575,5.80672118215257));
#4616=CARTESIAN_POINT('Origin',(118.5,-134.,10.9440713445046));
#4617=CARTESIAN_POINT('',(119.788381863705,-133.999257754721,6.70672118215257));
#4618=CARTESIAN_POINT('',(119.792047150168,-134.000379079718,6.6690713445046));
#4619=CARTESIAN_POINT('',(119.79,-134.,10.9440713445046));
#4620=CARTESIAN_POINT('Ctrl Pts',(119.792047150168,-134.000379079718,6.6690713445046));
#4621=CARTESIAN_POINT('Ctrl Pts',(119.792127460806,-134.021081885674,6.66791705137961));
#4622=CARTESIAN_POINT('Ctrl Pts',(119.782293147302,-134.46897288877,6.64294036656293));
#4623=CARTESIAN_POINT('Ctrl Pts',(119.263761066091,-135.319894378662,6.59414129005458));
#4624=CARTESIAN_POINT('Ctrl Pts',(117.804898516761,-135.35730838985,6.52267411497952));
#4625=CARTESIAN_POINT('Ctrl Pts',(116.982619076919,-134.15168147166,6.45120693990449));
#4626=CARTESIAN_POINT('Ctrl Pts',(117.549977101549,-132.807142660789,6.37973976482944));
#4627=CARTESIAN_POINT('Ctrl Pts',(118.987378634739,-132.555038337439,6.3082725897544));
#4628=CARTESIAN_POINT('Ctrl Pts',(119.73005543485,-133.357783185216,6.25471644964612));
#4629=CARTESIAN_POINT('Ctrl Pts',(119.790832120465,-133.892330169742,6.22498270122952));
#4630=CARTESIAN_POINT('Ctrl Pts',(119.789866422969,-133.998819463174,6.2190713445046));
#4631=CARTESIAN_POINT('Ctrl Pts',(119.788381863705,-133.999257754721,6.70672118215257));
#4632=CARTESIAN_POINT('Ctrl Pts',(119.787000598547,-134.26312401353,6.69211619139392));
#4633=CARTESIAN_POINT('Ctrl Pts',(119.57972149829,-134.959378028301,6.65368880894359));
#4634=CARTESIAN_POINT('Ctrl Pts',(118.440776788159,-135.523792894565,6.59143903480157));
#4635=CARTESIAN_POINT('Ctrl Pts',(117.187424527049,-134.77627173197,6.51997185972654));
#4636=CARTESIAN_POINT('Ctrl Pts',(117.13614619963,-133.317830676647,6.44850468465149));
#4637=CARTESIAN_POINT('Ctrl Pts',(118.333903175325,-132.484129286648,6.37703750957645));
#4638=CARTESIAN_POINT('Ctrl Pts',(119.541370886162,-132.980180413261,6.31310967541014));
#4639=CARTESIAN_POINT('Ctrl Pts',(119.786775233649,-133.707251394482,6.27300423293551));
#4640=CARTESIAN_POINT('Ctrl Pts',(119.789041254921,-134.001056665196,6.25672118215257));
#4641=CARTESIAN_POINT('Origin',(118.5,-134.,10.9440713445046));
#4642=CARTESIAN_POINT('',(119.791747307099,-133.999328020228,7.15672118215257));
#4643=CARTESIAN_POINT('',(119.78874433478,-134.000949113669,7.1190713445046));
#4644=CARTESIAN_POINT('',(119.79,-134.,10.9440713445046));
#4645=CARTESIAN_POINT('Ctrl Pts',(119.78874433478,-134.000949113669,7.1190713445046));
#4646=CARTESIAN_POINT('Ctrl Pts',(119.789756052604,-134.149352798297,7.11085140152969));
#4647=CARTESIAN_POINT('Ctrl Pts',(119.697507004613,-134.726629291857,7.0788090668631));
#4648=CARTESIAN_POINT('Ctrl Pts',(118.845588838486,-135.485267818067,7.02294434050484));
#4649=CARTESIAN_POINT('Ctrl Pts',(117.439243793655,-135.095558491081,6.95147716542978));
#4650=CARTESIAN_POINT('Ctrl Pts',(117.004353276341,-133.70252224511,6.88000999035475));
#4651=CARTESIAN_POINT('Ctrl Pts',(117.939195759429,-132.581920051462,6.8085428152797));
#4652=CARTESIAN_POINT('Ctrl Pts',(119.364235957515,-132.757137717266,6.73822993332965));
#4653=CARTESIAN_POINT('Ctrl Pts',(119.790470003578,-133.593815758965,6.69173944307129));
#4654=CARTESIAN_POINT('Ctrl Pts',(119.792047150168,-134.000379079718,6.6690713445046));
#4655=CARTESIAN_POINT('Ctrl Pts',(119.791747307099,-133.999328020228,7.15672118215257));
#4656=CARTESIAN_POINT('Ctrl Pts',(119.789284419017,-134.388240810167,7.13505054154401));
#4657=CARTESIAN_POINT('Ctrl Pts',(119.395301034362,-135.209006982492,7.08955750924376));
#4658=CARTESIAN_POINT('Ctrl Pts',(117.998917337282,-135.440266759807,7.02024208525183));
#4659=CARTESIAN_POINT('Ctrl Pts',(117.018083967592,-134.35969021,6.94877491017679));
#4660=CARTESIAN_POINT('Ctrl Pts',(117.394408850146,-132.949704620764,6.87730773510174));
#4661=CARTESIAN_POINT('Ctrl Pts',(118.783248692946,-132.501593395559,6.80584056002671));
#4662=CARTESIAN_POINT('Ctrl Pts',(119.681874560472,-133.236884084918,6.74897837571031));
#4663=CARTESIAN_POINT('Ctrl Pts',(119.789253598235,-133.832728303226,6.7159385830856));
#4664=CARTESIAN_POINT('Ctrl Pts',(119.788381863705,-133.999257754721,6.70672118215257));
#4665=CARTESIAN_POINT('Origin',(118.5,-134.,10.9440713445046));
#4666=CARTESIAN_POINT('',(119.790410992045,-134.001153413969,7.60672118215257));
#4667=CARTESIAN_POINT('',(119.788619114025,-133.99911072646,7.5690713445046));
#4668=CARTESIAN_POINT('',(119.79,-134.,10.9440713445046));
#4669=CARTESIAN_POINT('Ctrl Pts',(119.788619114025,-133.99911072646,7.56907134450461));
#4670=CARTESIAN_POINT('Ctrl Pts',(119.786867313957,-134.275145783737,7.55378575167978));
#4671=CARTESIAN_POINT('Ctrl Pts',(119.564558933873,-134.98395226822,7.51467776716327));
#4672=CARTESIAN_POINT('Ctrl Pts',(118.397364938524,-135.521485517784,7.45174739095509));
#4673=CARTESIAN_POINT('Ctrl Pts',(117.165830180407,-134.738541149265,7.38028021588004));
#4674=CARTESIAN_POINT('Ctrl Pts',(117.156145743739,-133.279231053249,7.308813040805));
#4675=CARTESIAN_POINT('Ctrl Pts',(118.37718076338,-132.480010667213,7.23734586572996));
#4676=CARTESIAN_POINT('Ctrl Pts',(119.5573183692,-133.004633784281,7.17409863362983));
#4677=CARTESIAN_POINT('Ctrl Pts',(119.786823971644,-133.7192609212,7.13467379322137));
#4678=CARTESIAN_POINT('Ctrl Pts',(119.78874433478,-134.000949113669,7.1190713445046));
#4679=CARTESIAN_POINT('Ctrl Pts',(119.790410992045,-134.001153413969,7.60672118215257));
#4680=CARTESIAN_POINT('Ctrl Pts',(119.791227350924,-134.089578548975,7.60180728338577));
#4681=CARTESIAN_POINT('Ctrl Pts',(119.742611430403,-134.605793284396,7.57307099292729));
#4682=CARTESIAN_POINT('Ctrl Pts',(119.047308280911,-135.423343184171,7.52051231077714));
#4683=CARTESIAN_POINT('Ctrl Pts',(117.600630972091,-135.231498081979,7.44904513570209));
#4684=CARTESIAN_POINT('Ctrl Pts',(116.977607683707,-133.911830790113,7.37757796062705));
#4685=CARTESIAN_POINT('Ctrl Pts',(117.748811362323,-132.67291002381,7.30611078555201));
#4686=CARTESIAN_POINT('Ctrl Pts',(119.207963505172,-132.649355764968,7.23464361047696));
#4687=CARTESIAN_POINT('Ctrl Pts',(119.772901512491,-133.494810978292,7.18484707601048));
#4688=CARTESIAN_POINT('Ctrl Pts',(119.791991855573,-133.96071155604,7.15887293323569));
#4689=CARTESIAN_POINT('Ctrl Pts',(119.791747307099,-133.999328020228,7.15672118215257));
#4690=CARTESIAN_POINT('Origin',(118.5,-134.,10.9440713445046));
#4691=CARTESIAN_POINT('',(119.787945493964,-133.999979687321,8.05672118215257));
#4692=CARTESIAN_POINT('',(119.791967811193,-133.999523064955,8.0190713445046));
#4693=CARTESIAN_POINT('',(119.79,-134.,10.9440713445046));
#4694=CARTESIAN_POINT('Ctrl Pts',(119.791967811193,-133.999523064955,8.0190713445046));
#4695=CARTESIAN_POINT('Ctrl Pts',(119.790064705309,-134.400468998075,7.99672010182987));
#4696=CARTESIAN_POINT('Ctrl Pts',(119.374244440543,-135.232157397424,7.95054646746345));
#4697=CARTESIAN_POINT('Ctrl Pts',(117.958065965853,-135.425398063456,7.88055044140534));
#4698=CARTESIAN_POINT('Ctrl Pts',(117.008433145322,-134.317301835317,7.80908326633031));
#4699=CARTESIAN_POINT('Ctrl Pts',(117.424796927387,-132.918616400478,7.73761609125526));
#4700=CARTESIAN_POINT('Ctrl Pts',(118.82584586767,-132.510276331935,7.66614891618022));
#4701=CARTESIAN_POINT('Ctrl Pts',(119.69264630657,-133.261779717189,7.60996733393));
#4702=CARTESIAN_POINT('Ctrl Pts',(119.789597470901,-133.844948844014,7.57760814337146));
#4703=CARTESIAN_POINT('Ctrl Pts',(119.788619114025,-133.99911072646,7.56907134450461));
#4704=CARTESIAN_POINT('Ctrl Pts',(119.787945493964,-133.999979687321,8.05672118215257));
#4705=CARTESIAN_POINT('Ctrl Pts',(119.787915090402,-134.216595804467,8.04474163353586));
#4706=CARTESIAN_POINT('Ctrl Pts',(119.633359934941,-134.864012984246,8.00893969322747));
#4707=CARTESIAN_POINT('Ctrl Pts',(118.608374974498,-135.521087452841,7.94931536122739));
#4708=CARTESIAN_POINT('Ctrl Pts',(117.280551830293,-134.915640942553,7.87784818615235));
#4709=CARTESIAN_POINT('Ctrl Pts',(117.069515407144,-133.47163837774,7.80638101107731));
#4710=CARTESIAN_POINT('Ctrl Pts',(118.168535645401,-132.511516356855,7.73491383600225));
#4711=CARTESIAN_POINT('Ctrl Pts',(119.474677549303,-132.886854549195,7.66836055969402));
#4712=CARTESIAN_POINT('Ctrl Pts',(119.787269674564,-133.660896905034,7.62562967507745));
#4713=CARTESIAN_POINT('Ctrl Pts',(119.790410992045,-134.001153413969,7.60672118215257));
#4714=CARTESIAN_POINT('Origin',(118.5,-134.,10.9440713445046));
#4715=CARTESIAN_POINT('',(119.790485621006,-133.998856631087,8.50672118215257));
#4716=CARTESIAN_POINT('',(119.790038403279,-134.001180695878,8.4690713445046));
#4717=CARTESIAN_POINT('',(119.79,-134.,10.9440713445046));
#4718=CARTESIAN_POINT('Ctrl Pts',(119.790038403279,-134.001180695878,8.4690713445046));
#4719=CARTESIAN_POINT('Ctrl Pts',(119.790963366518,-134.101927734712,8.46347684367163));
#4720=CARTESIAN_POINT('Ctrl Pts',(119.734140122883,-134.630642109426,8.43405995114698));
#4721=CARTESIAN_POINT('Ctrl Pts',(119.006513292072,-135.438365885787,8.38082066693065));
#4722=CARTESIAN_POINT('Ctrl Pts',(117.565892427534,-135.205361016376,8.3093534918556));
#4723=CARTESIAN_POINT('Ctrl Pts',(116.980739600781,-133.868470626649,8.23788631678056));
#4724=CARTESIAN_POINT('Ctrl Pts',(117.786945490072,-132.652036572263,8.16641914170552));
#4725=CARTESIAN_POINT('Ctrl Pts',(119.246176106321,-132.670085207603,8.09495196663048));
#4726=CARTESIAN_POINT('Ctrl Pts',(119.779395878441,-133.519529694857,8.04583603423016));
#4727=CARTESIAN_POINT('Ctrl Pts',(119.79209307279,-133.973132979001,8.02054249352154));
#4728=CARTESIAN_POINT('Ctrl Pts',(119.791967811193,-133.999523064955,8.0190713445046));
#4729=CARTESIAN_POINT('Ctrl Pts',(119.790485621006,-133.998856631087,8.50672118215257));
#4730=CARTESIAN_POINT('Ctrl Pts',(119.787329849095,-134.341522181106,8.48767598368594));
#4731=CARTESIAN_POINT('Ctrl Pts',(119.470974676126,-135.117952876044,8.44480839352764));
#4732=CARTESIAN_POINT('Ctrl Pts',(118.160017610371,-135.486561182565,8.37811841167764));
#4733=CARTESIAN_POINT('Ctrl Pts',(117.06651331516,-134.52016160844,8.30665123660261));
#4734=CARTESIAN_POINT('Ctrl Pts',(117.285815037232,-133.077391171602,8.23518406152756));
#4735=CARTESIAN_POINT('Ctrl Pts',(118.6170833658,-132.479558070889,8.16371688645252));
#4736=CARTESIAN_POINT('Ctrl Pts',(119.635947530119,-133.140971154098,8.10422925999419));
#4737=CARTESIAN_POINT('Ctrl Pts',(119.787975550574,-133.785835501679,8.06856402522754));
#4738=CARTESIAN_POINT('Ctrl Pts',(119.787945493964,-133.999979687321,8.05672118215257));
#4739=CARTESIAN_POINT('Origin',(118.5,-134.,10.9440713445046));
#4740=CARTESIAN_POINT('',(119.791695737071,-134.000708232887,8.95672118215257));
#4741=CARTESIAN_POINT('',(119.787979850568,-133.999778685719,8.91907134450461));
#4742=CARTESIAN_POINT('',(119.79,-134.,10.9440713445046));
#4743=CARTESIAN_POINT('Ctrl Pts',(119.787979850568,-133.999778685719,8.91907134450461));
#4744=CARTESIAN_POINT('Ctrl Pts',(119.787629261747,-134.228686322558,8.90641119382172));
#4745=CARTESIAN_POINT('Ctrl Pts',(119.620179662366,-134.888804625777,8.86992865144714));
#4746=CARTESIAN_POINT('Ctrl Pts',(118.564972136685,-135.523558577632,8.80962371738091));
#4747=CARTESIAN_POINT('Ctrl Pts',(117.254946903522,-134.880508334328,8.73815654230585));
#4748=CARTESIAN_POINT('Ctrl Pts',(117.085157718335,-133.431076931998,8.66668936723082));
#4749=CARTESIAN_POINT('Ctrl Pts',(118.211099760952,-132.502672785777,8.59522219215578));
#4750=CARTESIAN_POINT('Ctrl Pts',(119.492769513303,-132.910872644219,8.5293495179137));
#4751=CARTESIAN_POINT('Ctrl Pts',(119.787024706533,-133.672928706461,8.48729923536331));
#4752=CARTESIAN_POINT('Ctrl Pts',(119.790038403279,-134.001180695878,8.4690713445046));
#4753=CARTESIAN_POINT('Ctrl Pts',(119.791695737071,-134.000708232887,8.95672118215257));
#4754=CARTESIAN_POINT('Ctrl Pts',(119.791967112491,-134.04178241524,8.95443272552771));
#4755=CARTESIAN_POINT('Ctrl Pts',(119.771552019291,-134.510157675436,8.92832187721116));
#4756=CARTESIAN_POINT('Ctrl Pts',(119.200217692457,-135.354676048105,8.87838863720295));
#4757=CARTESIAN_POINT('Ctrl Pts',(117.741224413696,-135.32276672213,8.80692146212791));
#4758=CARTESIAN_POINT('Ctrl Pts',(116.977127752668,-134.079450115442,8.73545428705286));
#4759=CARTESIAN_POINT('Ctrl Pts',(117.607697621343,-132.763372076703,8.66398711197782));
#4760=CARTESIAN_POINT('Ctrl Pts',(119.055449762821,-132.579814188756,8.59251993690278));
#4761=CARTESIAN_POINT('Ctrl Pts',(119.744263715241,-133.399195410521,8.54009796029436));
#4762=CARTESIAN_POINT('Ctrl Pts',(119.79127719754,-133.912904282159,8.51149837537762));
#4763=CARTESIAN_POINT('Ctrl Pts',(119.790485621006,-133.998856631087,8.50672118215257));
#4764=CARTESIAN_POINT('Origin',(118.5,-134.,10.9440713445046));
#4765=CARTESIAN_POINT('',(119.788337702081,-134.000708099134,9.40672118215257));
#4766=CARTESIAN_POINT('',(119.790850903903,-133.998928471638,9.3690713445046));
#4767=CARTESIAN_POINT('',(119.79,-134.,10.9440713445046));
#4768=CARTESIAN_POINT('Ctrl Pts',(119.790850903903,-133.998928471638,9.3690713445046));
#4769=CARTESIAN_POINT('Ctrl Pts',(119.787686795117,-134.353580254415,9.3493455439718));
#4770=CARTESIAN_POINT('Ctrl Pts',(119.452193685602,-135.141798376551,9.30579735174733));
#4771=CARTESIAN_POINT('Ctrl Pts',(118.117781013027,-135.47626535813,9.23842676783116));
#4772=CARTESIAN_POINT('Ctrl Pts',(117.05226861826,-134.479088748839,9.16695959275612));
#4773=CARTESIAN_POINT('Ctrl Pts',(117.312607490647,-133.043155468692,9.09549241768107));
#4774=CARTESIAN_POINT('Ctrl Pts',(118.660376198154,-132.483513452228,9.02402524260603));
#4775=CARTESIAN_POINT('Ctrl Pts',(119.64853619811,-133.165804072317,8.96521821821388));
#4776=CARTESIAN_POINT('Ctrl Pts',(119.78828895881,-133.7979546889,8.9302335855134));
#4777=CARTESIAN_POINT('Ctrl Pts',(119.787979850568,-133.999778685719,8.91907134450461));
#4778=CARTESIAN_POINT('Ctrl Pts',(119.788337702081,-134.000708099134,9.40672118215257));
#4779=CARTESIAN_POINT('Ctrl Pts',(119.789183687405,-134.169722505489,9.3973670756778));
#4780=CARTESIAN_POINT('Ctrl Pts',(119.679661013364,-134.768120373443,9.36419057751134));
#4781=CARTESIAN_POINT('Ctrl Pts',(118.774660255928,-135.500000864289,9.30719168765321));
#4782=CARTESIAN_POINT('Ctrl Pts',(117.388414372215,-135.043948739818,9.23572451257816));
#4783=CARTESIAN_POINT('Ctrl Pts',(117.020167145759,-133.63182910589,9.16425733750313));
#4784=CARTESIAN_POINT('Ctrl Pts',(118.007173304418,-132.556887860384,9.09279016242807));
#4785=CARTESIAN_POINT('Ctrl Pts',(119.399457973706,-132.795667573706,9.0236114439779));
#4786=CARTESIAN_POINT('Ctrl Pts',(119.789142146758,-133.614208106074,8.97825511721939));
#4787=CARTESIAN_POINT('Ctrl Pts',(119.791695737071,-134.000708232887,8.95672118215257));
#4788=CARTESIAN_POINT('Origin',(118.5,-134.,10.9440713445046));
#4789=CARTESIAN_POINT('',(119.788701173141,-133.998757628478,9.85672118215257));
#4790=CARTESIAN_POINT('',(119.791403877673,-134.000851938266,9.8190713445046));
#4791=CARTESIAN_POINT('',(119.79,-134.,10.9440713445046));
#4792=CARTESIAN_POINT('',(118.835179827523,-132.754305622064,9.95039626332859));
#4793=CARTESIAN_POINT('Ctrl Pts',(118.835179827523,-132.754305622064,9.95039626332859));
#4794=CARTESIAN_POINT('Ctrl Pts',(119.249526847866,-132.865794254648,9.92657387163691));
#4795=CARTESIAN_POINT('Ctrl Pts',(119.709200367408,-133.303488034806,9.89534884457824));
#4796=CARTESIAN_POINT('Ctrl Pts',(119.789712453778,-133.865224971088,9.86412381751956));
#4797=CARTESIAN_POINT('Ctrl Pts',(119.788701173141,-133.998757628478,9.85672118215257));
#4798=CARTESIAN_POINT('',(118.163953200987,-132.75213963404,9.9503962633286));
#4799=CARTESIAN_POINT('Origin',(118.5,-134.,9.95039626332859));
#4800=CARTESIAN_POINT('Ctrl Pts',(118.163950187149,-132.752132104451,9.95039626332859));
#4801=CARTESIAN_POINT('Ctrl Pts',(118.561178275311,-132.6464140666,9.92747462338791));
#4802=CARTESIAN_POINT('Ctrl Pts',(119.427317029606,-132.835654988843,9.88369965044658));
#4803=CARTESIAN_POINT('Ctrl Pts',(119.788516204914,-133.626415337359,9.83992467750525));
#4804=CARTESIAN_POINT('Ctrl Pts',(119.791403877673,-134.000851938266,9.8190713445046));
#4805=CARTESIAN_POINT('Origin',(137.000002041459,-101.500001512468,19.3053962633285));
#4806=CARTESIAN_POINT('',(164.000002399087,-133.2538504974,19.3053962633285));
#4807=CARTESIAN_POINT('',(163.000002399087,-133.2538504974,19.3053962633285));
#4808=CARTESIAN_POINT('',(150.500002220273,-133.2538504974,19.3053962633286));
#4809=CARTESIAN_POINT('',(163.000002399087,-141.000002071261,19.3053962633285));
#4810=CARTESIAN_POINT('',(163.000002399087,-81.750001233071,19.3053962633284));
#4811=CARTESIAN_POINT('',(111.000001683831,-141.000002071261,19.3053962633285));
#4812=CARTESIAN_POINT('',(150.000002220273,-141.000002071261,19.3053962633286));
#4813=CARTESIAN_POINT('',(111.000001683831,-62.0000009536743,19.3053962633285));
#4814=CARTESIAN_POINT('',(111.000001683831,-121.250001791865,19.3053962633285));
#4815=CARTESIAN_POINT('',(163.000002399087,-62.0000009536743,19.3053962633285));
#4816=CARTESIAN_POINT('',(124.000001862645,-62.0000009536743,19.3053962633283));
#4817=CARTESIAN_POINT('',(163.000002399087,-124.242321453304,19.3053962633285));
#4818=CARTESIAN_POINT('',(163.000002399087,-81.750001233071,19.3053962633284));
#4819=CARTESIAN_POINT('',(164.000002399087,-124.242321453304,19.3053962633285));
#4820=CARTESIAN_POINT('',(150.500002220273,-124.242321453304,19.3053962633285));
#4821=CARTESIAN_POINT('',(164.000002399087,-64.0000009536742,19.3053962633283));
#4822=CARTESIAN_POINT('',(164.000002399087,-142.000002071261,19.3053962633286));
#4823=CARTESIAN_POINT('',(161.000002399087,-61.0000009536743,19.3053962633283));
#4824=CARTESIAN_POINT('Origin',(161.000002399087,-64.0000009536742,19.3053962633283));
#4825=CARTESIAN_POINT('',(113.000001683831,-61.0000009536743,19.3053962633283));
#4826=CARTESIAN_POINT('',(164.000002399087,-61.0000009536743,19.3053962633283));
#4827=CARTESIAN_POINT('',(110.000001683831,-64.0000009536742,19.3053962633283));
#4828=CARTESIAN_POINT('Origin',(113.000001683831,-64.0000009536742,19.3053962633283));
#4829=CARTESIAN_POINT('',(110.000001683831,-139.000002071261,19.3053962633286));
#4830=CARTESIAN_POINT('',(110.000001683831,-61.0000009536743,19.3053962633283));
#4831=CARTESIAN_POINT('',(113.000001683831,-142.000002071261,19.3053962633286));
#4832=CARTESIAN_POINT('Origin',(113.000001683831,-139.000002071261,19.3053962633286));
#4833=CARTESIAN_POINT('',(161.000002399087,-142.000002071261,19.3053962633286));
#4834=CARTESIAN_POINT('',(110.000001683831,-142.000002071261,19.3053962633286));
#4835=CARTESIAN_POINT('',(164.000002399087,-139.000002071261,19.3053962633286));
#4836=CARTESIAN_POINT('Origin',(161.000002399087,-139.000002071261,19.3053962633286));
#4837=CARTESIAN_POINT('',(164.000002399087,-142.000002071261,19.3053962633286));
#4838=CARTESIAN_POINT('Origin',(164.000002399087,-132.2538504974,16.1487363282375));
#4839=CARTESIAN_POINT('',(163.000002399087,-133.193061655675,15.8053962633285));
#4840=CARTESIAN_POINT('',(163.000002399087,-133.2538504974,16.1487363282375));
#4841=CARTESIAN_POINT('Origin',(163.000002399087,-132.2538504974,16.1487363282375));
#4842=CARTESIAN_POINT('',(164.000002399087,-133.2538504974,16.1487363282375));
#4843=CARTESIAN_POINT('',(164.000002399087,-133.2538504974,16.1487363282375));
#4844=CARTESIAN_POINT('',(164.000002399087,-132.2538504974,15.1487363282375));
#4845=CARTESIAN_POINT('Origin',(164.000002399087,-132.2538504974,16.1487363282375));
#4846=CARTESIAN_POINT('',(162.000002399087,-132.2538504974,15.1487363282375));
#4847=CARTESIAN_POINT('',(164.000002399087,-132.2538504974,15.1487363282375));
#4848=CARTESIAN_POINT('',(162.000002399087,-133.193061655675,15.8053962633285));
#4849=CARTESIAN_POINT('Origin',(162.000002399087,-132.2538504974,16.1487363282375));
#4850=CARTESIAN_POINT('',(164.000002399087,-133.193061655675,15.8053962633285));
#4851=CARTESIAN_POINT('Origin',(164.000002399087,-124.242321453304,15.1487363282375));
#4852=CARTESIAN_POINT('',(164.000002399087,-125.242321453304,15.1487363282375));
#4853=CARTESIAN_POINT('',(164.000002399087,-92.6211612034893,15.1487363282375));
#4854=CARTESIAN_POINT('',(162.000002399087,-125.242321453304,15.1487363282375));
#4855=CARTESIAN_POINT('',(164.000002399087,-125.242321453304,15.1487363282375));
#4856=CARTESIAN_POINT('',(162.000002399087,-93.6211612034893,15.1487363282375));
#4857=CARTESIAN_POINT('Origin',(164.000002399087,-125.242321453304,16.1487363282375));
#4858=CARTESIAN_POINT('',(163.000002399087,-124.303110295029,15.8053962633285));
#4859=CARTESIAN_POINT('',(163.000002399087,-124.242321453304,16.1487363282375));
#4860=CARTESIAN_POINT('Origin',(163.000002399087,-125.242321453304,16.1487363282375));
#4861=CARTESIAN_POINT('',(162.000002399087,-124.303110295029,15.8053962633285));
#4862=CARTESIAN_POINT('',(164.000002399087,-124.303110295029,15.8053962633285));
#4863=CARTESIAN_POINT('Origin',(162.000002399087,-125.242321453304,16.1487363282375));
#4864=CARTESIAN_POINT('',(164.000002399087,-124.242321453304,16.1487363282375));
#4865=CARTESIAN_POINT('Origin',(164.000002399087,-125.242321453304,16.1487363282375));
#4866=CARTESIAN_POINT('',(164.000002399087,-124.242321453304,16.1487363282375));
#4867=CARTESIAN_POINT('Origin',(164.000002399087,-124.242321453304,18.3053962633285));
#4868=CARTESIAN_POINT('',(164.000002399087,-124.242321453304,10.6523962633284));
#4869=CARTESIAN_POINT('',(163.000002399087,-124.242321453304,18.3053962633285));
#4870=CARTESIAN_POINT('Origin',(164.000002399087,-133.2538504974,15.1487363282375));
#4871=CARTESIAN_POINT('',(163.000002399087,-133.2538504974,16.727066295783));
#4872=CARTESIAN_POINT('',(164.000002399087,-133.2538504974,9.0740662957829));
#4873=CARTESIAN_POINT('Origin',(162.000002399087,-63.0000009536743,2.99939626332832));
#4874=CARTESIAN_POINT('',(162.000002399087,-140.000002071261,15.8053962633285));
#4875=CARTESIAN_POINT('',(162.000002399087,-82.2500012330711,15.8053962633285));
#4876=CARTESIAN_POINT('',(162.000002399087,-63.0000009536743,15.8053962633285));
#4877=CARTESIAN_POINT('',(162.000002399087,-82.2500012330711,15.8053962633285));
#4878=CARTESIAN_POINT('',(162.000002399087,-63.0000009536743,2.99939626332832));
#4879=CARTESIAN_POINT('',(162.000002399087,-63.0000009536743,2.99939626332832));
#4880=CARTESIAN_POINT('',(162.000002399087,-140.000002071261,2.99939626332861));
#4881=CARTESIAN_POINT('',(162.000002399087,-82.2500012330711,2.9993962633284));
#4882=CARTESIAN_POINT('',(162.000002399087,-140.000002071261,2.99939626332861));
#4883=CARTESIAN_POINT('Origin',(163.000002399087,-62.0000009536743,18.3053962633285));
#4884=CARTESIAN_POINT('',(163.000002399087,-62.0000009536743,15.8053962633285));
#4885=CARTESIAN_POINT('',(163.000002399087,-62.0000009536743,18.3053962633285));
#4886=CARTESIAN_POINT('',(163.000002399087,-81.7500012330711,15.8053962633285));
#4887=CARTESIAN_POINT('Origin',(161.000002399087,-64.0000009536743,2.99939626332833));
#4888=CARTESIAN_POINT('',(164.000002399087,-64.0000009536743,0.999396263328327));
#4889=CARTESIAN_POINT('',(164.000002399087,-64.0000009536743,2.99939626332833));
#4890=CARTESIAN_POINT('',(161.000002399087,-61.0000009536743,0.999396263328316));
#4891=CARTESIAN_POINT('Origin',(161.000002399087,-64.0000009536743,0.999396263328328));
#4892=CARTESIAN_POINT('',(161.000002399087,-61.0000009536743,2.99939626332832));
#4893=CARTESIAN_POINT('Origin',(164.000002399087,-61.0000009536743,2.99939626332832));
#4894=CARTESIAN_POINT('',(164.000002399087,-139.000002071261,0.999396263328608));
#4895=CARTESIAN_POINT('',(164.000002399087,-139.000002071261,2.99939626332863));
#4896=CARTESIAN_POINT('',(164.000002399087,-142.000002071261,0.99939626332862));
#4897=CARTESIAN_POINT('Origin',(113.000001683831,-64.0000009536743,2.9993962633283));
#4898=CARTESIAN_POINT('',(113.000001683831,-61.0000009536743,0.999396263328316));
#4899=CARTESIAN_POINT('',(110.000001683831,-64.0000009536743,0.999396263328327));
#4900=CARTESIAN_POINT('Origin',(113.000001683831,-64.0000009536743,0.999396263328328));
#4901=CARTESIAN_POINT('',(110.000001683831,-64.0000009536743,2.9993962633283));
#4902=CARTESIAN_POINT('',(113.000001683831,-61.0000009536743,2.99939626332829));
#4903=CARTESIAN_POINT('Origin',(110.000001683831,-142.000002071261,2.99939626332862));
#4904=CARTESIAN_POINT('',(110.000001683831,-139.000002071261,0.999396263328608));
#4905=CARTESIAN_POINT('',(110.000001683831,-61.0000009536743,0.999396263328316));
#4906=CARTESIAN_POINT('',(110.000001683831,-139.000002071261,2.99939626332861));
#4907=CARTESIAN_POINT('Origin',(113.000001683831,-139.000002071261,2.99939626332861));
#4908=CARTESIAN_POINT('',(113.000001683831,-142.000002071261,0.99939626332862));
#4909=CARTESIAN_POINT('Origin',(113.000001683831,-139.000002071261,0.999396263328661));
#4910=CARTESIAN_POINT('',(113.000001683831,-142.000002071261,2.99939626332862));
#4911=CARTESIAN_POINT('Origin',(161.000002399087,-139.000002071261,2.99939626332863));
#4912=CARTESIAN_POINT('',(161.000002399087,-142.000002071261,0.99939626332862));
#4913=CARTESIAN_POINT('Origin',(161.000002399087,-139.000002071261,0.999396263328661));
#4914=CARTESIAN_POINT('',(161.000002399087,-142.000002071261,2.99939626332865));
#4915=CARTESIAN_POINT('Origin',(137.000002041459,-101.500001512468,0.999396263328494));
#4916=CARTESIAN_POINT('',(110.000001683831,-142.000002071261,0.99939626332862));
#4917=CARTESIAN_POINT('',(164.000002399087,-61.0000009536743,0.999396263328316));
#4918=CARTESIAN_POINT('Origin',(111.000001683831,-62.0000009536743,18.3053962633285));
#4919=CARTESIAN_POINT('',(111.000001683831,-62.0000009536743,15.8053962633285));
#4920=CARTESIAN_POINT('',(111.000001683831,-62.0000009536743,18.3053962633285));
#4921=CARTESIAN_POINT('',(111.000001683831,-62.0000009536743,15.8053962633285));
#4922=CARTESIAN_POINT('Origin',(111.000001683831,-141.000002071261,18.3053962633285));
#4923=CARTESIAN_POINT('',(111.000001683831,-141.000002071261,15.8053962633285));
#4924=CARTESIAN_POINT('',(111.000001683831,-141.000002071261,18.3053962633285));
#4925=CARTESIAN_POINT('',(111.000001683831,-141.000002071261,15.8053962633285));
#4926=CARTESIAN_POINT('Origin',(163.000002399087,-141.000002071261,18.3053962633285));
#4927=CARTESIAN_POINT('',(163.000002399087,-141.000002071261,15.8053962633285));
#4928=CARTESIAN_POINT('',(163.000002399087,-141.000002071261,18.3053962633285));
#4929=CARTESIAN_POINT('',(163.000002399087,-141.000002071261,15.8053962633285));
#4930=CARTESIAN_POINT('Origin',(163.000002399087,-62.0000009536743,18.3053962633285));
#4931=CARTESIAN_POINT('',(163.000002399087,-62.0000009536743,15.8053962633285));
#4932=CARTESIAN_POINT('Origin',(137.000002041459,-101.500001512468,15.8053962633285));
#4933=CARTESIAN_POINT('',(112.000001683831,-140.000002071261,15.8053962633285));
#4934=CARTESIAN_POINT('',(149.500002220273,-140.000002071261,15.8053962633285));
#4935=CARTESIAN_POINT('',(112.000001683831,-63.0000009536743,15.8053962633285));
#4936=CARTESIAN_POINT('',(112.000001683831,-120.750001791865,15.8053962633285));
#4937=CARTESIAN_POINT('',(124.500001862645,-63.0000009536743,15.8053962633285));
#4938=CARTESIAN_POINT('Origin',(112.000001683831,-63.0000009536743,2.99939626332832));
#4939=CARTESIAN_POINT('',(112.000001683831,-63.0000009536743,2.99939626332832));
#4940=CARTESIAN_POINT('',(112.000001683831,-63.0000009536743,2.99939626332832));
#4941=CARTESIAN_POINT('',(124.500001862645,-63.0000009536743,2.99939626332832));
#4942=CARTESIAN_POINT('Origin',(118.5,-134.,10.9440713445046));
#4943=CARTESIAN_POINT('Ctrl Pts',(119.791403877673,-134.000851938266,9.8190713445046));
#4944=CARTESIAN_POINT('Ctrl Pts',(119.791815019139,-134.054163523715,9.81610228581357));
#4945=CARTESIAN_POINT('Ctrl Pts',(119.764578578821,-134.534809453337,9.78931083543085));
#4946=CARTESIAN_POINT('Ctrl Pts',(119.161340752987,-135.374171571847,9.73869699335646));
#4947=CARTESIAN_POINT('Ctrl Pts',(117.703816182148,-135.300558885932,9.66722981828142));
#4948=CARTESIAN_POINT('Ctrl Pts',(116.975487092112,-134.036027955075,9.59576264320637));
#4949=CARTESIAN_POINT('Ctrl Pts',(117.643307949737,-132.738429912537,9.52429546813133));
#4950=CARTESIAN_POINT('Ctrl Pts',(119.095707834184,-132.59622901205,9.45282829305629));
#4951=CARTESIAN_POINT('Ctrl Pts',(119.752247927101,-133.424018390268,9.40108691851404));
#4952=CARTESIAN_POINT('Ctrl Pts',(119.791508015895,-133.925275523795,9.37316793566348));
#4953=CARTESIAN_POINT('Ctrl Pts',(119.790850903903,-133.998928471638,9.3690713445046));
#4954=CARTESIAN_POINT('Ctrl Pts',(119.788701173141,-133.998757628478,9.85672118215257));
#4955=CARTESIAN_POINT('Ctrl Pts',(119.786458055547,-134.294945889419,9.84030142582789));
#4956=CARTESIAN_POINT('Ctrl Pts',(119.538611867328,-135.025190587009,9.80005927781151));
#4957=CARTESIAN_POINT('Ctrl Pts',(118.324936064106,-135.514636921706,9.73599473810346));
#4958=CARTESIAN_POINT('Ctrl Pts',(117.132400868646,-134.674472508041,9.66452756302842));
#4959=CARTESIAN_POINT('Ctrl Pts',(117.191824769946,-133.21616539041,9.59306038795338));
#4960=CARTESIAN_POINT('Ctrl Pts',(118.449535246913,-132.475921445097,9.52159321287833));
#4961=CARTESIAN_POINT('Ctrl Pts',(119.582694295287,-133.045558548347,9.45948014427807));
#4962=CARTESIAN_POINT('Ctrl Pts',(119.787029190467,-133.739288299872,9.42118946736948));
#4963=CARTESIAN_POINT('Ctrl Pts',(119.788337702081,-134.000708099134,9.40672118215257));
#4964=CARTESIAN_POINT('Ctrl Pts',(117.723602502526,-134.688572427866,9.95039626332859));
#4965=CARTESIAN_POINT('Ctrl Pts',(117.494567244096,-134.430324501747,9.92657387163691));
#4966=CARTESIAN_POINT('Ctrl Pts',(117.318877352052,-133.671277924789,9.87892908825354));
#4967=CARTESIAN_POINT('Ctrl Pts',(118.136635956407,-132.82760912877,9.80746191317851));
#4968=CARTESIAN_POINT('Ctrl Pts',(119.287833795025,-133.059894611767,9.73599473810346));
#4969=CARTESIAN_POINT('Ctrl Pts',(119.717238667853,-134.152030478331,9.66452756302841));
#4970=CARTESIAN_POINT('Ctrl Pts',(119.032020439079,-135.10546244084,9.59306038795338));
#4971=CARTESIAN_POINT('Ctrl Pts',(117.859504064359,-135.046244173548,9.52159321287833));
#4972=CARTESIAN_POINT('Ctrl Pts',(117.273594364216,-134.028982953782,9.45012603780329));
#4973=CARTESIAN_POINT('Ctrl Pts',(117.810827771193,-132.985120652508,9.37865886272825));
#4974=CARTESIAN_POINT('Ctrl Pts',(118.979221554205,-132.870726090895,9.30719168765321));
#4975=CARTESIAN_POINT('Ctrl Pts',(119.708734390513,-133.790522130292,9.23572451257816));
#4976=CARTESIAN_POINT('Ctrl Pts',(119.331274015373,-134.902167159704,9.16425733750312));
#4977=CARTESIAN_POINT('Ctrl Pts',(118.192521121139,-135.187592539069,9.09279016242807));
#4978=CARTESIAN_POINT('Ctrl Pts',(117.335361828372,-134.385406472176,9.02132298735304));
#4979=CARTESIAN_POINT('Ctrl Pts',(117.544793351487,-133.23025937026,8.94985581227798));
#4980=CARTESIAN_POINT('Ctrl Pts',(118.62901581367,-132.78005122872,8.87838863720295));
#4981=CARTESIAN_POINT('Ctrl Pts',(119.595083849013,-133.447088104238,8.80692146212791));
#4982=CARTESIAN_POINT('Ctrl Pts',(119.558259669288,-134.620489065427,8.73545428705285));
#4983=CARTESIAN_POINT('Ctrl Pts',(118.552267313833,-135.225637917781,8.66398711197782));
#4984=CARTESIAN_POINT('Ctrl Pts',(117.498407867543,-134.708331413914,8.59251993690277));
#4985=CARTESIAN_POINT('Ctrl Pts',(117.361819707134,-133.542325648202,8.52105276182773));
#4986=CARTESIAN_POINT('Ctrl Pts',(118.267592075138,-132.79546409569,8.44958558675269));
#4987=CARTESIAN_POINT('Ctrl Pts',(119.386206686192,-133.151732412896,8.37811841167765));
#4988=CARTESIAN_POINT('Ctrl Pts',(119.693221523242,-134.284855377844,8.3066512366026));
#4989=CARTESIAN_POINT('Ctrl Pts',(118.907468347944,-135.157104029438,8.23518406152757));
#4990=CARTESIAN_POINT('Ctrl Pts',(117.748550284243,-134.969661546313,8.16371688645252));
#4991=CARTESIAN_POINT('Ctrl Pts',(117.277819783497,-133.89419022698,8.09224971137748));
#4992=CARTESIAN_POINT('Ctrl Pts',(117.926378048312,-132.915620893694,8.02078253630243));
#4993=CARTESIAN_POINT('Ctrl Pts',(119.100266863825,-132.930140251311,7.94931536122739));
#4994=CARTESIAN_POINT('Ctrl Pts',(119.724423366596,-133.924451280616,7.87784818615234));
#4995=CARTESIAN_POINT('Ctrl Pts',(119.227236797371,-134.987950823784,7.80638101107731));
#4996=CARTESIAN_POINT('Ctrl Pts',(118.064037175244,-135.146671969265,7.73491383600226));
#4997=CARTESIAN_POINT('Ctrl Pts',(117.300098059347,-134.25525579814,7.66344666092722));
#4998=CARTESIAN_POINT('Ctrl Pts',(117.635044970074,-133.130072999687,7.59197948585218));
#4999=CARTESIAN_POINT('Ctrl Pts',(118.762129107887,-132.801580824392,7.52051231077713));
#5000=CARTESIAN_POINT('Ctrl Pts',(119.649151950632,-133.570616739932,7.4490451357021));
#5001=CARTESIAN_POINT('Ctrl Pts',(119.483766277118,-134.732887509562,7.37757796062704));
#5002=CARTESIAN_POINT('Ctrl Pts',(118.417434468956,-135.22397022952,7.30611078555201));
#5003=CARTESIAN_POINT('Ctrl Pts',(117.426717263346,-134.594124866395,7.23464361047695));
#5004=CARTESIAN_POINT('Ctrl Pts',(117.41892654695,-133.420172112798,7.16317643540193));
#5005=CARTESIAN_POINT('Ctrl Pts',(118.401197160618,-132.77723338752,7.09170926032687));
#5006=CARTESIAN_POINT('Ctrl Pts',(119.473952718022,-133.25412045696,7.02024208525184));
#5007=CARTESIAN_POINT('Ctrl Pts',(119.654749527658,-134.414093851727,6.94877491017679));
#5008=CARTESIAN_POINT('Ctrl Pts',(118.778011486155,-135.194834634263,6.87730773510176));
#5009=CARTESIAN_POINT('Ctrl Pts',(117.646666858035,-134.881330096216,6.8058405600267));
#5010=CARTESIAN_POINT('Ctrl Pts',(117.2968159787,-133.760691829351,6.73437338495166));
#5011=CARTESIAN_POINT('Ctrl Pts',(118.048856898719,-132.859215142174,6.66290620987662));
#5012=CARTESIAN_POINT('Ctrl Pts',(119.214060622523,-133.00248427728,6.59143903480158));
#5013=CARTESIAN_POINT('Ctrl Pts',(119.725318208066,-134.059291470707,6.51997185972653));
#5014=CARTESIAN_POINT('Ctrl Pts',(119.114413214214,-135.061798753067,6.44850468465149));
#5015=CARTESIAN_POINT('Ctrl Pts',(117.940820492844,-135.091896729896,6.37703750957645));
#5016=CARTESIAN_POINT('Ctrl Pts',(117.279331741917,-134.122021276911,6.30557033450141));
#5017=CARTESIAN_POINT('Ctrl Pts',(117.735747083049,-133.040397128863,6.23410315942636));
#5018=CARTESIAN_POINT('Ctrl Pts',(118.892075331938,-132.837589949363,6.16263598435132));
#5019=CARTESIAN_POINT('Ctrl Pts',(119.68933581069,-133.69933322929,6.09116880927628));
#5020=CARTESIAN_POINT('Ctrl Pts',(119.3973868824,-134.83643110371,6.01970163420123));
#5021=CARTESIAN_POINT('Ctrl Pts',(118.283599170341,-135.207514340191,5.94823445912619));
#5022=CARTESIAN_POINT('Ctrl Pts',(117.367994272902,-134.472740011572,5.87676728405115));
#5023=CARTESIAN_POINT('Ctrl Pts',(117.489094987037,-133.305024149195,5.8053001089761));
#5024=CARTESIAN_POINT('Ctrl Pts',(118.535996196588,-132.773776328136,5.73383293390106));
#5025=CARTESIAN_POINT('Ctrl Pts',(119.549930887229,-133.365520345605,5.66236575882602));
#5026=CARTESIAN_POINT('Ctrl Pts',(119.602326538035,-134.538329152311,5.59089858375097));
#5027=CARTESIAN_POINT('Ctrl Pts',(118.64519383605,-135.218129120693,5.51943140867593));
#5028=CARTESIAN_POINT('Ctrl Pts',(117.555097313078,-134.782350159485,5.44796423360089));
#5029=CARTESIAN_POINT('Ctrl Pts',(117.330341342725,-133.630085041686,5.37649705852585));
#5030=CARTESIAN_POINT('Ctrl Pts',(118.176802986717,-132.816592003704,5.30502988345081));
#5031=CARTESIAN_POINT('Ctrl Pts',(119.319192645707,-133.086881539189,5.23356270837576));
#5032=CARTESIAN_POINT('Ctrl Pts',(119.711480236248,-134.193413011165,5.16209553330072));
#5033=CARTESIAN_POINT('Ctrl Pts',(118.994016569303,-135.122822724259,5.09062835822567));
#5034=CARTESIAN_POINT('Ctrl Pts',(117.824671659702,-135.02391985153,5.01916118315064));
#5035=CARTESIAN_POINT('Ctrl Pts',(117.272655882319,-133.987342989561,4.94769400807559));
#5036=CARTESIAN_POINT('Ctrl Pts',(117.847017129077,-132.962347706355,4.87622683300055));
#5037=CARTESIAN_POINT('Ctrl Pts',(118.624596386373,-132.913468848145,4.82858204961719));
#5038=CARTESIAN_POINT('Ctrl Pts',(118.937588016173,-133.05902083413,4.8047596579255));
#5039=CARTESIAN_POINT('Ctrl Pts',(117.660695164941,-134.744363769688,9.99894179846295));
#5040=CARTESIAN_POINT('Ctrl Pts',(117.413102404241,-134.465191395047,9.97511940677127));
#5041=CARTESIAN_POINT('Ctrl Pts',(117.223177299713,-133.644643332813,9.92747462338791));
#5042=CARTESIAN_POINT('Ctrl Pts',(118.107194510973,-132.732616565607,9.85600744831287));
#5043=CARTESIAN_POINT('Ctrl Pts',(119.351667754647,-132.98372289919,9.78454027323782));
#5044=CARTESIAN_POINT('Ctrl Pts',(119.815865008162,-134.164348695037,9.71307309816278));
#5045=CARTESIAN_POINT('Ctrl Pts',(119.075127210381,-135.195032151176,9.64160592308774));
#5046=CARTESIAN_POINT('Ctrl Pts',(117.807608103622,-135.131015744343,9.57013874801269));
#5047=CARTESIAN_POINT('Ctrl Pts',(117.174225273515,-134.031331287547,9.49867157293764));
#5048=CARTESIAN_POINT('Ctrl Pts',(117.754987830708,-132.902890405851,9.42720439786261));
#5049=CARTESIAN_POINT('Ctrl Pts',(119.018050314198,-132.779227064614,9.35573722278756));
#5050=CARTESIAN_POINT('Ctrl Pts',(119.806671674704,-133.773549258651,9.28427004771252));
#5051=CARTESIAN_POINT('Ctrl Pts',(119.398627703762,-134.975264940492,9.21280287263748));
#5052=CARTESIAN_POINT('Ctrl Pts',(118.167607751768,-135.28381681209,9.14133569756243));
#5053=CARTESIAN_POINT('Ctrl Pts',(117.240997425002,-134.41663389773,9.0698685224874));
#5054=CARTESIAN_POINT('Ctrl Pts',(117.46739806454,-133.167891403071,8.99840134741235));
#5055=CARTESIAN_POINT('Ctrl Pts',(118.639469275165,-132.681205303223,8.92693417233731));
#5056=CARTESIAN_POINT('Ctrl Pts',(119.68381263755,-133.402288609914,8.85546699726226));
#5057=CARTESIAN_POINT('Ctrl Pts',(119.644004791453,-134.670763976454,8.78399982218722));
#5058=CARTESIAN_POINT('Ctrl Pts',(118.556502254784,-135.324944804398,8.71253264711218));
#5059=CARTESIAN_POINT('Ctrl Pts',(117.417254212869,-134.765723720718,8.64106547203714));
#5060=CARTESIAN_POINT('Ctrl Pts',(117.269599044201,-133.505242742801,8.56959829696209));
#5061=CARTESIAN_POINT('Ctrl Pts',(118.248761303743,-132.697866992386,8.49813112188706));
#5062=CARTESIAN_POINT('Ctrl Pts',(119.458011275156,-133.083001826259,8.426663946812));
#5063=CARTESIAN_POINT('Ctrl Pts',(119.78990188275,-134.307935685902,8.35519677173696));
#5064=CARTESIAN_POINT('Ctrl Pts',(118.940483329321,-135.250857981554,8.28372959666192));
#5065=CARTESIAN_POINT('Ctrl Pts',(117.687664332006,-135.048228036334,8.21226242158687));
#5066=CARTESIAN_POINT('Ctrl Pts',(117.178793055925,-133.88561702687,8.14079524651184));
#5067=CARTESIAN_POINT('Ctrl Pts',(117.879900528898,-132.827759453217,8.06932807143679));
#5068=CARTESIAN_POINT('Ctrl Pts',(119.148903277991,-132.843455236741,7.99786089636175));
#5069=CARTESIAN_POINT('Ctrl Pts',(119.823631844625,-133.918329971867,7.9263937212867));
#5070=CARTESIAN_POINT('Ctrl Pts',(119.286160906304,-135.06799919616,7.85492654621167));
#5071=CARTESIAN_POINT('Ctrl Pts',(118.02871343878,-135.239580667329,7.78345937113662));
#5072=CARTESIAN_POINT('Ctrl Pts',(117.202876421338,-134.275937810532,7.71199219606158));
#5073=CARTESIAN_POINT('Ctrl Pts',(117.564962289179,-133.059587466618,7.64052502098654));
#5074=CARTESIAN_POINT('Ctrl Pts',(118.783368027815,-132.704479326906,7.56905784591149));
#5075=CARTESIAN_POINT('Ctrl Pts',(119.742261588324,-133.535826110412,7.49759067083645));
#5076=CARTESIAN_POINT('Ctrl Pts',(119.563475598054,-134.792269465488,7.42612349576141));
#5077=CARTESIAN_POINT('Ctrl Pts',(118.410744625479,-135.323141992275,7.35465632068636));
#5078=CARTESIAN_POINT('Ctrl Pts',(117.339754902367,-134.642263627352,7.28318914561132));
#5079=CARTESIAN_POINT('Ctrl Pts',(117.33133294588,-133.373191759615,7.21172197053628));
#5080=CARTESIAN_POINT('Ctrl Pts',(118.393191694872,-132.678159147417,7.14025479546124));
#5081=CARTESIAN_POINT('Ctrl Pts',(119.55286689874,-133.193685826034,7.06878762038619));
#5082=CARTESIAN_POINT('Ctrl Pts',(119.748312707086,-134.447645662245,6.99732044531115));
#5083=CARTESIAN_POINT('Ctrl Pts',(118.800537270265,-135.291645695531,6.92585327023611));
#5084=CARTESIAN_POINT('Ctrl Pts',(117.577525836575,-134.952739561171,6.85438609516106));
#5085=CARTESIAN_POINT('Ctrl Pts',(117.199328411247,-133.741301967938,6.78291892008603));
#5086=CARTESIAN_POINT('Ctrl Pts',(118.012303185622,-132.76678344527,6.71145174501098));
#5087=CARTESIAN_POINT('Ctrl Pts',(119.271917136465,-132.92166091229,6.63998456993594));
#5088=CARTESIAN_POINT('Ctrl Pts',(119.824599190315,-134.064095541528,6.56851739486089));
#5089=CARTESIAN_POINT('Ctrl Pts',(119.164195831507,-135.147830628265,6.49705021978586));
#5090=CARTESIAN_POINT('Ctrl Pts',(117.895513167483,-135.180367283214,6.4255830447108));
#5091=CARTESIAN_POINT('Ctrl Pts',(117.180427520251,-134.131908008494,6.35411586963577));
#5092=CARTESIAN_POINT('Ctrl Pts',(117.673823755882,-132.962645639505,6.28264869456072));
#5093=CARTESIAN_POINT('Ctrl Pts',(118.923843099538,-132.743406078722,6.21118151948568));
#5094=CARTESIAN_POINT('Ctrl Pts',(119.785701331688,-133.674971808616,6.13971434441064));
#5095=CARTESIAN_POINT('Ctrl Pts',(119.470097342879,-134.904202643391,6.0682471693356));
#5096=CARTESIAN_POINT('Ctrl Pts',(118.266065368275,-135.305352770228,5.99677999426055));
#5097=CARTESIAN_POINT('Ctrl Pts',(117.276273902016,-134.511043606824,5.92531281918551));
#5098=CARTESIAN_POINT('Ctrl Pts',(117.407186759455,-133.248713972253,5.85384564411046));
#5099=CARTESIAN_POINT('Ctrl Pts',(118.538912775915,-132.674421980998,5.78237846903542));
#5100=CARTESIAN_POINT('Ctrl Pts',(119.635001172719,-133.314111851966,5.71091129396038));
#5101=CARTESIAN_POINT('Ctrl Pts',(119.691642162934,-134.581947084912,5.63944411888533));
#5102=CARTESIAN_POINT('Ctrl Pts',(118.65695811619,-135.316827609634,5.5679769438103));
#5103=CARTESIAN_POINT('Ctrl Pts',(117.47853690104,-134.845739809443,5.49650976873526));
#5104=CARTESIAN_POINT('Ctrl Pts',(117.235570156248,-133.600112810662,5.42504259366021));
#5105=CARTESIAN_POINT('Ctrl Pts',(118.150616060964,-132.720706781809,5.35357541858517));
#5106=CARTESIAN_POINT('Ctrl Pts',(119.385567445315,-133.012896433033,5.28210824351012));
#5107=CARTESIAN_POINT('Ctrl Pts',(119.809640001635,-134.209084233221,5.21064106843508));
#5108=CARTESIAN_POINT('Ctrl Pts',(119.034044090256,-135.213799045529,5.13917389336003));
#5109=CARTESIAN_POINT('Ctrl Pts',(117.769953415475,-135.106882601887,5.067706718285));
#5110=CARTESIAN_POINT('Ctrl Pts',(117.173210751448,-133.986317459687,4.99623954320995));
#5111=CARTESIAN_POINT('Ctrl Pts',(117.794109418745,-132.878272289645,4.92477236813491));
#5112=CARTESIAN_POINT('Ctrl Pts',(118.634691765306,-132.825433038924,4.87712758475155));
#5113=CARTESIAN_POINT('Ctrl Pts',(118.973043433207,-132.982778324023,4.85330519305987));
#5114=CARTESIAN_POINT('Ctrl Pts',(117.597787827356,-134.800155111511,10.0474873335973));
#5115=CARTESIAN_POINT('Ctrl Pts',(117.331637564387,-134.500058288347,10.0236649419056));
#5116=CARTESIAN_POINT('Ctrl Pts',(117.127477247373,-133.618008740836,9.97602015852227));
#5117=CARTESIAN_POINT('Ctrl Pts',(118.07775306554,-132.637624002444,9.90455298344723));
#5118=CARTESIAN_POINT('Ctrl Pts',(119.41550171427,-132.907551186612,9.83308580837218));
#5119=CARTESIAN_POINT('Ctrl Pts',(119.91449134847,-134.176666911742,9.76161863329714));
#5120=CARTESIAN_POINT('Ctrl Pts',(119.118233981684,-135.284601861511,9.6901514582221));
#5121=CARTESIAN_POINT('Ctrl Pts',(117.755712142885,-135.215787315137,9.61868428314705));
#5122=CARTESIAN_POINT('Ctrl Pts',(117.074856182813,-134.033679621311,9.54721710807201));
#5123=CARTESIAN_POINT('Ctrl Pts',(117.699147890223,-132.820660159194,9.47574993299697));
#5124=CARTESIAN_POINT('Ctrl Pts',(119.056879074191,-132.687728038332,9.40428275792192));
#5125=CARTESIAN_POINT('Ctrl Pts',(119.904608958895,-133.756576387011,9.33281558284688));
#5126=CARTESIAN_POINT('Ctrl Pts',(119.465981392152,-135.048362721279,9.26134840777184));
#5127=CARTESIAN_POINT('Ctrl Pts',(118.142694382398,-135.38004108511,9.18988123269679));
#5128=CARTESIAN_POINT('Ctrl Pts',(117.146633021631,-134.447861323285,9.11841405762176));
#5129=CARTESIAN_POINT('Ctrl Pts',(117.390002777593,-133.105523435882,9.04694688254671));
#5130=CARTESIAN_POINT('Ctrl Pts',(118.64992273666,-132.582359377725,8.97547970747168));
#5131=CARTESIAN_POINT('Ctrl Pts',(119.772541426087,-133.357489115589,8.90401253239662));
#5132=CARTESIAN_POINT('Ctrl Pts',(119.729749913617,-134.72103888748,8.83254535732159));
#5133=CARTESIAN_POINT('Ctrl Pts',(118.560737195734,-135.424251691015,8.76107818224654));
#5134=CARTESIAN_POINT('Ctrl Pts',(117.336100558196,-134.823116027523,8.6896110071715));
#5135=CARTESIAN_POINT('Ctrl Pts',(117.177378381268,-133.468159837399,8.61814383209645));
#5136=CARTESIAN_POINT('Ctrl Pts',(118.229930532348,-132.600269889081,8.54667665702142));
#5137=CARTESIAN_POINT('Ctrl Pts',(119.529815864119,-133.014271239622,8.47520948194637));
#5138=CARTESIAN_POINT('Ctrl Pts',(119.886582242258,-134.33101599396,8.40374230687132));
#5139=CARTESIAN_POINT('Ctrl Pts',(118.973498310696,-135.34461193367,8.33227513179629));
#5140=CARTESIAN_POINT('Ctrl Pts',(117.62677837977,-135.126794526355,8.26080795672124));
#5141=CARTESIAN_POINT('Ctrl Pts',(117.079766328353,-133.877043826759,8.18934078164619));
#5142=CARTESIAN_POINT('Ctrl Pts',(117.833423009485,-132.73989801274,8.11787360657116));
#5143=CARTESIAN_POINT('Ctrl Pts',(119.197539692156,-132.756770222172,8.04640643149611));
#5144=CARTESIAN_POINT('Ctrl Pts',(119.922840322655,-133.912208663117,7.97493925642108));
#5145=CARTESIAN_POINT('Ctrl Pts',(119.345085015238,-135.148047568536,7.90347208134603));
#5146=CARTESIAN_POINT('Ctrl Pts',(117.993389702317,-135.332489365393,7.83200490627098));
#5147=CARTESIAN_POINT('Ctrl Pts',(117.10565478333,-134.296619822925,7.76053773119594));
#5148=CARTESIAN_POINT('Ctrl Pts',(117.494879608283,-132.989101933548,7.6890705561209));
#5149=CARTESIAN_POINT('Ctrl Pts',(118.804606947743,-132.607377829421,7.61760338104585));
#5150=CARTESIAN_POINT('Ctrl Pts',(119.835371226017,-133.501035480892,7.54613620597081));
#5151=CARTESIAN_POINT('Ctrl Pts',(119.64318491899,-134.851651421414,7.47466903089577));
#5152=CARTESIAN_POINT('Ctrl Pts',(118.404054782001,-135.422313755029,7.40320185582073));
#5153=CARTESIAN_POINT('Ctrl Pts',(117.252792541387,-134.690402388308,7.33173468074568));
#5154=CARTESIAN_POINT('Ctrl Pts',(117.243739344809,-133.326211406432,7.26026750567064));
#5155=CARTESIAN_POINT('Ctrl Pts',(118.385186229126,-132.579084907315,7.1888003305956));
#5156=CARTESIAN_POINT('Ctrl Pts',(119.631781079459,-133.133251195108,7.11733315552055));
#5157=CARTESIAN_POINT('Ctrl Pts',(119.841875886513,-134.481197472764,7.04586598044551));
#5158=CARTESIAN_POINT('Ctrl Pts',(118.823063054376,-135.388456756799,6.97439880537047));
#5159=CARTESIAN_POINT('Ctrl Pts',(117.508384815115,-135.024149026126,6.90293163029543));
#5160=CARTESIAN_POINT('Ctrl Pts',(117.101840843794,-133.721912106524,6.83146445522038));
#5161=CARTESIAN_POINT('Ctrl Pts',(117.975749472526,-132.674351748366,6.75999728014534));
#5162=CARTESIAN_POINT('Ctrl Pts',(119.329773650408,-132.8408375473,6.6885301050703));
#5163=CARTESIAN_POINT('Ctrl Pts',(119.923880172563,-134.06889961235,6.61706292999526));
#5164=CARTESIAN_POINT('Ctrl Pts',(119.213978448799,-135.233862503463,6.54559575492022));
#5165=CARTESIAN_POINT('Ctrl Pts',(117.850205842122,-135.268837836532,6.47412857984516));
#5166=CARTESIAN_POINT('Ctrl Pts',(117.081523298585,-134.141794740077,6.40266140477013));
#5167=CARTESIAN_POINT('Ctrl Pts',(117.611900428716,-132.884894150147,6.33119422969508));
#5168=CARTESIAN_POINT('Ctrl Pts',(118.955610867138,-132.649222208081,6.25972705462004));
#5169=CARTESIAN_POINT('Ctrl Pts',(119.882066852686,-133.650610387943,6.18825987954499));
#5170=CARTESIAN_POINT('Ctrl Pts',(119.542807803357,-134.971974183071,6.11679270446996));
#5171=CARTESIAN_POINT('Ctrl Pts',(118.248531566209,-135.403191200265,6.04532552939491));
#5172=CARTESIAN_POINT('Ctrl Pts',(117.18455353113,-134.549347202077,5.97385835431987));
#5173=CARTESIAN_POINT('Ctrl Pts',(117.325278531873,-133.19240379531,5.90239117924483));
#5174=CARTESIAN_POINT('Ctrl Pts',(118.541829355242,-132.57506763386,5.83092400416978));
#5175=CARTESIAN_POINT('Ctrl Pts',(119.72007145821,-133.262703358327,5.75945682909474));
#5176=CARTESIAN_POINT('Ctrl Pts',(119.780957787834,-134.625565017513,5.68798965401969));
#5177=CARTESIAN_POINT('Ctrl Pts',(118.668722396329,-135.415526098575,5.61652247894466));
#5178=CARTESIAN_POINT('Ctrl Pts',(117.401976489003,-134.9091294594,5.54505530386962));
#5179=CARTESIAN_POINT('Ctrl Pts',(117.140798969772,-133.570140579638,5.47358812879457));
#5180=CARTESIAN_POINT('Ctrl Pts',(118.124429135211,-132.624821559914,5.40212095371953));
#5181=CARTESIAN_POINT('Ctrl Pts',(119.451942244923,-132.938911326877,5.33065377864448));
#5182=CARTESIAN_POINT('Ctrl Pts',(119.907799767023,-134.224755455277,5.25918660356944));
#5183=CARTESIAN_POINT('Ctrl Pts',(119.074071611209,-135.304775366799,5.18771942849439));
#5184=CARTESIAN_POINT('Ctrl Pts',(117.715235171248,-135.189845352244,5.11625225341936));
#5185=CARTESIAN_POINT('Ctrl Pts',(117.073765620576,-133.985291929812,5.04478507834431));
#5186=CARTESIAN_POINT('Ctrl Pts',(117.741201708413,-132.794196872935,4.97331790326927));
#5187=CARTESIAN_POINT('Ctrl Pts',(118.644787144239,-132.737397229704,4.92567311988591));
#5188=CARTESIAN_POINT('Ctrl Pts',(119.00849885024,-132.906535813916,4.90185072819423));
#5189=CARTESIAN_POINT('Ctrl Pts',(117.53488048977,-134.855946453333,10.0960328687317));
#5190=CARTESIAN_POINT('Ctrl Pts',(117.250172724532,-134.534925181646,10.07221047704));
#5191=CARTESIAN_POINT('Ctrl Pts',(117.031777195034,-133.591374148859,10.0245656936566));
#5192=CARTESIAN_POINT('Ctrl Pts',(118.048311620106,-132.542631439281,9.95309851858159));
#5193=CARTESIAN_POINT('Ctrl Pts',(119.479335673892,-132.831379474035,9.88163134350654));
#5194=CARTESIAN_POINT('Ctrl Pts',(120.013117688779,-134.188985128448,9.8101641684315));
#5195=CARTESIAN_POINT('Ctrl Pts',(119.161340752987,-135.374171571847,9.73869699335646));
#5196=CARTESIAN_POINT('Ctrl Pts',(117.703816182148,-135.300558885932,9.66722981828142));
#5197=CARTESIAN_POINT('Ctrl Pts',(116.975487092112,-134.036027955075,9.59576264320637));
#5198=CARTESIAN_POINT('Ctrl Pts',(117.643307949737,-132.738429912537,9.52429546813133));
#5199=CARTESIAN_POINT('Ctrl Pts',(119.095707834184,-132.59622901205,9.45282829305629));
#5200=CARTESIAN_POINT('Ctrl Pts',(120.002546243086,-133.739603515371,9.38136111798124));
#5201=CARTESIAN_POINT('Ctrl Pts',(119.533335080541,-135.121460502066,9.30989394290621));
#5202=CARTESIAN_POINT('Ctrl Pts',(118.117781013027,-135.47626535813,9.23842676783116));
#5203=CARTESIAN_POINT('Ctrl Pts',(117.05226861826,-134.479088748839,9.16695959275612));
#5204=CARTESIAN_POINT('Ctrl Pts',(117.312607490647,-133.043155468692,9.09549241768107));
#5205=CARTESIAN_POINT('Ctrl Pts',(118.660376198154,-132.483513452228,9.02402524260603));
#5206=CARTESIAN_POINT('Ctrl Pts',(119.861270214625,-133.312689621265,8.95255806753099));
#5207=CARTESIAN_POINT('Ctrl Pts',(119.815495035781,-134.771313798507,8.88109089245594));
#5208=CARTESIAN_POINT('Ctrl Pts',(118.564972136685,-135.523558577632,8.80962371738091));
#5209=CARTESIAN_POINT('Ctrl Pts',(117.254946903522,-134.880508334328,8.73815654230585));
#5210=CARTESIAN_POINT('Ctrl Pts',(117.085157718335,-133.431076931998,8.66668936723082));
#5211=CARTESIAN_POINT('Ctrl Pts',(118.211099760952,-132.502672785777,8.59522219215578));
#5212=CARTESIAN_POINT('Ctrl Pts',(119.601620453083,-132.945540652985,8.52375501708073));
#5213=CARTESIAN_POINT('Ctrl Pts',(119.983262601766,-134.354096302018,8.45228784200568));
#5214=CARTESIAN_POINT('Ctrl Pts',(119.006513292072,-135.438365885787,8.38082066693065));
#5215=CARTESIAN_POINT('Ctrl Pts',(117.565892427534,-135.205361016376,8.3093534918556));
#5216=CARTESIAN_POINT('Ctrl Pts',(116.980739600781,-133.868470626649,8.23788631678056));
#5217=CARTESIAN_POINT('Ctrl Pts',(117.786945490072,-132.652036572263,8.16641914170552));
#5218=CARTESIAN_POINT('Ctrl Pts',(119.246176106321,-132.670085207603,8.09495196663048));
#5219=CARTESIAN_POINT('Ctrl Pts',(120.022048800684,-133.906087354368,8.02348479155542));
#5220=CARTESIAN_POINT('Ctrl Pts',(119.404009124171,-135.228095940912,7.9520176164804));
#5221=CARTESIAN_POINT('Ctrl Pts',(117.958065965853,-135.425398063456,7.88055044140534));
#5222=CARTESIAN_POINT('Ctrl Pts',(117.008433145322,-134.317301835317,7.80908326633031));
#5223=CARTESIAN_POINT('Ctrl Pts',(117.424796927387,-132.918616400478,7.73761609125526));
#5224=CARTESIAN_POINT('Ctrl Pts',(118.82584586767,-132.510276331935,7.66614891618022));
#5225=CARTESIAN_POINT('Ctrl Pts',(119.92848086371,-133.466244851373,7.59468174110517));
#5226=CARTESIAN_POINT('Ctrl Pts',(119.722894239925,-134.91103337734,7.52321456603013));
#5227=CARTESIAN_POINT('Ctrl Pts',(118.397364938524,-135.521485517784,7.45174739095509));
#5228=CARTESIAN_POINT('Ctrl Pts',(117.165830180407,-134.738541149265,7.38028021588004));
#5229=CARTESIAN_POINT('Ctrl Pts',(117.156145743739,-133.279231053249,7.308813040805));
#5230=CARTESIAN_POINT('Ctrl Pts',(118.37718076338,-132.480010667213,7.23734586572996));
#5231=CARTESIAN_POINT('Ctrl Pts',(119.710695260177,-133.072816564181,7.16587869065492));
#5232=CARTESIAN_POINT('Ctrl Pts',(119.93543906594,-134.514749283283,7.09441151557987));
#5233=CARTESIAN_POINT('Ctrl Pts',(118.845588838486,-135.485267818067,7.02294434050484));
#5234=CARTESIAN_POINT('Ctrl Pts',(117.439243793655,-135.095558491081,6.95147716542978));
#5235=CARTESIAN_POINT('Ctrl Pts',(117.004353276341,-133.70252224511,6.88000999035475));
#5236=CARTESIAN_POINT('Ctrl Pts',(117.939195759429,-132.581920051462,6.8085428152797));
#5237=CARTESIAN_POINT('Ctrl Pts',(119.38763016435,-132.76001418231,6.73707564020466));
#5238=CARTESIAN_POINT('Ctrl Pts',(120.023161154812,-134.073703683172,6.66560846512961));
#5239=CARTESIAN_POINT('Ctrl Pts',(119.263761066091,-135.319894378662,6.59414129005458));
#5240=CARTESIAN_POINT('Ctrl Pts',(117.804898516761,-135.35730838985,6.52267411497952));
#5241=CARTESIAN_POINT('Ctrl Pts',(116.982619076919,-134.15168147166,6.45120693990449));
#5242=CARTESIAN_POINT('Ctrl Pts',(117.549977101549,-132.807142660789,6.37973976482944));
#5243=CARTESIAN_POINT('Ctrl Pts',(118.987378634739,-132.555038337439,6.3082725897544));
#5244=CARTESIAN_POINT('Ctrl Pts',(119.978432373683,-133.626248967269,6.23680541467936));
#5245=CARTESIAN_POINT('Ctrl Pts',(119.615518263836,-135.039745722752,6.16533823960432));
#5246=CARTESIAN_POINT('Ctrl Pts',(118.230997764143,-135.501029630302,6.09387106452927));
#5247=CARTESIAN_POINT('Ctrl Pts',(117.092833160245,-134.587650797329,6.02240388945424));
#5248=CARTESIAN_POINT('Ctrl Pts',(117.243370304291,-133.136093618368,5.95093671437918));
#5249=CARTESIAN_POINT('Ctrl Pts',(118.544745934569,-132.475713286722,5.87946953930415));
#5250=CARTESIAN_POINT('Ctrl Pts',(119.805141743701,-133.211294864688,5.8080023642291));
#5251=CARTESIAN_POINT('Ctrl Pts',(119.870273412734,-134.669182950115,5.73653518915406));
#5252=CARTESIAN_POINT('Ctrl Pts',(118.680486676468,-135.514224587515,5.66506801407902));
#5253=CARTESIAN_POINT('Ctrl Pts',(117.325416076965,-134.972519109358,5.59360083900398));
#5254=CARTESIAN_POINT('Ctrl Pts',(117.046027783295,-133.540168348615,5.52213366392893));
#5255=CARTESIAN_POINT('Ctrl Pts',(118.098242209458,-132.528936338019,5.45066648885389));
#5256=CARTESIAN_POINT('Ctrl Pts',(119.518317044531,-132.864926220721,5.37919931377885));
#5257=CARTESIAN_POINT('Ctrl Pts',(120.005959532411,-134.240426677333,5.3077321387038));
#5258=CARTESIAN_POINT('Ctrl Pts',(119.114099132162,-135.395751688069,5.23626496362876));
#5259=CARTESIAN_POINT('Ctrl Pts',(117.660516927021,-135.272808102601,5.16479778855371));
#5260=CARTESIAN_POINT('Ctrl Pts',(116.974320489705,-133.984266399937,5.09333061347867));
#5261=CARTESIAN_POINT('Ctrl Pts',(117.688293998081,-132.710121456225,5.02186343840363));
#5262=CARTESIAN_POINT('Ctrl Pts',(118.654882523172,-132.649361420484,4.97421865502027));
#5263=CARTESIAN_POINT('Ctrl Pts',(119.043954267274,-132.830293303809,4.95039626332859));
#5264=CARTESIAN_POINT('Ctrl Pts',(119.043954267274,-132.830293303809,4.95039626332859));
#5265=CARTESIAN_POINT('Ctrl Pts',(118.993846505943,-132.812601089141,4.95039626332859));
#5266=CARTESIAN_POINT('Ctrl Pts',(118.942683442149,-132.798311880119,4.95039626332859));
#5267=CARTESIAN_POINT('Ctrl Pts',(118.890788049735,-132.787353450838,4.95039626332859));
#5268=CARTESIAN_POINT('Ctrl Pts',(118.844436124068,-132.777565601169,4.95039626332859));
#5269=CARTESIAN_POINT('Ctrl Pts',(118.797499209055,-132.770435857632,4.95039626332859));
#5270=CARTESIAN_POINT('Ctrl Pts',(118.750210194066,-132.765947802536,4.95039626332859));
#5271=CARTESIAN_POINT('Ctrl Pts',(118.73714933466,-132.764708236504,4.95039626332859));
#5272=CARTESIAN_POINT('Ctrl Pts',(118.724060248375,-132.76367042295,4.95039626332859));
#5273=CARTESIAN_POINT('Ctrl Pts',(118.710966210309,-132.762835161649,4.95039626332859));
#5274=CARTESIAN_POINT('Ctrl Pts',(118.65864334007,-132.759497515275,4.95039626332859));
#5275=CARTESIAN_POINT('Ctrl Pts',(118.606174689828,-132.759382894398,4.95039626332859));
#5276=CARTESIAN_POINT('Ctrl Pts',(118.553877917307,-132.762451539714,4.95039626332859));
#5277=CARTESIAN_POINT('Ctrl Pts',(118.523227029326,-132.764250058042,4.95039626332859));
#5278=CARTESIAN_POINT('Ctrl Pts',(118.492635344193,-132.767143023187,4.95039626332859));
#5279=CARTESIAN_POINT('Ctrl Pts',(118.462169889597,-132.771130203853,4.95039626332859));
#5280=CARTESIAN_POINT('Ctrl Pts',(118.44999138127,-132.772724071845,4.95039626332859));
#5281=CARTESIAN_POINT('Ctrl Pts',(118.437833079364,-132.774492855534,4.95039626332859));
#5282=CARTESIAN_POINT('Ctrl Pts',(118.425699422705,-132.776436781612,4.95039626332859));
#5283=CARTESIAN_POINT('Ctrl Pts',(118.415957904167,-132.777997464632,4.95039626332859));
#5284=CARTESIAN_POINT('Ctrl Pts',(118.406241986462,-132.779669485017,4.95039626332859));
#5285=CARTESIAN_POINT('Ctrl Pts',(118.396553780961,-132.78145237287,4.95039626332859));
#5286=CARTESIAN_POINT('Ctrl Pts',(118.346756780036,-132.79061634736,4.95039626332859));
#5287=CARTESIAN_POINT('Ctrl Pts',(118.297689957981,-132.802705644491,4.95039626332859));
#5288=CARTESIAN_POINT('Ctrl Pts',(118.249642516227,-132.817686283808,4.95039626332859));
#5289=CARTESIAN_POINT('Ctrl Pts',(118.202529636024,-132.832375537591,4.95039626332859));
#5290=CARTESIAN_POINT('Ctrl Pts',(118.156395970801,-132.849845195079,4.95039626332859));
#5291=CARTESIAN_POINT('Ctrl Pts',(118.111540204985,-132.870104533993,4.95039626332859));
#5292=CARTESIAN_POINT('Ctrl Pts',(118.088055593922,-132.880711480195,4.95039626332859));
#5293=CARTESIAN_POINT('Ctrl Pts',(118.064921788899,-132.892083765493,4.95039626332859));
#5294=CARTESIAN_POINT('Ctrl Pts',(118.042185806383,-132.904226777103,4.95039626332859));
#5295=CARTESIAN_POINT('Ctrl Pts',(118.027818648092,-132.911900101525,4.95039626332859));
#5296=CARTESIAN_POINT('Ctrl Pts',(118.013610407675,-132.919881241803,4.95039626332859));
#5297=CARTESIAN_POINT('Ctrl Pts',(117.999573667145,-132.928172090574,4.95039626332859));
#5298=CARTESIAN_POINT('Ctrl Pts',(117.991290675608,-132.933064467836,4.95039626332859));
#5299=CARTESIAN_POINT('Ctrl Pts',(117.983066863841,-132.93806518266,4.95039626332859));
#5300=CARTESIAN_POINT('Ctrl Pts',(117.974918394177,-132.943165825493,4.95039626332859));
#5301=CARTESIAN_POINT('Ctrl Pts',(117.941002537441,-132.964395906561,4.95039626332859));
#5302=CARTESIAN_POINT('Ctrl Pts',(117.908332617185,-132.987389120583,4.95039626332859));
#5303=CARTESIAN_POINT('Ctrl Pts',(117.87706527563,-133.012142423622,4.95039626332859));
#5304=CARTESIAN_POINT('Ctrl Pts',(117.838652889897,-133.042552217906,4.95039626332859));
#5305=CARTESIAN_POINT('Ctrl Pts',(117.802355773525,-133.075618306167,4.95039626332859));
#5306=CARTESIAN_POINT('Ctrl Pts',(117.768309491403,-133.111038541548,4.95039626332859));
#5307=CARTESIAN_POINT('Ctrl Pts',(117.740639032495,-133.139825654458,4.95039626332859));
#5308=CARTESIAN_POINT('Ctrl Pts',(117.714456017692,-133.170168739707,4.95039626332859));
#5309=CARTESIAN_POINT('Ctrl Pts',(117.689856806441,-133.201914915688,4.95039626332859));
#5310=CARTESIAN_POINT('Ctrl Pts',(117.681528324332,-133.212663124482,4.95039626332859));
#5311=CARTESIAN_POINT('Ctrl Pts',(117.673381580113,-133.223572202697,4.95039626332859));
#5312=CARTESIAN_POINT('Ctrl Pts',(117.665420913288,-133.234636282083,4.95039626332859));
#5313=CARTESIAN_POINT('Ctrl Pts',(117.660196017567,-133.241898068354,4.95039626332859));
#5314=CARTESIAN_POINT('Ctrl Pts',(117.655057332722,-133.249218222165,4.95039626332859));
#5315=CARTESIAN_POINT('Ctrl Pts',(117.650005543697,-133.256594709449,4.95039626332859));
#5316=CARTESIAN_POINT('Ctrl Pts',(117.622877694871,-133.29620606909,4.95039626332859));
#5317=CARTESIAN_POINT('Ctrl Pts',(117.59825107005,-133.33744111534,4.95039626332859));
#5318=CARTESIAN_POINT('Ctrl Pts',(117.576249242181,-133.380013836244,4.95039626332859));
#5319=CARTESIAN_POINT('Ctrl Pts',(117.5544665099,-133.42216261531,4.95039626332859));
#5320=CARTESIAN_POINT('Ctrl Pts',(117.535256300133,-133.465623767936,4.95039626332859));
#5321=CARTESIAN_POINT('Ctrl Pts',(117.518788105761,-133.510129370438,4.95039626332859));
#5322=CARTESIAN_POINT('Ctrl Pts',(117.510802166368,-133.531711520623,4.95039626332859));
#5323=CARTESIAN_POINT('Ctrl Pts',(117.503461805497,-133.553539314393,4.95039626332859));
#5324=CARTESIAN_POINT('Ctrl Pts',(117.4967908863,-133.575581763285,4.95039626332859));
#5325=CARTESIAN_POINT('Ctrl Pts',(117.492183304429,-133.590806409983,4.95039626332859));
#5326=CARTESIAN_POINT('Ctrl Pts',(117.487895150123,-133.606133451638,4.95039626332859));
#5327=CARTESIAN_POINT('Ctrl Pts',(117.483935156068,-133.621552442329,4.95039626332859));
#5328=CARTESIAN_POINT('Ctrl Pts',(117.481726184849,-133.630153492274,4.95039626332859));
#5329=CARTESIAN_POINT('Ctrl Pts',(117.479621741988,-133.638773841793,4.95039626332859));
#5330=CARTESIAN_POINT('Ctrl Pts',(117.4776230586,-133.647410064907,4.95039626332859));
#5331=CARTESIAN_POINT('Ctrl Pts',(117.467334833263,-133.691865034617,4.95039626332859));
#5332=CARTESIAN_POINT('Ctrl Pts',(117.459841179143,-133.736754725178,4.95039626332859));
#5333=CARTESIAN_POINT('Ctrl Pts',(117.455283591576,-133.781832923997,4.95039626332859));
#5334=CARTESIAN_POINT('Ctrl Pts',(117.450888020149,-133.825308653157,4.95039626332859));
#5335=CARTESIAN_POINT('Ctrl Pts',(117.449223551429,-133.868960599353,4.95039626332859));
#5336=CARTESIAN_POINT('Ctrl Pts',(117.450464054615,-133.912559042003,4.95039626332859));
#5337=CARTESIAN_POINT('Ctrl Pts',(117.451192179406,-133.938149550211,4.95039626332859));
#5338=CARTESIAN_POINT('Ctrl Pts',(117.452922012338,-133.963721392003,4.95039626332859));
#5339=CARTESIAN_POINT('Ctrl Pts',(117.455696533199,-133.989224873085,4.95039626332859));
#5340=CARTESIAN_POINT('Ctrl Pts',(117.457113847917,-134.002252873564,4.95039626332859));
#5341=CARTESIAN_POINT('Ctrl Pts',(117.458803882531,-134.015262988397,4.95039626332859));
#5342=CARTESIAN_POINT('Ctrl Pts',(117.460763526767,-134.028248174141,4.95039626332859));
#5343=CARTESIAN_POINT('Ctrl Pts',(117.723602502526,-134.688572427866,9.95039626332859));
#5344=CARTESIAN_POINT('Ctrl Pts',(117.691131165493,-134.659728643264,9.95039626332859));
#5345=CARTESIAN_POINT('Ctrl Pts',(117.660763633047,-134.628806546919,9.95039626332859));
#5346=CARTESIAN_POINT('Ctrl Pts',(117.632506055359,-134.596110369086,9.95039626332859));
#5347=CARTESIAN_POINT('Ctrl Pts',(117.60295167074,-134.561913686485,9.95039626332859));
#5348=CARTESIAN_POINT('Ctrl Pts',(117.575704681522,-134.525775900772,9.95039626332859));
#5349=CARTESIAN_POINT('Ctrl Pts',(117.550798151258,-134.487994336946,9.95039626332859));
#5350=CARTESIAN_POINT('Ctrl Pts',(117.531610611173,-134.458888104055,9.95039626332859));
#5351=CARTESIAN_POINT('Ctrl Pts',(117.513812569418,-134.428805137464,9.95039626332859));
#5352=CARTESIAN_POINT('Ctrl Pts',(117.497432763552,-134.397865365491,9.95039626332859));
#5353=CARTESIAN_POINT('Ctrl Pts',(117.492309226723,-134.388187530325,9.95039626332859));
#5354=CARTESIAN_POINT('Ctrl Pts',(117.487324549,-134.37842577908,9.95039626332859));
#5355=CARTESIAN_POINT('Ctrl Pts',(117.482479885927,-134.368583568936,9.95039626332859));
#5356=CARTESIAN_POINT('Ctrl Pts',(117.478622160284,-134.360746378636,9.95039626332859));
#5357=CARTESIAN_POINT('Ctrl Pts',(117.47485389643,-134.352859332866,9.95039626332859));
#5358=CARTESIAN_POINT('Ctrl Pts',(117.471180658231,-134.34493565948,9.95039626332859));
#5359=CARTESIAN_POINT('Ctrl Pts',(117.45141319611,-134.302294560525,9.95039626332859));
#5360=CARTESIAN_POINT('Ctrl Pts',(117.434351949054,-134.258509652062,9.95039626332859));
#5361=CARTESIAN_POINT('Ctrl Pts',(117.420026604086,-134.213896107873,9.95039626332859));
#5362=CARTESIAN_POINT('Ctrl Pts',(117.405412332136,-134.168382755913,9.95039626332859));
#5363=CARTESIAN_POINT('Ctrl Pts',(117.393644769945,-134.12200605863,9.95039626332859));
#5364=CARTESIAN_POINT('Ctrl Pts',(117.384794996654,-134.075064603723,9.95039626332859));
#5365=CARTESIAN_POINT('Ctrl Pts',(117.378759468423,-134.043050622465,9.95039626332859));
#5366=CARTESIAN_POINT('Ctrl Pts',(117.374081892882,-134.010773203385,9.95039626332859));
#5367=CARTESIAN_POINT('Ctrl Pts',(117.370797490779,-133.978321357584,9.95039626332859));
#5368=CARTESIAN_POINT('Ctrl Pts',(117.369876973245,-133.969226096976,9.95039626332859));
#5369=CARTESIAN_POINT('Ctrl Pts',(117.369065958171,-133.960117117694,9.95039626332859));
#5370=CARTESIAN_POINT('Ctrl Pts',(117.36836538255,-133.950996347273,9.95039626332859));
#5371=CARTESIAN_POINT('Ctrl Pts',(117.367675367226,-133.94201306101,9.95039626332859));
#5372=CARTESIAN_POINT('Ctrl Pts',(117.367093180621,-133.933027054422,9.95039626332859));
#5373=CARTESIAN_POINT('Ctrl Pts',(117.366619243226,-133.924043115412,9.95039626332859));
#5374=CARTESIAN_POINT('Ctrl Pts',(117.364023741076,-133.874842876624,9.95039626332859));
#5375=CARTESIAN_POINT('Ctrl Pts',(117.364669089678,-133.825679925876,9.95039626332859));
#5376=CARTESIAN_POINT('Ctrl Pts',(117.368615377636,-133.776871738865,9.95039626332859));
#5377=CARTESIAN_POINT('Ctrl Pts',(117.371048114158,-133.746783346843,9.95039626332859));
#5378=CARTESIAN_POINT('Ctrl Pts',(117.374736146456,-133.716829183704,9.95039626332859));
#5379=CARTESIAN_POINT('Ctrl Pts',(117.379702841198,-133.687080239584,9.95039626332859));
#5380=CARTESIAN_POINT('Ctrl Pts',(117.387550652062,-133.640074313315,9.95039626332859));
#5381=CARTESIAN_POINT('Ctrl Pts',(117.398588055466,-133.593580280481,9.95039626332859));
#5382=CARTESIAN_POINT('Ctrl Pts',(117.412604950722,-133.547791772353,9.95039626332859));
#5383=CARTESIAN_POINT('Ctrl Pts',(117.415643648351,-133.537865363646,9.95039626332859));
#5384=CARTESIAN_POINT('Ctrl Pts',(117.418822566388,-133.527972129813,9.95039626332859));
#5385=CARTESIAN_POINT('Ctrl Pts',(117.422139876437,-133.518114087544,9.95039626332859));
#5386=CARTESIAN_POINT('Ctrl Pts',(117.425027129479,-133.509534044646,9.95039626332859));
#5387=CARTESIAN_POINT('Ctrl Pts',(117.428018970159,-133.500981715194,9.95039626332858));
#5388=CARTESIAN_POINT('Ctrl Pts',(117.431109564139,-133.492470269572,9.95039626332858));
#5389=CARTESIAN_POINT('Ctrl Pts',(117.447895279861,-133.446242681115,9.95039626332858));
#5390=CARTESIAN_POINT('Ctrl Pts',(117.467620540324,-133.401127554648,9.95039626332859));
#5391=CARTESIAN_POINT('Ctrl Pts',(117.490015720181,-133.357325075825,9.95039626332859));
#5392=CARTESIAN_POINT('Ctrl Pts',(117.512970500233,-133.312428081314,9.95039626332859));
#5393=CARTESIAN_POINT('Ctrl Pts',(117.538730625837,-133.268909207098,9.95039626332859));
#5394=CARTESIAN_POINT('Ctrl Pts',(117.567061370769,-133.226987991874,9.95039626332859));
#5395=CARTESIAN_POINT('Ctrl Pts',(117.583989288663,-133.201939625124,9.95039626332859));
#5396=CARTESIAN_POINT('Ctrl Pts',(117.601836004561,-133.177461793429,9.95039626332858));
#5397=CARTESIAN_POINT('Ctrl Pts',(117.62055974418,-133.153604192215,9.95039626332858));
#5398=CARTESIAN_POINT('Ctrl Pts',(117.630710130056,-133.140670672345,9.95039626332858));
#5399=CARTESIAN_POINT('Ctrl Pts',(117.641118362561,-133.127919477649,9.95039626332858));
#5400=CARTESIAN_POINT('Ctrl Pts',(117.651778460165,-133.115358939128,9.95039626332858));
#5401=CARTESIAN_POINT('Ctrl Pts',(117.65830009191,-133.107674656131,9.95039626332858));
#5402=CARTESIAN_POINT('Ctrl Pts',(117.664915269831,-133.10006274699,9.95039626332858));
#5403=CARTESIAN_POINT('Ctrl Pts',(117.671614124944,-133.092534256575,9.95039626332858));
#5404=CARTESIAN_POINT('Ctrl Pts',(117.706590175573,-133.053226515559,9.95039626332858));
#5405=CARTESIAN_POINT('Ctrl Pts',(117.743901509284,-133.016122028147,9.95039626332858));
#5406=CARTESIAN_POINT('Ctrl Pts',(117.783302375938,-132.981460881036,9.95039626332858));
#5407=CARTESIAN_POINT('Ctrl Pts',(117.810191713481,-132.957806191091,9.95039626332858));
#5408=CARTESIAN_POINT('Ctrl Pts',(117.83805536007,-132.935289729439,9.95039626332859));
#5409=CARTESIAN_POINT('Ctrl Pts',(117.866827189374,-132.913994913977,9.95039626332859));
#5410=CARTESIAN_POINT('Ctrl Pts',(117.879787489749,-132.904402642248,9.95039626332859));
#5411=CARTESIAN_POINT('Ctrl Pts',(117.892936060496,-132.895055946434,9.95039626332859));
#5412=CARTESIAN_POINT('Ctrl Pts',(117.906242914773,-132.885978963496,9.95039626332859));
#5413=CARTESIAN_POINT('Ctrl Pts',(117.950120410079,-132.856048878746,9.95039626332859));
#5414=CARTESIAN_POINT('Ctrl Pts',(117.995759223739,-132.829014404672,9.95039626332859));
#5415=CARTESIAN_POINT('Ctrl Pts',(118.042931966026,-132.805129126763,9.95039626332859));
#5416=CARTESIAN_POINT('Ctrl Pts',(118.067797945505,-132.792538575492,9.95039626332859));
#5417=CARTESIAN_POINT('Ctrl Pts',(118.093090841746,-132.780823565219,9.95039626332859));
#5418=CARTESIAN_POINT('Ctrl Pts',(118.118781418189,-132.770025469872,9.95039626332859));
#5419=CARTESIAN_POINT('Ctrl Pts',(118.133706347652,-132.763752320971,9.95039626332859));
#5420=CARTESIAN_POINT('Ctrl Pts',(118.148765542958,-132.757788693831,9.95039626332859));
#5421=CARTESIAN_POINT('Ctrl Pts',(118.163950187149,-132.752132104451,9.95039626332859));
#5422=CARTESIAN_POINT('Ctrl Pts',(119.538434515911,-133.999138001118,9.22343473910152));
#5423=CARTESIAN_POINT('Ctrl Pts',(119.538963134492,-133.939887344821,9.2275313302604));
#5424=CARTESIAN_POINT('Ctrl Pts',(119.534328907092,-133.88071938025,9.23162792141928));
#5425=CARTESIAN_POINT('Ctrl Pts',(119.524238855272,-133.822496961961,9.23572451257816));
#5426=CARTESIAN_POINT('Ctrl Pts',(119.465563445077,-133.483923450493,9.25954690426984));
#5427=CARTESIAN_POINT('Ctrl Pts',(119.222392499641,-133.177324770694,9.28336929596152));
#5428=CARTESIAN_POINT('Ctrl Pts',(118.906074729754,-133.043091191063,9.30719168765321));
#5429=CARTESIAN_POINT('Ctrl Pts',(118.589756959868,-132.908857611433,9.33101407934489));
#5430=CARTESIAN_POINT('Ctrl Pts',(118.200292365531,-132.946989131971,9.35483647103657));
#5431=CARTESIAN_POINT('Ctrl Pts',(117.916021167199,-133.140031942452,9.37865886272825));
#5432=CARTESIAN_POINT('Ctrl Pts',(117.631749968868,-133.333074752933,9.40248125441992));
#5433=CARTESIAN_POINT('Ctrl Pts',(117.452672166542,-133.681028853358,9.42630364611161));
#5434=CARTESIAN_POINT('Ctrl Pts',(117.46078488207,-134.024549440198,9.45012603780329));
#5435=CARTESIAN_POINT('Ctrl Pts',(117.468897597597,-134.368070027037,9.47394842949497));
#5436=CARTESIAN_POINT('Ctrl Pts',(117.664200830978,-134.707157100293,9.49777082118665));
#5437=CARTESIAN_POINT('Ctrl Pts',(117.957271843455,-134.886570348136,9.52159321287833));
#5438=CARTESIAN_POINT('Ctrl Pts',(118.250342855933,-135.065983595979,9.54541560457001));
#5439=CARTESIAN_POINT('Ctrl Pts',(118.641181647506,-135.085723018409,9.5692379962617));
#5440=CARTESIAN_POINT('Ctrl Pts',(118.950804081421,-134.93668740254,9.59306038795338));
#5441=CARTESIAN_POINT('Ctrl Pts',(119.260426515337,-134.787651786671,9.61688277964506));
#5442=CARTESIAN_POINT('Ctrl Pts',(119.488832591595,-134.469841132501,9.64070517133674));
#5443=CARTESIAN_POINT('Ctrl Pts',(119.531468150919,-134.128913160989,9.66452756302841));
#5444=CARTESIAN_POINT('Ctrl Pts',(119.536781953144,-134.08642224866,9.66749662171945));
#5445=CARTESIAN_POINT('Ctrl Pts',(119.539210105513,-134.043572245531,9.67046568041048));
#5446=CARTESIAN_POINT('Ctrl Pts',(119.538879359733,-134.000685348012,9.67343473910152));
#5447=CARTESIAN_POINT('Ctrl Pts',(118.835179827523,-132.754305622064,9.95039626332859));
#5448=CARTESIAN_POINT('Ctrl Pts',(119.249526847866,-132.865794254648,9.92657387163691));
#5449=CARTESIAN_POINT('Ctrl Pts',(119.950920804211,-133.533650372265,9.87892908825355));
#5450=CARTESIAN_POINT('Ctrl Pts',(119.678851685891,-134.968635232612,9.80746191317851));
#5451=CARTESIAN_POINT('Ctrl Pts',(118.324936064106,-135.514636921706,9.73599473810346));
#5452=CARTESIAN_POINT('Ctrl Pts',(117.132400868646,-134.674472508041,9.66452756302842));
#5453=CARTESIAN_POINT('Ctrl Pts',(117.191824769946,-133.21616539041,9.59306038795338));
#5454=CARTESIAN_POINT('Ctrl Pts',(118.449535246913,-132.475921445097,9.52159321287833));
#5455=CARTESIAN_POINT('Ctrl Pts',(119.753345828535,-133.131344780389,9.4501260378033));
#5456=CARTESIAN_POINT('Ctrl Pts',(119.909381436212,-134.582343848451,9.37865886272825));
#5457=CARTESIAN_POINT('Ctrl Pts',(118.774660255928,-135.500000864289,9.30719168765321));
#5458=CARTESIAN_POINT('Ctrl Pts',(117.388414372215,-135.043948739818,9.23572451257816));
#5459=CARTESIAN_POINT('Ctrl Pts',(117.020167145759,-133.63182910589,9.16425733750313));
#5460=CARTESIAN_POINT('Ctrl Pts',(118.007173304418,-132.556887860384,9.09279016242807));
#5461=CARTESIAN_POINT('Ctrl Pts',(119.445515246037,-132.803566491597,9.02132298735304));
#5462=CARTESIAN_POINT('Ctrl Pts',(120.017942525765,-134.14595531651,8.94985581227798));
#5463=CARTESIAN_POINT('Ctrl Pts',(119.200217692457,-135.354676048105,8.87838863720295));
#5464=CARTESIAN_POINT('Ctrl Pts',(117.741224413696,-135.32276672213,8.80692146212791));
#5465=CARTESIAN_POINT('Ctrl Pts',(116.977127752668,-134.079450115442,8.73545428705286));
#5466=CARTESIAN_POINT('Ctrl Pts',(117.607697621343,-132.763372076703,8.66398711197782));
#5467=CARTESIAN_POINT('Ctrl Pts',(119.055449762821,-132.579814188756,8.59251993690278));
#5468=CARTESIAN_POINT('Ctrl Pts',(119.994513692048,-133.696881209454,8.52105276182773));
#5469=CARTESIAN_POINT('Ctrl Pts',(119.56488226223,-135.091548413847,8.4495855867527));
#5470=CARTESIAN_POINT('Ctrl Pts',(118.160017610371,-135.486561182565,8.37811841167764));
#5471=CARTESIAN_POINT('Ctrl Pts',(117.06651331516,-134.52016160844,8.30665123660261));
#5472=CARTESIAN_POINT('Ctrl Pts',(117.285815037232,-133.077391171602,8.23518406152756));
#5473=CARTESIAN_POINT('Ctrl Pts',(118.6170833658,-132.479558070889,8.16371688645252));
#5474=CARTESIAN_POINT('Ctrl Pts',(119.841125203477,-133.274165746953,8.09224971137748));
#5475=CARTESIAN_POINT('Ctrl Pts',(119.83694688734,-134.733502007283,8.02078253630244));
#5476=CARTESIAN_POINT('Ctrl Pts',(118.608374974498,-135.521087452841,7.94931536122739));
#5477=CARTESIAN_POINT('Ctrl Pts',(117.280551830293,-134.915640942553,7.87784818615235));
#5478=CARTESIAN_POINT('Ctrl Pts',(117.069515407144,-133.47163837774,7.80638101107731));
#5479=CARTESIAN_POINT('Ctrl Pts',(118.168535645401,-132.511516356855,7.73491383600225));
#5480=CARTESIAN_POINT('Ctrl Pts',(119.571115312353,-132.914567292771,7.66344666092723));
#5481=CARTESIAN_POINT('Ctrl Pts',(119.99275344586,-134.311671821238,7.59197948585217));
#5482=CARTESIAN_POINT('Ctrl Pts',(119.047308280911,-135.423343184171,7.52051231077714));
#5483=CARTESIAN_POINT('Ctrl Pts',(117.600630972091,-135.231498081979,7.44904513570209));
#5484=CARTESIAN_POINT('Ctrl Pts',(116.977607683707,-133.911830790113,7.37757796062705));
#5485=CARTESIAN_POINT('Ctrl Pts',(117.748811362323,-132.67291002381,7.30611078555201));
#5486=CARTESIAN_POINT('Ctrl Pts',(119.207963505172,-132.649355764968,7.23464361047696));
#5487=CARTESIAN_POINT('Ctrl Pts',(120.018753330371,-133.862739314569,7.16317643540192));
#5488=CARTESIAN_POINT('Ctrl Pts',(119.438648819885,-135.201828010661,7.09170926032688));
#5489=CARTESIAN_POINT('Ctrl Pts',(117.998917337282,-135.440266759807,7.02024208525183));
#5490=CARTESIAN_POINT('Ctrl Pts',(117.018083967592,-134.35969021,6.94877491017679));
#5491=CARTESIAN_POINT('Ctrl Pts',(117.394408850146,-132.949704620764,6.87730773510174));
#5492=CARTESIAN_POINT('Ctrl Pts',(118.783248692946,-132.501593395559,6.80584056002671));
#5493=CARTESIAN_POINT('Ctrl Pts',(119.912685646055,-133.425742706023,6.73437338495166));
#5494=CARTESIAN_POINT('Ctrl Pts',(119.748366448067,-134.875804422025,6.66290620987662));
#5495=CARTESIAN_POINT('Ctrl Pts',(118.440776788159,-135.523792894565,6.59143903480157));
#5496=CARTESIAN_POINT('Ctrl Pts',(117.187424527049,-134.77627173197,6.51997185972654));
#5497=CARTESIAN_POINT('Ctrl Pts',(117.13614619963,-133.317830676647,6.44850468465149));
#5498=CARTESIAN_POINT('Ctrl Pts',(118.333903175325,-132.484129286648,6.37703750957645));
#5499=CARTESIAN_POINT('Ctrl Pts',(119.68377381326,-133.038682294335,6.30557033450141));
#5500=CARTESIAN_POINT('Ctrl Pts',(119.949528778457,-134.473622737339,6.23410315942636));
#5501=CARTESIAN_POINT('Ctrl Pts',(118.88778616155,-135.474813232375,6.16263598435132));
#5502=CARTESIAN_POINT('Ctrl Pts',(117.470903871079,-135.125350306826,6.09116880927628));
#5503=CARTESIAN_POINT('Ctrl Pts',(116.996481372872,-133.745276737582,6.01970163420123));
#5504=CARTESIAN_POINT('Ctrl Pts',(117.899001107101,-132.598482064945,5.94823445912619));
#5505=CARTESIAN_POINT('Ctrl Pts',(119.351923474653,-132.735216063719,5.87676728405115));
#5506=CARTESIAN_POINT('Ctrl Pts',(120.024643255032,-134.030255756965,5.80530010897611));
#5507=CARTESIAN_POINT('Ctrl Pts',(119.301074274912,-135.297587078617,5.73383293390106));
#5508=CARTESIAN_POINT('Ctrl Pts',(117.843871644871,-135.376570514352,5.66236575882602));
#5509=CARTESIAN_POINT('Ctrl Pts',(116.987558476022,-134.194873600851,5.59089858375098));
#5510=CARTESIAN_POINT('Ctrl Pts',(117.516362425813,-132.834706602647,5.51943140867593));
#5511=CARTESIAN_POINT('Ctrl Pts',(118.945987925605,-132.541735408347,5.44796423360089));
#5512=CARTESIAN_POINT('Ctrl Pts',(119.967185817036,-133.58425227739,5.37649705852585));
#5513=CARTESIAN_POINT('Ctrl Pts',(119.644686328321,-135.0075370297,5.30502988345081));
#5514=CARTESIAN_POINT('Ctrl Pts',(118.27392904893,-135.508063015229,5.23356270837576));
#5515=CARTESIAN_POINT('Ctrl Pts',(117.110083121616,-134.627574855218,5.16209553330072));
#5516=CARTESIAN_POINT('Ctrl Pts',(117.219407291098,-133.172157706994,5.09062835822567));
#5517=CARTESIAN_POINT('Ctrl Pts',(118.500960145837,-132.47527987343,5.01916118315064));
#5518=CARTESIAN_POINT('Ctrl Pts',(119.782791836955,-133.173930623843,4.94769400807559));
#5519=CARTESIAN_POINT('Ctrl Pts',(119.887383553072,-134.630729761503,4.87622683300055));
#5520=CARTESIAN_POINT('Ctrl Pts',(119.113579960359,-135.213149949803,4.82858204961719));
#5521=CARTESIAN_POINT('Ctrl Pts',(118.689132663,-135.276059887226,4.80475965792551));
#5522=CARTESIAN_POINT('Ctrl Pts',(118.813332511892,-132.835501076026,9.99894179846295));
#5523=CARTESIAN_POINT('Ctrl Pts',(119.200672029423,-132.93972278159,9.97511940677127));
#5524=CARTESIAN_POINT('Ctrl Pts',(119.856348511482,-133.564047450714,9.9274746233879));
#5525=CARTESIAN_POINT('Ctrl Pts',(119.602013097321,-134.905498737153,9.85600744831287));
#5526=CARTESIAN_POINT('Ctrl Pts',(118.336346885251,-135.415911556461,9.78454027323782));
#5527=CARTESIAN_POINT('Ctrl Pts',(117.221542181536,-134.630509797407,9.71307309816278));
#5528=CARTESIAN_POINT('Ctrl Pts',(117.277092780742,-133.267256418903,9.64160592308773));
#5529=CARTESIAN_POINT('Ctrl Pts',(118.452824583855,-132.575262224289,9.5701387480127));
#5530=CARTESIAN_POINT('Ctrl Pts',(119.6716516463,-133.187964490763,9.49867157293764));
#5531=CARTESIAN_POINT('Ctrl Pts',(119.817516715984,-134.544386164789,9.42720439786262));
#5532=CARTESIAN_POINT('Ctrl Pts',(118.756757659143,-135.402229490125,9.35573722278756));
#5533=CARTESIAN_POINT('Ctrl Pts',(117.460868500021,-134.975903243792,9.28427004771253));
#5534=CARTESIAN_POINT('Ctrl Pts',(117.11662395131,-133.655826808226,9.21280287263748));
#5535=CARTESIAN_POINT('Ctrl Pts',(118.03929618141,-132.650951177494,9.14133569756243));
#5536=CARTESIAN_POINT('Ctrl Pts',(119.383885731615,-132.881551078805,9.06986852248739));
#5537=CARTESIAN_POINT('Ctrl Pts',(119.919001698343,-134.136441820751,8.99840134741235));
#5538=CARTESIAN_POINT('Ctrl Pts',(119.154576888084,-135.266377073135,8.92693417233731));
#5539=CARTESIAN_POINT('Ctrl Pts',(117.790682073036,-135.236547625061,8.85546699726227));
#5540=CARTESIAN_POINT('Ctrl Pts',(117.076389903673,-134.074271487116,8.78399982218722));
#5541=CARTESIAN_POINT('Ctrl Pts',(117.665858674319,-132.843976571186,8.71253264711218));
#5542=CARTESIAN_POINT('Ctrl Pts',(119.019245059289,-132.672383147641,8.64106547203714));
#5543=CARTESIAN_POINT('Ctrl Pts',(119.89709997659,-133.716638758528,8.56959829696209));
#5544=CARTESIAN_POINT('Ctrl Pts',(119.495472300822,-135.02040032925,8.49813112188705));
#5545=CARTESIAN_POINT('Ctrl Pts',(118.182177961219,-135.389665818663,8.42666394681201));
#5546=CARTESIAN_POINT('Ctrl Pts',(117.159949236672,-134.486257017812,8.35519677173696));
#5547=CARTESIAN_POINT('Ctrl Pts',(117.364956679831,-133.137527625598,8.28372959666192));
#5548=CARTESIAN_POINT('Ctrl Pts',(118.609451769153,-132.578661811617,8.21226242158688));
#5549=CARTESIAN_POINT('Ctrl Pts',(119.753709484465,-133.32147626125,8.14079524651184));
#5550=CARTESIAN_POINT('Ctrl Pts',(119.749803514644,-134.685691702028,8.06932807143679));
#5551=CARTESIAN_POINT('Ctrl Pts',(118.601310998447,-135.421941636309,7.99786089636175));
#5552=CARTESIAN_POINT('Ctrl Pts',(117.360036533344,-134.855958661478,7.92639372128671));
#5553=CARTESIAN_POINT('Ctrl Pts',(117.162755649662,-133.506077452472,7.85492654621166));
#5554=CARTESIAN_POINT('Ctrl Pts',(118.190140783243,-132.608537028427,7.78345937113662));
#5555=CARTESIAN_POINT('Ctrl Pts',(119.501299075263,-132.985316750239,7.71199219606158));
#5556=CARTESIAN_POINT('Ctrl Pts',(119.895454464796,-134.29135677811,7.64052502098654));
#5557=CARTESIAN_POINT('Ctrl Pts',(119.011634246322,-135.330568424944,7.5690578459115));
#5558=CARTESIAN_POINT('Ctrl Pts',(117.659252635474,-135.151227955059,7.49759067083645));
#5559=CARTESIAN_POINT('Ctrl Pts',(117.076838552385,-133.917577736675,7.42612349576141));
#5560=CARTESIAN_POINT('Ctrl Pts',(117.797774497686,-132.759410914377,7.35465632068636));
#5561=CARTESIAN_POINT('Ctrl Pts',(119.161817821921,-132.73739194282,7.28318914561132));
#5562=CARTESIAN_POINT('Ctrl Pts',(119.919759653993,-133.871686086636,7.21172197053628));
#5563=CARTESIAN_POINT('Ctrl Pts',(119.377466865152,-135.123491805056,7.14025479546124));
#5564=CARTESIAN_POINT('Ctrl Pts',(118.031578345466,-135.346388907052,7.0687876203862));
#5565=CARTESIAN_POINT('Ctrl Pts',(117.114676556526,-134.336245286106,6.99732044531114));
#5566=CARTESIAN_POINT('Ctrl Pts',(117.466472252613,-133.018163796323,6.92585327023611));
#5567=CARTESIAN_POINT('Ctrl Pts',(118.764786294291,-132.599260854466,6.85438609516106));
#5568=CARTESIAN_POINT('Ctrl Pts',(119.820605554526,-133.46317330096,6.78291892008603));
#5569=CARTESIAN_POINT('Ctrl Pts',(119.666996826226,-134.818718720357,6.71145174501098));
#5570=CARTESIAN_POINT('Ctrl Pts',(118.444637009137,-135.424470734964,6.63998456993594));
#5571=CARTESIAN_POINT('Ctrl Pts',(117.272979349543,-134.725673658485,6.56851739486089));
#5572=CARTESIAN_POINT('Ctrl Pts',(117.225043388556,-133.362295072465,6.49705021978586));
#5573=CARTESIAN_POINT('Ctrl Pts',(118.344729512282,-132.582935071516,6.4255830447108));
#5574=CARTESIAN_POINT('Ctrl Pts',(119.606614396104,-133.101341826959,6.35411586963577));
#5575=CARTESIAN_POINT('Ctrl Pts',(119.855047219189,-134.442751591217,6.28264869456072));
#5576=CARTESIAN_POINT('Ctrl Pts',(118.862509918849,-135.378683610187,6.21118151948568));
#5577=CARTESIAN_POINT('Ctrl Pts',(117.537981260878,-135.051998985148,6.13971434441063));
#5578=CARTESIAN_POINT('Ctrl Pts',(117.094482037909,-133.761879823614,6.0682471693356));
#5579=CARTESIAN_POINT('Ctrl Pts',(117.93817474295,-132.68983423526,5.99677999426055));
#5580=CARTESIAN_POINT('Ctrl Pts',(119.296394354115,-132.817655791865,5.92531281918551));
#5581=CARTESIAN_POINT('Ctrl Pts',(119.925265668189,-134.028283660145,5.85384564411046));
#5582=CARTESIAN_POINT('Ctrl Pts',(119.248859549887,-135.213009212833,5.78237846903543));
#5583=CARTESIAN_POINT('Ctrl Pts',(117.886638667502,-135.286844438836,5.71091129396038));
#5584=CARTESIAN_POINT('Ctrl Pts',(117.086140743315,-134.182171568341,5.63944411888534));
#5585=CARTESIAN_POINT('Ctrl Pts',(117.580476787076,-132.910661450059,5.56797694381029));
#5586=CARTESIAN_POINT('Ctrl Pts',(118.91691804079,-132.636786375593,5.49650976873525));
#5587=CARTESIAN_POINT('Ctrl Pts',(119.871553356482,-133.611351079206,5.42504259366021));
#5588=CARTESIAN_POINT('Ctrl Pts',(119.570074667774,-134.94186488093,5.35357541858516));
#5589=CARTESIAN_POINT('Ctrl Pts',(118.288664552136,-135.409766142984,5.28210824351013));
#5590=CARTESIAN_POINT('Ctrl Pts',(117.200679124865,-134.586668974797,5.21064106843507));
#5591=CARTESIAN_POINT('Ctrl Pts',(117.302877448933,-133.226117194955,5.13917389336004));
#5592=CARTESIAN_POINT('Ctrl Pts',(118.500897562688,-132.574662470827,5.06770671828499));
#5593=CARTESIAN_POINT('Ctrl Pts',(119.699178338022,-133.227774551526,4.99623954320995));
#5594=CARTESIAN_POINT('Ctrl Pts',(119.796952674193,-134.589618241518,4.92477236813491));
#5595=CARTESIAN_POINT('Ctrl Pts',(119.07358627948,-135.134075770259,4.87712758475155));
#5596=CARTESIAN_POINT('Ctrl Pts',(118.676804829862,-135.19288518269,4.85330519305987));
#5597=CARTESIAN_POINT('Ctrl Pts',(118.791485196261,-132.916696529989,10.0474873335973));
#5598=CARTESIAN_POINT('Ctrl Pts',(119.15181721098,-133.013651308531,10.0236649419056));
#5599=CARTESIAN_POINT('Ctrl Pts',(119.761776218752,-133.594444529162,9.97602015852226));
#5600=CARTESIAN_POINT('Ctrl Pts',(119.525174508751,-134.842362241694,9.90455298344723));
#5601=CARTESIAN_POINT('Ctrl Pts',(118.347757706395,-135.317186191215,9.83308580837218));
#5602=CARTESIAN_POINT('Ctrl Pts',(117.310683494426,-134.586547086773,9.76161863329714));
#5603=CARTESIAN_POINT('Ctrl Pts',(117.362360791538,-133.318347447396,9.69015145822209));
#5604=CARTESIAN_POINT('Ctrl Pts',(118.456113920798,-132.674603003481,9.61868428314706));
#5605=CARTESIAN_POINT('Ctrl Pts',(119.589957464066,-133.244584201137,9.54721710807201));
#5606=CARTESIAN_POINT('Ctrl Pts',(119.725651995755,-134.506428481127,9.47574993299697));
#5607=CARTESIAN_POINT('Ctrl Pts',(118.738855062358,-135.30445811596,9.40428275792193));
#5608=CARTESIAN_POINT('Ctrl Pts',(117.533322627827,-134.907857747767,9.33281558284688));
#5609=CARTESIAN_POINT('Ctrl Pts',(117.213080756861,-133.679824510562,9.26134840777184));
#5610=CARTESIAN_POINT('Ctrl Pts',(118.071419058402,-132.745014494605,9.18988123269679));
#5611=CARTESIAN_POINT('Ctrl Pts',(119.322256217193,-132.959535666013,9.11841405762176));
#5612=CARTESIAN_POINT('Ctrl Pts',(119.820060870921,-134.126928324991,9.0469468825467));
#5613=CARTESIAN_POINT('Ctrl Pts',(119.108936083712,-135.178078098165,8.97547970747167));
#5614=CARTESIAN_POINT('Ctrl Pts',(117.840139732376,-135.150328527992,8.90401253239663));
#5615=CARTESIAN_POINT('Ctrl Pts',(117.175652054678,-134.069092858791,8.83254535732158));
#5616=CARTESIAN_POINT('Ctrl Pts',(117.724019727295,-132.92458106567,8.76107818224654));
#5617=CARTESIAN_POINT('Ctrl Pts',(118.983040355756,-132.764952106527,8.6896110071715));
#5618=CARTESIAN_POINT('Ctrl Pts',(119.799686261133,-133.736396307602,8.61814383209645));
#5619=CARTESIAN_POINT('Ctrl Pts',(119.426062339415,-134.949252244652,8.54667665702141));
#5620=CARTESIAN_POINT('Ctrl Pts',(118.204338312068,-135.29277045476,8.47520948194637));
#5621=CARTESIAN_POINT('Ctrl Pts',(117.253385158184,-134.452352427184,8.40374230687133));
#5622=CARTESIAN_POINT('Ctrl Pts',(117.44409832243,-133.197664079593,8.33227513179629));
#5623=CARTESIAN_POINT('Ctrl Pts',(118.601820172506,-132.677765552345,8.26080795672124));
#5624=CARTESIAN_POINT('Ctrl Pts',(119.666293765453,-133.368786775548,8.18934078164619));
#5625=CARTESIAN_POINT('Ctrl Pts',(119.662660141949,-134.637881396773,8.11787360657116));
#5626=CARTESIAN_POINT('Ctrl Pts',(118.594247022396,-135.322795819777,8.04640643149611));
#5627=CARTESIAN_POINT('Ctrl Pts',(117.439521236396,-134.796276380404,7.97493925642107));
#5628=CARTESIAN_POINT('Ctrl Pts',(117.255995892181,-133.540516527205,7.90347208134602));
#5629=CARTESIAN_POINT('Ctrl Pts',(118.211745921085,-132.705557699999,7.83200490627099));
#5630=CARTESIAN_POINT('Ctrl Pts',(119.431482838172,-133.056066207706,7.76053773119594));
#5631=CARTESIAN_POINT('Ctrl Pts',(119.798155483731,-134.271041734981,7.6890705561209));
#5632=CARTESIAN_POINT('Ctrl Pts',(118.975960211733,-135.237793665718,7.61760338104585));
#5633=CARTESIAN_POINT('Ctrl Pts',(117.717874298856,-135.07095782814,7.54613620597081));
#5634=CARTESIAN_POINT('Ctrl Pts',(117.176069421064,-133.923324683237,7.47466903089577));
#5635=CARTESIAN_POINT('Ctrl Pts',(117.846737633049,-132.845911804944,7.40320185582073));
#5636=CARTESIAN_POINT('Ctrl Pts',(119.115672138671,-132.825428120672,7.33173468074568));
#5637=CARTESIAN_POINT('Ctrl Pts',(119.820765977614,-133.880632858703,7.26026750567064));
#5638=CARTESIAN_POINT('Ctrl Pts',(119.316284910419,-135.045155599452,7.1888003305956));
#5639=CARTESIAN_POINT('Ctrl Pts',(118.064239353649,-135.252511054297,7.11733315552055));
#5640=CARTESIAN_POINT('Ctrl Pts',(117.21126914546,-134.312800362211,7.04586598044552));
#5641=CARTESIAN_POINT('Ctrl Pts',(117.538535655081,-133.086622971881,6.97439880537047));
#5642=CARTESIAN_POINT('Ctrl Pts',(118.746323895636,-132.696928313373,6.90293163029543));
#5643=CARTESIAN_POINT('Ctrl Pts',(119.728525462997,-133.500603895897,6.83146445522038));
#5644=CARTESIAN_POINT('Ctrl Pts',(119.585627204385,-134.761633018688,6.75999728014534));
#5645=CARTESIAN_POINT('Ctrl Pts',(118.448497230116,-135.325148575364,6.6885301050703));
#5646=CARTESIAN_POINT('Ctrl Pts',(117.358534172037,-134.675075584999,6.61706292999526));
#5647=CARTESIAN_POINT('Ctrl Pts',(117.313940577482,-133.406759468283,6.54559575492021));
#5648=CARTESIAN_POINT('Ctrl Pts',(118.35555584924,-132.681740856386,6.47412857984517));
#5649=CARTESIAN_POINT('Ctrl Pts',(119.529454978947,-133.164001359583,6.40266140477013));
#5650=CARTESIAN_POINT('Ctrl Pts',(119.760565659921,-134.411880445095,6.33119422969508));
#5651=CARTESIAN_POINT('Ctrl Pts',(118.837233676149,-135.282553988,6.25972705462004));
#5652=CARTESIAN_POINT('Ctrl Pts',(117.605058650676,-134.978647663469,6.188259879545));
#5653=CARTESIAN_POINT('Ctrl Pts',(117.192482702946,-133.778482909646,6.11679270446996));
#5654=CARTESIAN_POINT('Ctrl Pts',(117.977348378798,-132.781186405575,6.04532552939491));
#5655=CARTESIAN_POINT('Ctrl Pts',(119.240865233578,-132.900095520012,5.97385835431986));
#5656=CARTESIAN_POINT('Ctrl Pts',(119.825888081346,-134.026311563325,5.90239117924483));
#5657=CARTESIAN_POINT('Ctrl Pts',(119.196644824862,-135.12843134705,5.83092400416978));
#5658=CARTESIAN_POINT('Ctrl Pts',(117.929405690133,-135.197118363321,5.75945682909475));
#5659=CARTESIAN_POINT('Ctrl Pts',(117.184723010608,-134.16946953583,5.6879896540197));
#5660=CARTESIAN_POINT('Ctrl Pts',(117.64459114834,-132.98661629747,5.61652247894466));
#5661=CARTESIAN_POINT('Ctrl Pts',(118.887848155975,-132.73183734284,5.54505530386961));
#5662=CARTESIAN_POINT('Ctrl Pts',(119.775920895927,-133.638449881022,5.47358812879457));
#5663=CARTESIAN_POINT('Ctrl Pts',(119.495463007226,-134.876192732159,5.40212095371953));
#5664=CARTESIAN_POINT('Ctrl Pts',(118.303400055342,-135.311469270738,5.33065377864449));
#5665=CARTESIAN_POINT('Ctrl Pts',(117.291275128113,-134.545763094376,5.25918660356944));
#5666=CARTESIAN_POINT('Ctrl Pts',(117.386347606767,-133.280076682917,5.1877194284944));
#5667=CARTESIAN_POINT('Ctrl Pts',(118.500834979539,-132.674045068225,5.11625225341935));
#5668=CARTESIAN_POINT('Ctrl Pts',(119.615564839089,-133.28161847921,5.04478507834432));
#5669=CARTESIAN_POINT('Ctrl Pts',(119.706521795314,-134.548506721534,4.97331790326927));
#5670=CARTESIAN_POINT('Ctrl Pts',(119.033592598602,-135.055001590714,4.92567311988591));
#5671=CARTESIAN_POINT('Ctrl Pts',(118.664476996725,-135.109710478155,4.90185072819423));
#5672=CARTESIAN_POINT('Ctrl Pts',(118.76963788063,-132.997891983951,10.0960328687317));
#5673=CARTESIAN_POINT('Ctrl Pts',(119.102962392537,-133.087579835473,10.07221047704));
#5674=CARTESIAN_POINT('Ctrl Pts',(119.667203926023,-133.624841607611,10.0245656936566));
#5675=CARTESIAN_POINT('Ctrl Pts',(119.448335920181,-134.779225746235,9.95309851858159));
#5676=CARTESIAN_POINT('Ctrl Pts',(118.35916852754,-135.21846082597,9.88163134350654));
#5677=CARTESIAN_POINT('Ctrl Pts',(117.399824807316,-134.542584376139,9.8101641684315));
#5678=CARTESIAN_POINT('Ctrl Pts',(117.447628802334,-133.36943847589,9.73869699335646));
#5679=CARTESIAN_POINT('Ctrl Pts',(118.45940325774,-132.773943782674,9.66722981828141));
#5680=CARTESIAN_POINT('Ctrl Pts',(119.508263281831,-133.30120391151,9.59576264320638));
#5681=CARTESIAN_POINT('Ctrl Pts',(119.633787275527,-134.468470797465,9.52429546813132));
#5682=CARTESIAN_POINT('Ctrl Pts',(118.720952465573,-135.206686741796,9.45282829305629));
#5683=CARTESIAN_POINT('Ctrl Pts',(117.605776755633,-134.839812251741,9.38136111798124));
#5684=CARTESIAN_POINT('Ctrl Pts',(117.309537562412,-133.703822212898,9.30989394290621));
#5685=CARTESIAN_POINT('Ctrl Pts',(118.103541935395,-132.839077811716,9.23842676783115));
#5686=CARTESIAN_POINT('Ctrl Pts',(119.260626702771,-133.037520253221,9.16695959275612));
#5687=CARTESIAN_POINT('Ctrl Pts',(119.721120043498,-134.117414829231,9.09549241768107));
#5688=CARTESIAN_POINT('Ctrl Pts',(119.063295279339,-135.089779123195,9.02402524260603));
#5689=CARTESIAN_POINT('Ctrl Pts',(117.889597391716,-135.064109430923,8.95255806753099));
#5690=CARTESIAN_POINT('Ctrl Pts',(117.274914205683,-134.063914230465,8.88109089245594));
#5691=CARTESIAN_POINT('Ctrl Pts',(117.782180780271,-133.005185560154,8.8096237173809));
#5692=CARTESIAN_POINT('Ctrl Pts',(118.946835652223,-132.857521065412,8.73815654230587));
#5693=CARTESIAN_POINT('Ctrl Pts',(119.702272545676,-133.756153856675,8.66668936723081));
#5694=CARTESIAN_POINT('Ctrl Pts',(119.356652378007,-134.878104160054,8.59522219215578));
#5695=CARTESIAN_POINT('Ctrl Pts',(118.226498662916,-135.195875090858,8.52375501708072));
#5696=CARTESIAN_POINT('Ctrl Pts',(117.346821079696,-134.418447836557,8.45228784200569));
#5697=CARTESIAN_POINT('Ctrl Pts',(117.523239965029,-133.257800533589,8.38082066693064));
#5698=CARTESIAN_POINT('Ctrl Pts',(118.59418857586,-132.776869293073,8.3093534918556));
#5699=CARTESIAN_POINT('Ctrl Pts',(119.57887804644,-133.416097289845,8.23788631678056));
#5700=CARTESIAN_POINT('Ctrl Pts',(119.575516769253,-134.590071091518,8.16641914170552));
#5701=CARTESIAN_POINT('Ctrl Pts',(118.587183046345,-135.223650003245,8.09495196663048));
#5702=CARTESIAN_POINT('Ctrl Pts',(117.519005939447,-134.736594099329,8.02348479155543));
#5703=CARTESIAN_POINT('Ctrl Pts',(117.3492361347,-133.574955601938,7.95201761648039));
#5704=CARTESIAN_POINT('Ctrl Pts',(118.233351058927,-132.80257837157,7.88055044140534));
#5705=CARTESIAN_POINT('Ctrl Pts',(119.361666601081,-133.126815665173,7.8090832663303));
#5706=CARTESIAN_POINT('Ctrl Pts',(119.700856502667,-134.250726691853,7.73761609125526));
#5707=CARTESIAN_POINT('Ctrl Pts',(118.940286177144,-135.145018906491,7.66614891618022));
#5708=CARTESIAN_POINT('Ctrl Pts',(117.776495962238,-134.99068770122,7.59468174110517));
#5709=CARTESIAN_POINT('Ctrl Pts',(117.275300289742,-133.929071629799,7.52321456603013));
#5710=CARTESIAN_POINT('Ctrl Pts',(117.895700768411,-132.93241269551,7.45174739095508));
#5711=CARTESIAN_POINT('Ctrl Pts',(119.06952645542,-132.913464298524,7.38028021588005));
#5712=CARTESIAN_POINT('Ctrl Pts',(119.721772301235,-133.88957963077,7.308813040805));
#5713=CARTESIAN_POINT('Ctrl Pts',(119.255102955686,-134.966819393848,7.23734586572996));
#5714=CARTESIAN_POINT('Ctrl Pts',(118.096900361833,-135.158633201542,7.16587869065492));
#5715=CARTESIAN_POINT('Ctrl Pts',(117.307861734395,-134.289355438316,7.09441151557987));
#5716=CARTESIAN_POINT('Ctrl Pts',(117.610599057549,-133.15508214744,7.02294434050483));
#5717=CARTESIAN_POINT('Ctrl Pts',(118.727861496981,-132.79459577228,6.95147716542979));
#5718=CARTESIAN_POINT('Ctrl Pts',(119.636445371468,-133.538034490834,6.88000999035474));
#5719=CARTESIAN_POINT('Ctrl Pts',(119.504257582544,-134.70454731702,6.8085428152797));
#5720=CARTESIAN_POINT('Ctrl Pts',(118.452357451094,-135.225826415763,6.73707564020466));
#5721=CARTESIAN_POINT('Ctrl Pts',(117.444088994531,-134.624477511513,6.66560846512962));
#5722=CARTESIAN_POINT('Ctrl Pts',(117.402837766408,-133.451223864101,6.59414129005457));
#5723=CARTESIAN_POINT('Ctrl Pts',(118.366382186197,-132.780546641254,6.52267411497953));
#5724=CARTESIAN_POINT('Ctrl Pts',(119.452295561791,-133.226660892207,6.45120693990449));
#5725=CARTESIAN_POINT('Ctrl Pts',(119.666084100654,-134.381009298972,6.37973976482944));
#5726=CARTESIAN_POINT('Ctrl Pts',(118.811957433448,-135.186424365812,6.3082725897544));
#5727=CARTESIAN_POINT('Ctrl Pts',(117.672136040475,-134.90529634179,6.23680541467935));
#5728=CARTESIAN_POINT('Ctrl Pts',(117.290483367983,-133.795085995679,6.16533823960432));
#5729=CARTESIAN_POINT('Ctrl Pts',(118.016522014647,-132.872538575889,6.09387106452927));
#5730=CARTESIAN_POINT('Ctrl Pts',(119.18533611304,-132.982535248158,6.02240388945423));
#5731=CARTESIAN_POINT('Ctrl Pts',(119.726510494503,-134.024339466505,5.95093671437918));
#5732=CARTESIAN_POINT('Ctrl Pts',(119.144430099837,-135.043853481267,5.87946953930415));
#5733=CARTESIAN_POINT('Ctrl Pts',(117.972172712764,-135.107392287805,5.8080023642291));
#5734=CARTESIAN_POINT('Ctrl Pts',(117.283305277901,-134.15676750332,5.73653518915406));
#5735=CARTESIAN_POINT('Ctrl Pts',(117.708705509603,-133.062571144882,5.66506801407901));
#5736=CARTESIAN_POINT('Ctrl Pts',(118.85877827116,-132.826888310087,5.59360083900398));
#5737=CARTESIAN_POINT('Ctrl Pts',(119.680288435372,-133.665548682838,5.52213366392893));
#5738=CARTESIAN_POINT('Ctrl Pts',(119.420851346679,-134.810520583389,5.45066648885389));
#5739=CARTESIAN_POINT('Ctrl Pts',(118.318135558548,-135.213172398492,5.37919931377884));
#5740=CARTESIAN_POINT('Ctrl Pts',(117.381871131362,-134.504857213955,5.3077321387038));
#5741=CARTESIAN_POINT('Ctrl Pts',(117.469817764602,-133.334036170878,5.23626496362876));
#5742=CARTESIAN_POINT('Ctrl Pts',(118.50077239639,-132.773427665622,5.16479778855372));
#5743=CARTESIAN_POINT('Ctrl Pts',(119.531951340155,-133.335462406893,5.09333061347867));
#5744=CARTESIAN_POINT('Ctrl Pts',(119.616090916435,-134.50739520155,5.02186343840363));
#5745=CARTESIAN_POINT('Ctrl Pts',(118.993598917723,-134.975927411169,4.97421865502027));
#5746=CARTESIAN_POINT('Ctrl Pts',(118.652149163587,-135.026535773619,4.95039626332859));
#5747=CARTESIAN_POINT('Ctrl Pts',(118.652149163587,-135.026535773619,4.95039626332859));
#5748=CARTESIAN_POINT('Ctrl Pts',(118.695894608272,-135.025303011367,4.95039626332859));
#5749=CARTESIAN_POINT('Ctrl Pts',(118.739402001431,-135.021079705849,4.95039626332859));
#5750=CARTESIAN_POINT('Ctrl Pts',(118.782467463941,-135.014083156779,4.95039626332859));
#5751=CARTESIAN_POINT('Ctrl Pts',(118.810477413089,-135.009532573267,4.95039626332859));
#5752=CARTESIAN_POINT('Ctrl Pts',(118.838300786846,-135.003807776028,4.95039626332859));
#5753=CARTESIAN_POINT('Ctrl Pts',(118.865883498889,-134.996957467141,4.95039626332859));
#5754=CARTESIAN_POINT('Ctrl Pts',(118.880132868156,-134.993418562744,4.95039626332859));
#5755=CARTESIAN_POINT('Ctrl Pts',(118.894318022802,-134.989579142844,4.95039626332859));
#5756=CARTESIAN_POINT('Ctrl Pts',(118.90843151949,-134.985445062897,4.95039626332859));
#5757=CARTESIAN_POINT('Ctrl Pts',(118.918824266548,-134.982400852936,4.95039626332859));
#5758=CARTESIAN_POINT('Ctrl Pts',(118.929168551363,-134.979199664004,4.95039626332859));
#5759=CARTESIAN_POINT('Ctrl Pts',(118.939461101838,-134.975844696744,4.95039626332859));
#5760=CARTESIAN_POINT('Ctrl Pts',(118.983575052666,-134.961465281157,4.95039626332859));
#5761=CARTESIAN_POINT('Ctrl Pts',(119.026740481115,-134.944264639493,4.95039626332859));
#5762=CARTESIAN_POINT('Ctrl Pts',(119.068728962272,-134.924453183135,4.95039626332859));
#5763=CARTESIAN_POINT('Ctrl Pts',(119.085616815597,-134.916484974715,4.95039626332859));
#5764=CARTESIAN_POINT('Ctrl Pts',(119.102314293414,-134.908093818854,4.95039626332859));
#5765=CARTESIAN_POINT('Ctrl Pts',(119.118806363266,-134.899291055453,4.95039626332859));
#5766=CARTESIAN_POINT('Ctrl Pts',(119.128816340448,-134.893948156618,4.95039626332859));
#5767=CARTESIAN_POINT('Ctrl Pts',(119.138750641994,-134.888453597587,4.95039626332859));
#5768=CARTESIAN_POINT('Ctrl Pts',(119.148605849942,-134.882809687431,4.95039626332859));
#5769=CARTESIAN_POINT('Ctrl Pts',(119.157183984291,-134.877897135628,4.95039626332859));
#5770=CARTESIAN_POINT('Ctrl Pts',(119.165700070662,-134.872872534898,4.95039626332859));
#5771=CARTESIAN_POINT('Ctrl Pts',(119.174142510268,-134.867743515877,4.95039626332859));
#5772=CARTESIAN_POINT('Ctrl Pts',(119.215362772218,-134.84270104978,4.95039626332859));
#5773=CARTESIAN_POINT('Ctrl Pts',(119.254892110829,-134.815137210062,4.95039626332859));
#5774=CARTESIAN_POINT('Ctrl Pts',(119.292491902996,-134.785275574905,4.95039626332859));
#5775=CARTESIAN_POINT('Ctrl Pts',(119.330203157946,-134.75532541636,4.95039626332859));
#5776=CARTESIAN_POINT('Ctrl Pts',(119.365974555017,-134.723063335471,4.95039626332859));
#5777=CARTESIAN_POINT('Ctrl Pts',(119.399552108174,-134.688664061458,4.95039626332859));
#5778=CARTESIAN_POINT('Ctrl Pts',(119.415862156993,-134.671954867792,4.95039626332859));
#5779=CARTESIAN_POINT('Ctrl Pts',(119.431654271589,-134.654740694915,4.95039626332859));
#5780=CARTESIAN_POINT('Ctrl Pts',(119.446896962874,-134.637037790225,4.95039626332859));
#5781=CARTESIAN_POINT('Ctrl Pts',(119.455910280537,-134.626569697647,4.95039626332859));
#5782=CARTESIAN_POINT('Ctrl Pts',(119.464731452127,-134.615930670555,4.95039626332859));
#5783=CARTESIAN_POINT('Ctrl Pts',(119.473353615442,-134.60512370399,4.95039626332859));
#5784=CARTESIAN_POINT('Ctrl Pts',(119.479548432091,-134.597359158833,4.95039626332859));
#5785=CARTESIAN_POINT('Ctrl Pts',(119.485641264393,-134.589506706669,4.95039626332859));
#5786=CARTESIAN_POINT('Ctrl Pts',(119.49161866611,-134.581582345736,4.95039626332859));
#5787=CARTESIAN_POINT('Ctrl Pts',(119.516135649375,-134.549079690968,4.95039626332859));
#5788=CARTESIAN_POINT('Ctrl Pts',(119.538755314359,-134.515315497179,4.95039626332859));
#5789=CARTESIAN_POINT('Ctrl Pts',(119.559338358382,-134.480402637626,4.95039626332859));
#5790=CARTESIAN_POINT('Ctrl Pts',(119.583362347544,-134.4396532636,4.95039626332859));
#5791=CARTESIAN_POINT('Ctrl Pts',(119.604613777828,-134.397339779738,4.95039626332859));
#5792=CARTESIAN_POINT('Ctrl Pts',(119.623154344215,-134.353758885143,4.95039626332859));
#5793=CARTESIAN_POINT('Ctrl Pts',(119.640717788085,-134.312474785184,4.95039626332859));
#5794=CARTESIAN_POINT('Ctrl Pts',(119.655848416665,-134.270052382958,4.95039626332859));
#5795=CARTESIAN_POINT('Ctrl Pts',(119.668566089719,-134.226719448759,4.95039626332859));
#5796=CARTESIAN_POINT('Ctrl Pts',(119.671352448501,-134.217225486992,4.95039626332859));
#5797=CARTESIAN_POINT('Ctrl Pts',(119.674022855445,-134.20768775039,4.95039626332859));
#5798=CARTESIAN_POINT('Ctrl Pts',(119.676577305926,-134.198108533465,4.95039626332859));
#5799=CARTESIAN_POINT('Ctrl Pts',(119.678811247294,-134.189731229183,4.95039626332859));
#5800=CARTESIAN_POINT('Ctrl Pts',(119.680955602966,-134.181325337726,4.95039626332859));
#5801=CARTESIAN_POINT('Ctrl Pts',(119.683008644254,-134.172900933647,4.95039626332859));
#5802=CARTESIAN_POINT('Ctrl Pts',(119.694873178772,-134.124216265902,4.95039626332859));
#5803=CARTESIAN_POINT('Ctrl Pts',(119.703713421504,-134.074834886698,4.95039626332859));
#5804=CARTESIAN_POINT('Ctrl Pts',(119.709600707249,-134.025084931261,4.95039626332859));
#5805=CARTESIAN_POINT('Ctrl Pts',(119.715620043264,-133.974219097414,4.95039626332859));
#5806=CARTESIAN_POINT('Ctrl Pts',(119.718552808704,-133.922966943159,4.95039626332859));
#5807=CARTESIAN_POINT('Ctrl Pts',(119.718428183754,-133.871651659028,4.95039626332859));
#5808=CARTESIAN_POINT('Ctrl Pts',(119.718362461642,-133.844590072754,4.95039626332859));
#5809=CARTESIAN_POINT('Ctrl Pts',(119.717445644306,-133.817510567608,4.95039626332859));
#5810=CARTESIAN_POINT('Ctrl Pts',(119.715676426836,-133.790459108917,4.95039626332859));
#5811=CARTESIAN_POINT('Ctrl Pts',(119.714702380376,-133.775565870501,4.95039626332859));
#5812=CARTESIAN_POINT('Ctrl Pts',(119.713469895845,-133.760681123412,4.95039626332859));
#5813=CARTESIAN_POINT('Ctrl Pts',(119.711978239605,-133.745812518261,4.95039626332859));
#5814=CARTESIAN_POINT('Ctrl Pts',(119.710561471747,-133.731690389252,4.95039626332859));
#5815=CARTESIAN_POINT('Ctrl Pts',(119.70890984781,-133.717576314666,4.95039626332859));
#5816=CARTESIAN_POINT('Ctrl Pts',(119.70702774411,-133.70351254099,4.95039626332859));
#5817=CARTESIAN_POINT('Ctrl Pts',(119.699988535319,-133.650912974186,4.95039626332859));
#5818=CARTESIAN_POINT('Ctrl Pts',(119.689724841278,-133.598944397218,4.95039626332859));
#5819=CARTESIAN_POINT('Ctrl Pts',(119.676282306187,-133.547948783483,4.95039626332859));
#5820=CARTESIAN_POINT('Ctrl Pts',(119.662958589889,-133.497403920833,4.95039626332859));
#5821=CARTESIAN_POINT('Ctrl Pts',(119.646512046859,-133.447813662076,4.95039626332859));
#5822=CARTESIAN_POINT('Ctrl Pts',(119.626937431636,-133.399504695542,4.95039626332859));
#5823=CARTESIAN_POINT('Ctrl Pts',(119.613625359891,-133.366651307566,4.95039626332859));
#5824=CARTESIAN_POINT('Ctrl Pts',(119.598865553981,-133.334390381901,4.95039626332859));
#5825=CARTESIAN_POINT('Ctrl Pts',(119.582642771044,-133.302827416435,4.95039626332859));
#5826=CARTESIAN_POINT('Ctrl Pts',(119.575244753133,-133.288433869733,4.95039626332859));
#5827=CARTESIAN_POINT('Ctrl Pts',(119.567542337085,-133.27418552565,4.95039626332859));
#5828=CARTESIAN_POINT('Ctrl Pts',(119.559543120259,-133.260086379488,4.95039626332859));
#5829=CARTESIAN_POINT('Ctrl Pts',(119.536412752197,-134.000569635563,9.55235778755566));
#5830=CARTESIAN_POINT('Ctrl Pts',(119.537093311322,-134.136534519435,9.54300368108088));
#5831=CARTESIAN_POINT('Ctrl Pts',(119.512251752996,-134.272261077143,9.5336495746061));
#5832=CARTESIAN_POINT('Ctrl Pts',(119.460727474918,-134.396962307195,9.52429546813133));
#5833=CARTESIAN_POINT('Ctrl Pts',(119.329509005542,-134.714542778909,9.50047307643965));
#5834=CARTESIAN_POINT('Ctrl Pts',(119.025230735557,-134.960614760352,9.47665068474797));
#5835=CARTESIAN_POINT('Ctrl Pts',(118.687228982242,-135.022505002731,9.45282829305629));
#5836=CARTESIAN_POINT('Ctrl Pts',(118.349227228926,-135.084395245111,9.42900590136461));
#5837=CARTESIAN_POINT('Ctrl Pts',(117.977501992279,-134.962103748426,9.40518350967292));
#5838=CARTESIAN_POINT('Ctrl Pts',(117.742266175086,-134.711626326943,9.38136111798124));
#5839=CARTESIAN_POINT('Ctrl Pts',(117.507030357892,-134.46114890546,9.35753872628956));
#5840=CARTESIAN_POINT('Ctrl Pts',(117.408283960152,-134.082485559179,9.33371633459788));
#5841=CARTESIAN_POINT('Ctrl Pts',(117.491244823446,-133.749029819174,9.3098939429062));
#5842=CARTESIAN_POINT('Ctrl Pts',(117.574205686739,-133.41557407917,9.28607155121452));
#5843=CARTESIAN_POINT('Ctrl Pts',(117.838873811067,-133.127325945443,9.26224915952283));
#5844=CARTESIAN_POINT('Ctrl Pts',(118.16405533446,-133.01627561883,9.23842676783115));
#5845=CARTESIAN_POINT('Ctrl Pts',(118.489236857854,-132.905225292217,9.21460437613947));
#5846=CARTESIAN_POINT('Ctrl Pts',(118.874931780312,-132.971372772719,9.19078198444779));
#5847=CARTESIAN_POINT('Ctrl Pts',(119.144528131663,-133.184428942305,9.16695959275611));
#5848=CARTESIAN_POINT('Ctrl Pts',(119.388226178415,-133.377018241517,9.1454256576893));
#5849=CARTESIAN_POINT('Ctrl Pts',(119.537059893642,-133.689646869829,9.12389172262247));
#5850=CARTESIAN_POINT('Ctrl Pts',(119.539114148175,-134.000569743162,9.10235778755565));
#5851=CARTESIAN_POINT('Ctrl Pts',(118.835179827523,-132.754305622064,9.95039626332859));
#5852=CARTESIAN_POINT('Ctrl Pts',(118.884272576312,-132.772712156504,9.95039626332859));
#5853=CARTESIAN_POINT('Ctrl Pts',(118.931961079115,-132.794293225595,9.95039626332859));
#5854=CARTESIAN_POINT('Ctrl Pts',(118.978068304059,-132.818776827027,9.95039626332859));
#5855=CARTESIAN_POINT('Ctrl Pts',(119.024720810295,-132.843549980689,9.95039626332859));
#5856=CARTESIAN_POINT('Ctrl Pts',(119.069755198617,-132.871295669912,9.95039626332859));
#5857=CARTESIAN_POINT('Ctrl Pts',(119.112954850861,-132.901774932915,9.95039626332859));
#5858=CARTESIAN_POINT('Ctrl Pts',(119.144191145737,-132.923813518813,9.95039626332859));
#5859=CARTESIAN_POINT('Ctrl Pts',(119.174467528591,-132.947282232271,9.95039626332859));
#5860=CARTESIAN_POINT('Ctrl Pts',(119.203687995258,-132.97210018299,9.95039626332859));
#5861=CARTESIAN_POINT('Ctrl Pts',(119.216169378526,-132.982701052524,9.95039626332859));
#5862=CARTESIAN_POINT('Ctrl Pts',(119.22845794392,-132.993548171336,9.95039626332859));
#5863=CARTESIAN_POINT('Ctrl Pts',(119.240545439629,-133.004635520864,9.95039626332859));
#5864=CARTESIAN_POINT('Ctrl Pts',(119.248099279874,-133.011564339626,9.95039626332859));
#5865=CARTESIAN_POINT('Ctrl Pts',(119.255575428209,-133.018587944649,9.95039626332859));
#5866=CARTESIAN_POINT('Ctrl Pts',(119.262959236577,-133.025692369658,9.95039626332859));
#5867=CARTESIAN_POINT('Ctrl Pts',(119.300113177115,-133.061440505469,9.95039626332859));
#5868=CARTESIAN_POINT('Ctrl Pts',(119.33500907411,-133.099301110705,9.95039626332859));
#5869=CARTESIAN_POINT('Ctrl Pts',(119.367450075266,-133.139044824194,9.95039626332859));
#5870=CARTESIAN_POINT('Ctrl Pts',(119.399153898702,-133.177885415736,9.95039626332859));
#5871=CARTESIAN_POINT('Ctrl Pts',(119.428513551451,-133.218525496779,9.95039626332859));
#5872=CARTESIAN_POINT('Ctrl Pts',(119.45530142649,-133.260771767861,9.95039626332859));
#5873=CARTESIAN_POINT('Ctrl Pts',(119.473923748564,-133.290140415628,9.95039626332859));
#5874=CARTESIAN_POINT('Ctrl Pts',(119.491302304722,-133.320285720278,9.95039626332859));
#5875=CARTESIAN_POINT('Ctrl Pts',(119.507346055599,-133.351145204584,9.95039626332859));
#5876=CARTESIAN_POINT('Ctrl Pts',(119.512953442097,-133.361930778169,9.95039626332859));
#5877=CARTESIAN_POINT('Ctrl Pts',(119.5183976614,-133.372803597854,9.95039626332859));
#5878=CARTESIAN_POINT('Ctrl Pts',(119.523674445514,-133.38376099871,9.95039626332859));
#5879=CARTESIAN_POINT('Ctrl Pts',(119.52763061331,-133.391976100076,9.95039626332859));
#5880=CARTESIAN_POINT('Ctrl Pts',(119.531492234255,-133.400238086326,9.95039626332859));
#5881=CARTESIAN_POINT('Ctrl Pts',(119.53525244309,-133.408533960155,9.95039626332859));
#5882=CARTESIAN_POINT('Ctrl Pts',(119.555225950612,-133.452600049472,9.95039626332859));
#5883=CARTESIAN_POINT('Ctrl Pts',(119.572384432166,-133.497708083969,9.95039626332859));
#5884=CARTESIAN_POINT('Ctrl Pts',(119.586527909894,-133.543675869591,9.95039626332859));
#5885=CARTESIAN_POINT('Ctrl Pts',(119.596654534464,-133.576588461263,9.95039626332859));
#5886=CARTESIAN_POINT('Ctrl Pts',(119.605234602346,-133.609942184454,9.95039626332859));
#5887=CARTESIAN_POINT('Ctrl Pts',(119.612178288695,-133.64367196701,9.95039626332859));
#5888=CARTESIAN_POINT('Ctrl Pts',(119.621426314771,-133.688595353942,9.95039626332859));
#5889=CARTESIAN_POINT('Ctrl Pts',(119.627772559742,-133.734186766044,9.95039626332859));
#5890=CARTESIAN_POINT('Ctrl Pts',(119.631263953939,-133.780181916028,9.95039626332859));
#5891=CARTESIAN_POINT('Ctrl Pts',(119.632176124838,-133.792198730789,9.95039626332859));
#5892=CARTESIAN_POINT('Ctrl Pts',(119.6328932366,-133.804243030824,9.95039626332859));
#5893=CARTESIAN_POINT('Ctrl Pts',(119.633415730326,-133.816309916271,9.95039626332859));
#5894=CARTESIAN_POINT('Ctrl Pts',(119.633819456207,-133.825633882697,9.95039626332859));
#5895=CARTESIAN_POINT('Ctrl Pts',(119.634106874284,-133.834971787079,9.95039626332859));
#5896=CARTESIAN_POINT('Ctrl Pts',(119.634278191583,-133.844305943693,9.95039626332859));
#5897=CARTESIAN_POINT('Ctrl Pts',(119.635163259191,-133.89252850893,9.95039626332859));
#5898=CARTESIAN_POINT('Ctrl Pts',(119.632959124731,-133.940751776935,9.95039626332859));
#5899=CARTESIAN_POINT('Ctrl Pts',(119.627769303767,-133.9886754276,9.95039626332859));
#5900=CARTESIAN_POINT('Ctrl Pts',(119.622593341283,-134.036471106819,9.95039626332859));
#5901=CARTESIAN_POINT('Ctrl Pts',(119.614447082916,-134.083969945498,9.95039626332859));
#5902=CARTESIAN_POINT('Ctrl Pts',(119.603385202578,-134.130856067191,9.95039626332859));
#5903=CARTESIAN_POINT('Ctrl Pts',(119.597464540663,-134.155950975701,9.95039626332859));
#5904=CARTESIAN_POINT('Ctrl Pts',(119.590707863508,-134.180869944714,9.95039626332859));
#5905=CARTESIAN_POINT('Ctrl Pts',(119.583118672556,-134.205560658997,9.95039626332859));
#5906=CARTESIAN_POINT('Ctrl Pts',(119.579201881835,-134.218303566801,9.95039626332859));
#5907=CARTESIAN_POINT('Ctrl Pts',(119.575063290298,-134.230985624603,9.9503962633286));
#5908=CARTESIAN_POINT('Ctrl Pts',(119.570703062135,-134.243599271191,9.9503962633286));
#5909=CARTESIAN_POINT('Ctrl Pts',(119.567296465768,-134.253454168924,9.9503962633286));
#5910=CARTESIAN_POINT('Ctrl Pts',(119.563754237291,-134.263267842859,9.9503962633286));
#5911=CARTESIAN_POINT('Ctrl Pts',(119.560082266419,-134.27302197616,9.9503962633286));
#5912=CARTESIAN_POINT('Ctrl Pts',(119.54377046548,-134.316352243821,9.9503962633286));
#5913=CARTESIAN_POINT('Ctrl Pts',(119.524877594526,-134.358581424526,9.9503962633286));
#5914=CARTESIAN_POINT('Ctrl Pts',(119.503448587141,-134.399413056458,9.9503962633286));
#5915=CARTESIAN_POINT('Ctrl Pts',(119.48903161386,-134.426883696417,9.9503962633286));
#5916=CARTESIAN_POINT('Ctrl Pts',(119.473465872064,-134.453721205523,9.9503962633286));
#5917=CARTESIAN_POINT('Ctrl Pts',(119.456756272794,-134.479825221469,9.9503962633286));
#5918=CARTESIAN_POINT('Ctrl Pts',(119.449484300961,-134.491185617705,9.9503962633286));
#5919=CARTESIAN_POINT('Ctrl Pts',(119.44199412855,-134.502408728812,9.9503962633286));
#5920=CARTESIAN_POINT('Ctrl Pts',(119.434299394579,-134.513467240064,9.9503962633286));
#5921=CARTESIAN_POINT('Ctrl Pts',(119.409118287068,-134.549656348324,9.9503962633286));
#5922=CARTESIAN_POINT('Ctrl Pts',(119.38172071331,-134.584131591567,9.9503962633286));
#5923=CARTESIAN_POINT('Ctrl Pts',(119.352131479032,-134.616608323571,9.9503962633286));
#5924=CARTESIAN_POINT('Ctrl Pts',(119.337587116216,-134.632572013909,9.9503962633286));
#5925=CARTESIAN_POINT('Ctrl Pts',(119.32251276458,-134.648052222564,9.95039626332859));
#5926=CARTESIAN_POINT('Ctrl Pts',(119.306908990106,-134.663011112239,9.95039626332859));
#5927=CARTESIAN_POINT('Ctrl Pts',(119.297446264562,-134.672082754979,9.95039626332859));
#5928=CARTESIAN_POINT('Ctrl Pts',(119.287788797317,-134.680962611232,9.95039626332859));
#5929=CARTESIAN_POINT('Ctrl Pts',(119.277943753584,-134.689647693429,9.95039626332859));
#5930=CARTESIAN_POINT('Origin',(118.5,-134.,9.95039626332859));
#5931=CARTESIAN_POINT('Origin',(118.5,-134.,4.95039626332859));
#5932=CARTESIAN_POINT('Origin',(118.5,-134.,2.99939626332859));
#5933=CARTESIAN_POINT('',(116.,-134.,9.95039626332859));
#5934=CARTESIAN_POINT('Origin',(118.5,-134.,9.95039626332859));
#5935=CARTESIAN_POINT('',(116.,-134.,2.99939626332859));
#5936=CARTESIAN_POINT('',(116.,-134.,2.99939626332859));
#5937=CARTESIAN_POINT('Origin',(118.5,-134.,2.99939626332855));
#5938=CARTESIAN_POINT('Origin',(118.5,-134.,9.95039626332859));
#5939=CARTESIAN_POINT('Origin',(137.000002041459,-101.500001512468,2.99939626332847));
#5940=CARTESIAN_POINT('',(112.000001683831,-140.000002071261,2.99939626332861));
#5941=CARTESIAN_POINT('',(149.500002220273,-140.000002071261,2.99939626332861));
#5942=CARTESIAN_POINT('',(112.000001683831,-120.750001791865,2.99939626332854));
#5943=CARTESIAN_POINT('',(157.500002317131,-72.5000011101365,2.99939626332837));
#5944=CARTESIAN_POINT('',(122.500001855195,-72.5000011101365,2.99939626332837));
#5945=CARTESIAN_POINT('',(159.750002358109,-72.5000011101365,2.99939626332837));
#5946=CARTESIAN_POINT('',(157.500002317131,-117.500001721084,2.99939626332857));
#5947=CARTESIAN_POINT('',(157.500002317131,-90.2500013373792,2.99939626332844));
#5948=CARTESIAN_POINT('',(122.500001855195,-117.500001721084,2.99939626332857));
#5949=CARTESIAN_POINT('',(142.250002127141,-117.500001721084,2.99939626332857));
#5950=CARTESIAN_POINT('',(122.500001855195,-67.7500010319054,2.99939626332834));
#5951=CARTESIAN_POINT('',(153.5,-69.,2.99939626332835));
#5952=CARTESIAN_POINT('Origin',(156.,-69.,2.99939626332835));
#5953=CARTESIAN_POINT('Origin',(162.000002399087,-140.000002071261,2.99939626332861));
#5954=CARTESIAN_POINT('',(112.000001683831,-140.000002071261,2.99939626332861));
#5955=CARTESIAN_POINT('Origin',(112.000001683831,-140.000002071261,2.99939626332861));
#5956=CARTESIAN_POINT('Origin',(162.000002399087,-63.0000009536743,2.99939626332832));
#5957=CARTESIAN_POINT('',(155.500002317131,-115.500001721084,2.99939626332856));
#5958=CARTESIAN_POINT('',(124.500001855195,-115.500001721084,2.99939626332856));
#5959=CARTESIAN_POINT('',(158.750002358109,-115.500001721084,2.99939626332856));
#5960=CARTESIAN_POINT('',(155.500002317131,-74.5000011101365,2.99939626332837));
#5961=CARTESIAN_POINT('',(155.500002317131,-68.7500010319054,2.99939626332835));
#5962=CARTESIAN_POINT('',(124.500001855195,-74.5000011101365,2.99939626332837));
#5963=CARTESIAN_POINT('',(143.250002127141,-74.5000011101365,2.99939626332837));
#5964=CARTESIAN_POINT('',(124.500001855195,-89.2500013373792,2.99939626332844));
#5965=CARTESIAN_POINT('Origin',(124.500001855195,-74.5000011101365,0.999396263328468));
#5966=CARTESIAN_POINT('',(155.500002317131,-74.5000011101365,9.95039626332847));
#5967=CARTESIAN_POINT('',(155.500002317131,-74.5000011101365,0.999396263328468));
#5968=CARTESIAN_POINT('',(124.500001855195,-74.5000011101365,9.95039626332847));
#5969=CARTESIAN_POINT('',(155.500002317131,-74.5000011101365,9.95039626332847));
#5970=CARTESIAN_POINT('',(124.500001855195,-74.5000011101365,0.999396263328468));
#5971=CARTESIAN_POINT('Origin',(155.500002317131,-74.5000011101365,0.999396263328468));
#5972=CARTESIAN_POINT('',(155.500002317131,-115.500001721084,9.95039626332847));
#5973=CARTESIAN_POINT('',(155.500002317131,-115.500001721084,0.999396263328468));
#5974=CARTESIAN_POINT('',(155.500002317131,-115.500001721084,9.95039626332847));
#5975=CARTESIAN_POINT('Origin',(122.500001855195,-117.500001721084,0.999396263328468));
#5976=CARTESIAN_POINT('',(157.500002317131,-117.500001721084,9.95039626332847));
#5977=CARTESIAN_POINT('',(157.500002317131,-117.500001721084,0.999396263328468));
#5978=CARTESIAN_POINT('',(150.000002235174,-117.500001721084,9.95039626332847));
#5979=CARTESIAN_POINT('',(122.500001855195,-117.500001721084,9.95039626332847));
#5980=CARTESIAN_POINT('',(150.000002235174,-117.500001721084,5.00000007450581));
#5981=CARTESIAN_POINT('',(150.000002235174,-117.500001721084,5.47489626332847));
#5982=CARTESIAN_POINT('',(130.000001937151,-117.500001721084,5.00000007450581));
#5983=CARTESIAN_POINT('',(136.250002045184,-117.500001721084,5.00000007450581));
#5984=CARTESIAN_POINT('',(130.000001937151,-117.500001721084,9.95039626332847));
#5985=CARTESIAN_POINT('',(130.000001937151,-117.500001721084,2.99969816891714));
#5986=CARTESIAN_POINT('',(122.500001855195,-117.500001721084,9.95039626332847));
#5987=CARTESIAN_POINT('',(122.500001855195,-117.500001721084,9.95039626332847));
#5988=CARTESIAN_POINT('',(122.500001855195,-117.500001721084,0.999396263328468));
#5989=CARTESIAN_POINT('Origin',(157.500002317131,-117.500001721084,0.999396263328468));
#5990=CARTESIAN_POINT('',(157.500002317131,-72.5000011101365,9.95039626332847));
#5991=CARTESIAN_POINT('',(157.500002317131,-72.5000011101365,0.999396263328468));
#5992=CARTESIAN_POINT('',(157.500002317131,-117.500001721084,9.95039626332847));
#5993=CARTESIAN_POINT('Origin',(150.000002235174,-117.500001721084,9.95039626332847));
#5994=CARTESIAN_POINT('',(150.000002235174,-115.500001721084,9.95039626332847));
#5995=CARTESIAN_POINT('',(150.000002235174,-106.250001568347,9.95039626332847));
#5996=CARTESIAN_POINT('',(150.000002235174,-115.500001721084,5.00000007450581));
#5997=CARTESIAN_POINT('',(150.000002235174,-115.500001721084,5.47489626332847));
#5998=CARTESIAN_POINT('',(150.000002235174,-117.500001721084,5.00000007450581));
#5999=CARTESIAN_POINT('Origin',(130.000001937151,-117.500001721084,5.00000007450581));
#6000=CARTESIAN_POINT('',(130.000001937151,-115.500001721084,5.00000007450581));
#6001=CARTESIAN_POINT('',(130.000001937151,-117.500001721084,5.00000007450581));
#6002=CARTESIAN_POINT('',(130.000001937151,-115.500001721084,9.95039626332847));
#6003=CARTESIAN_POINT('',(130.000001937151,-115.500001721084,2.99969816891714));
#6004=CARTESIAN_POINT('',(130.000001937151,-106.250001568347,9.95039626332847));
#6005=CARTESIAN_POINT('Origin',(150.000002235174,-117.500001721084,5.00000007450581));
#6006=CARTESIAN_POINT('',(152.750002276152,-115.500001721084,5.00000007450581));
#6007=CARTESIAN_POINT('Origin',(155.500002317131,-115.500001721084,0.999396263328468));
#6008=CARTESIAN_POINT('',(124.500001855195,-115.500001721084,9.95039626332847));
#6009=CARTESIAN_POINT('',(124.500001855195,-115.500001721084,0.999396263328468));
#6010=CARTESIAN_POINT('',(124.500001855195,-115.500001721084,9.95039626332847));
#6011=CARTESIAN_POINT('',(124.500001855195,-115.500001721084,9.95039626332847));
#6012=CARTESIAN_POINT('Origin',(124.500001855195,-115.500001721084,0.999396263328468));
#6013=CARTESIAN_POINT('',(124.500001855195,-74.5000011101365,9.95039626332847));
#6014=CARTESIAN_POINT('Origin',(157.500002317131,-72.5000011101365,0.999396263328468));
#6015=CARTESIAN_POINT('',(122.500001855195,-72.5000011101365,9.95039626332847));
#6016=CARTESIAN_POINT('',(122.500001855195,-72.5000011101365,0.999396263328468));
#6017=CARTESIAN_POINT('',(157.500002317131,-72.5000011101365,9.95039626332847));
#6018=CARTESIAN_POINT('Origin',(122.500001855195,-72.5000011101365,0.999396263328468));
#6019=CARTESIAN_POINT('',(122.500001855195,-72.5000011101365,9.95039626332847));
#6020=CARTESIAN_POINT('Origin',(140.000002086163,-95.0000014156103,9.95039626332847));
#6021=CARTESIAN_POINT('Origin',(110.000001683831,-61.0000009536743,2.99939626332832));
#6022=CARTESIAN_POINT('Origin',(164.000002399087,-142.000002071261,2.99939626332862));
#6023=CARTESIAN_POINT('Origin',(156.,-69.,10.9440713445044));
#6024=CARTESIAN_POINT('Ctrl Pts',(157.291397890203,-69.0008511304542,9.81907134450436));
#6025=CARTESIAN_POINT('Ctrl Pts',(157.291809174155,-69.0541622465812,9.81610228581332));
#6026=CARTESIAN_POINT('Ctrl Pts',(157.264574000029,-69.5348042827577,9.78931083543061));
#6027=CARTESIAN_POINT('Ctrl Pts',(156.661336623996,-70.3741679303718,9.73869699335622));
#6028=CARTESIAN_POINT('Ctrl Pts',(155.203820353737,-70.3005512588582,9.66722981828117));
#6029=CARTESIAN_POINT('Ctrl Pts',(154.475494042207,-69.0360286195207,9.59576264320613));
#6030=CARTESIAN_POINT('Ctrl Pts',(155.143312040699,-67.7384353746244,9.52429546813108));
#6031=CARTESIAN_POINT('Ctrl Pts',(156.595705012084,-67.5962358216715,9.45282829305605));
#6032=CARTESIAN_POINT('Ctrl Pts',(157.25224206338,-68.4240210629874,9.4010869185138));
#6033=CARTESIAN_POINT('Ctrl Pts',(157.291501971581,-68.9252758341201,9.37316793566324));
#6034=CARTESIAN_POINT('Ctrl Pts',(157.290844862906,-68.9989284368384,9.36907134450436));
#6035=CARTESIAN_POINT('Ctrl Pts',(157.288703305206,-68.9987275255446,9.85672118215233));
#6036=CARTESIAN_POINT('Ctrl Pts',(157.286458419158,-69.2949221818773,9.84030142582764));
#6037=CARTESIAN_POINT('Ctrl Pts',(157.038605555597,-70.0251982186658,9.80005927781127));
#6038=CARTESIAN_POINT('Ctrl Pts',(155.824936752912,-70.5146192877763,9.73599473810322));
#6039=CARTESIAN_POINT('Ctrl Pts',(154.632408037462,-69.6744747305024,9.66452756302818));
#6040=CARTESIAN_POINT('Ctrl Pts',(154.691830220984,-68.2161661608879,9.59306038795313));
#6041=CARTESIAN_POINT('Ctrl Pts',(155.949535958302,-67.4759301084563,9.52159321287809));
#6042=CARTESIAN_POINT('Ctrl Pts',(157.082689026582,-68.0455625225657,9.45948014427782));
#6043=CARTESIAN_POINT('Ctrl Pts',(157.287023089775,-68.7392893041691,9.42118946736923));
#6044=CARTESIAN_POINT('Ctrl Pts',(157.288331644309,-69.0007080011292,9.40672118215233));
#6045=CARTESIAN_POINT('Ctrl Pts',(155.223602502526,-69.6885724278656,9.95039626332835));
#6046=CARTESIAN_POINT('Ctrl Pts',(154.994567244096,-69.4303245017469,9.92657387163666));
#6047=CARTESIAN_POINT('Ctrl Pts',(154.81884495331,-68.6713148981448,9.8789290882533));
#6048=CARTESIAN_POINT('Ctrl Pts',(155.63664541216,-67.8276051882984,9.80746191317826));
#6049=CARTESIAN_POINT('Ctrl Pts',(156.787825528128,-68.0599061555974,9.73599473810322));
#6050=CARTESIAN_POINT('Ctrl Pts',(157.217234835326,-69.1520258120091,9.66452756302818));
#6051=CARTESIAN_POINT('Ctrl Pts',(156.532017117482,-70.1054595114289,9.59306038795313));
#6052=CARTESIAN_POINT('Ctrl Pts',(155.359507420225,-70.0462380378916,9.52159321287809));
#6053=CARTESIAN_POINT('Ctrl Pts',(154.773599955271,-69.0289834883004,9.45012603780305));
#6054=CARTESIAN_POINT('Ctrl Pts',(155.310831062198,-67.9851250465244,9.378658862728));
#6055=CARTESIAN_POINT('Ctrl Pts',(156.479219283946,-67.8707315689455,9.30719168765296));
#6056=CARTESIAN_POINT('Ctrl Pts',(157.208728740565,-68.7905230116334,9.23572451257792));
#6057=CARTESIAN_POINT('Ctrl Pts',(156.831270118659,-69.902162986877,9.16425733750288));
#6058=CARTESIAN_POINT('Ctrl Pts',(155.692522562432,-70.1875869508443,9.09279016242783));
#6059=CARTESIAN_POINT('Ctrl Pts',(154.835367281785,-69.3854046812147,9.02132298735279));
#6060=CARTESIAN_POINT('Ctrl Pts',(155.044797824694,-68.2302629677562,8.94985581227775));
#6061=CARTESIAN_POINT('Ctrl Pts',(156.129015209514,-67.7800569452114,8.8783886372027));
#6062=CARTESIAN_POINT('Ctrl Pts',(157.095078720845,-68.4470906916083,8.80692146212766));
#6063=CARTESIAN_POINT('Ctrl Pts',(157.058254713621,-69.6204861606923,8.73545428705262));
#6064=CARTESIAN_POINT('Ctrl Pts',(156.052267069053,-70.2256321778019,8.66398711197757));
#6065=CARTESIAN_POINT('Ctrl Pts',(154.998412557883,-69.7083280971272,8.59251993690253));
#6066=CARTESIAN_POINT('Ctrl Pts',(154.861825037079,-68.5423277913125,8.52105276182749));
#6067=CARTESIAN_POINT('Ctrl Pts',(155.767593163479,-67.7954697364382,8.44958558675245));
#6068=CARTESIAN_POINT('Ctrl Pts',(156.886202536197,-68.1517363851942,8.3781184116774));
#6069=CARTESIAN_POINT('Ctrl Pts',(157.193215935539,-69.2848540439178,8.30665123660236));
#6070=CARTESIAN_POINT('Ctrl Pts',(156.407466439821,-70.15709861086,8.23518406152732));
#6071=CARTESIAN_POINT('Ctrl Pts',(155.248553803186,-69.9696570055159,8.16371688645227));
#6072=CARTESIAN_POINT('Ctrl Pts',(154.77782550681,-68.8941907224722,8.09224971137723));
#6073=CARTESIAN_POINT('Ctrl Pts',(155.42638073451,-67.9156259717041,8.02078253630219));
#6074=CARTESIAN_POINT('Ctrl Pts',(156.600264052852,-67.9301452613266,7.94931536122715));
#6075=CARTESIAN_POINT('Ctrl Pts',(157.224417632778,-68.9244516344015,7.8778481861521));
#6076=CARTESIAN_POINT('Ctrl Pts',(156.727233391814,-69.9879461973362,7.80638101107706));
#6077=CARTESIAN_POINT('Ctrl Pts',(155.564039216802,-70.1466665995468,7.73491383600201));
#6078=CARTESIAN_POINT('Ctrl Pts',(154.800103678334,-69.2552546028093,7.66344666092697));
#6079=CARTESIAN_POINT('Ctrl Pts',(155.135049020548,-68.1300770734442,7.59197948585193));
#6080=CARTESIAN_POINT('Ctrl Pts',(156.26212788037,-67.8015864364358,7.52051231077689));
#6081=CARTESIAN_POINT('Ctrl Pts',(157.1491465693,-68.5706187506788,7.44904513570185));
#6082=CARTESIAN_POINT('Ctrl Pts',(156.983761670266,-69.7328840775433,7.37757796062681));
#6083=CARTESIAN_POINT('Ctrl Pts',(155.9174348556,-70.2239644978234,7.30611078555176));
#6084=CARTESIAN_POINT('Ctrl Pts',(154.926722289393,-69.5941220841841,7.23464361047672));
#6085=CARTESIAN_POINT('Ctrl Pts',(154.918931609479,-68.420174828058,7.16317643540168));
#6086=CARTESIAN_POINT('Ctrl Pts',(155.901197623299,-67.7772391135793,7.09170926032663));
#6087=CARTESIAN_POINT('Ctrl Pts',(156.973948157126,-68.2541239498192,7.02024208525159));
#6088=CARTESIAN_POINT('Ctrl Pts',(157.154744120114,-69.4140919125779,6.94877491017655));
#6089=CARTESIAN_POINT('Ctrl Pts',(156.278010184262,-70.1948290390049,6.87730773510151));
#6090=CARTESIAN_POINT('Ctrl Pts',(155.146670854085,-69.8813259690601,6.80584056002646));
#6091=CARTESIAN_POINT('Ctrl Pts',(154.796821613058,-68.7606929500008,6.73437338495142));
#6092=CARTESIAN_POINT('Ctrl Pts',(155.548859011363,-67.859220484324,6.66290620987637));
#6093=CARTESIAN_POINT('Ctrl Pts',(156.714057278672,-68.0024889485184,6.59143903480133));
#6094=CARTESIAN_POINT('Ctrl Pts',(157.22531247005,-69.059291193054,6.51997185972629));
#6095=CARTESIAN_POINT('Ctrl Pts',(156.61441033701,-70.0617937807955,6.44850468465125));
#6096=CARTESIAN_POINT('Ctrl Pts',(155.440823111381,-70.0918916166902,6.3770375095762));
#6097=CARTESIAN_POINT('Ctrl Pts',(154.779337458209,-69.1220207054879,6.30557033450116));
#6098=CARTESIAN_POINT('Ctrl Pts',(155.23575066183,-68.0404016225883,6.23410315942612));
#6099=CARTESIAN_POINT('Ctrl Pts',(156.392073496132,-67.8375953927236,6.16263598435108));
#6100=CARTESIAN_POINT('Ctrl Pts',(157.189330240723,-68.6993346373909,6.09116880927604));
#6101=CARTESIAN_POINT('Ctrl Pts',(156.897382680957,-69.8364271865679,6.01970163420099));
#6102=CARTESIAN_POINT('Ctrl Pts',(155.783600181941,-70.2075086860545,5.94823445912595));
#6103=CARTESIAN_POINT('Ctrl Pts',(154.867999577418,-69.4727377967612,5.8767672840509));
#6104=CARTESIAN_POINT('Ctrl Pts',(154.9890997142,-68.3050274058027,5.80530010897586));
#6105=CARTESIAN_POINT('Ctrl Pts',(156.035996041166,-67.7737820660016,5.73383293390082));
#6106=CARTESIAN_POINT('Ctrl Pts',(157.049925945183,-68.3655233258342,5.66236575882578));
#6107=CARTESIAN_POINT('Ctrl Pts',(157.102321424581,-69.5383266127318,5.59089858375073));
#6108=CARTESIAN_POINT('Ctrl Pts',(156.145193063653,-70.2181234548236,5.51943140867569));
#6109=CARTESIAN_POINT('Ctrl Pts',(155.055101912326,-69.7823464164886,5.44796423360065));
#6110=CARTESIAN_POINT('Ctrl Pts',(154.830346494777,-68.6300869375892,5.37649705852561));
#6111=CARTESIAN_POINT('Ctrl Pts',(155.676805098905,-67.8165972079587,5.30502988345056));
#6112=CARTESIAN_POINT('Ctrl Pts',(156.81918772703,-68.0868865105796,5.23356270837552));
#6113=CARTESIAN_POINT('Ctrl Pts',(157.211476478792,-69.1934106668143,5.16209553330048));
#6114=CARTESIAN_POINT('Ctrl Pts',(156.494011001363,-70.1228203874085,5.09062835822544));
#6115=CARTESIAN_POINT('Ctrl Pts',(155.324680354948,-70.0239086268125,5.01916118315039));
#6116=CARTESIAN_POINT('Ctrl Pts',(154.772654812659,-68.9873531775155,4.94769400807535));
#6117=CARTESIAN_POINT('Ctrl Pts',(155.347043284357,-67.9623060817374,4.87622683300031));
#6118=CARTESIAN_POINT('Ctrl Pts',(156.124596386373,-67.9134688481448,4.82858204961694));
#6119=CARTESIAN_POINT('Ctrl Pts',(156.437588016173,-68.0590208341298,4.80475965792526));
#6120=CARTESIAN_POINT('Ctrl Pts',(155.160695164941,-69.7443637696881,9.99894179846271));
#6121=CARTESIAN_POINT('Ctrl Pts',(154.913102404241,-69.4651913950467,9.97511940677103));
#6122=CARTESIAN_POINT('Ctrl Pts',(154.723142275874,-68.6446833019213,9.92747462338766));
#6123=CARTESIAN_POINT('Ctrl Pts',(155.607204732875,-67.7326123058598,9.85600744831263));
#6124=CARTESIAN_POINT('Ctrl Pts',(156.851658817928,-67.9837353783549,9.78454027323757));
#6125=CARTESIAN_POINT('Ctrl Pts',(157.315860865105,-69.1643436506276,9.71307309816254));
#6126=CARTESIAN_POINT('Ctrl Pts',(156.575123619654,-70.1950289844099,9.6416059230875));
#6127=CARTESIAN_POINT('Ctrl Pts',(155.307611731396,-70.1310091115471,9.57013874801245));
#6128=CARTESIAN_POINT('Ctrl Pts',(154.674231317583,-69.0313318653739,9.49867157293741));
#6129=CARTESIAN_POINT('Ctrl Pts',(155.254991388365,-67.902895155891,9.42720439786236));
#6130=CARTESIAN_POINT('Ctrl Pts',(156.518047859992,-67.7792329865208,9.35573722278732));
#6131=CARTESIAN_POINT('Ctrl Pts',(157.306665566971,-68.7735502114036,9.28427004771228));
#6132=CARTESIAN_POINT('Ctrl Pts',(156.898623491318,-69.9752604295622,9.21280287263724));
#6133=CARTESIAN_POINT('Ctrl Pts',(155.667609309842,-70.2838107710806,9.14133569756219));
#6134=CARTESIAN_POINT('Ctrl Pts',(154.741003320275,-69.4166319616568,9.06986852248715));
#6135=CARTESIAN_POINT('Ctrl Pts',(154.967402900187,-68.1678952920528,8.99840134741211));
#6136=CARTESIAN_POINT('Ctrl Pts',(156.139468622057,-67.6812114828906,8.92693417233706));
#6137=CARTESIAN_POINT('Ctrl Pts',(157.183807093874,-68.4022914069245,8.85546699726202));
#6138=CARTESIAN_POINT('Ctrl Pts',(157.143999434254,-69.6707608363639,8.78399982218698));
#6139=CARTESIAN_POINT('Ctrl Pts',(156.05650199017,-70.324938599339,8.71253264711194));
#6140=CARTESIAN_POINT('Ctrl Pts',(154.917259283243,-69.7657201351904,8.6410654720369));
#6141=CARTESIAN_POINT('Ctrl Pts',(154.769604806004,-68.5052450595558,8.56959829696185));
#6142=CARTESIAN_POINT('Ctrl Pts',(155.748762480266,-67.6978730901734,8.49813112188681));
#6143=CARTESIAN_POINT('Ctrl Pts',(156.958006788909,-68.0830061204115,8.42666394681176));
#6144=CARTESIAN_POINT('Ctrl Pts',(157.289895842306,-69.3079342438947,8.35519677173672));
#6145=CARTESIAN_POINT('Ctrl Pts',(156.440481266592,-70.2508521239377,8.28372959666168));
#6146=CARTESIAN_POINT('Ctrl Pts',(155.187668136071,-70.0482231276203,8.21226242158664));
#6147=CARTESIAN_POINT('Ctrl Pts',(154.678799242968,-68.8856175625087,8.1407952465116));
#6148=CARTESIAN_POINT('Ctrl Pts',(155.379903432745,-67.827764942671,8.06932807143655));
#6149=CARTESIAN_POINT('Ctrl Pts',(156.648900239259,-67.8434606526923,7.99786089636151));
#6150=CARTESIAN_POINT('Ctrl Pts',(157.323625646227,-68.9183303543172,7.92639372128646));
#6151=CARTESIAN_POINT('Ctrl Pts',(156.786157224813,-70.0679941948559,7.85492654621143));
#6152=CARTESIAN_POINT('Ctrl Pts',(155.528715645755,-70.239574862531,7.78345937113638));
#6153=CARTESIAN_POINT('Ctrl Pts',(154.702882495602,-69.2759365183506,7.71199219606133));
#6154=CARTESIAN_POINT('Ctrl Pts',(155.064966667841,-68.0595918704493,7.6405250209863));
#6155=CARTESIAN_POINT('Ctrl Pts',(156.283366700839,-67.7044853936641,7.56905784591125));
#6156=CARTESIAN_POINT('Ctrl Pts',(157.242255770972,-68.5358282840791,7.49759067083621));
#6157=CARTESIAN_POINT('Ctrl Pts',(157.063470617934,-69.7922657553913,7.42612349576116));
#6158=CARTESIAN_POINT('Ctrl Pts',(155.91074504345,-70.3231357961695,7.35465632068612));
#6159=CARTESIAN_POINT('Ctrl Pts',(154.839760335646,-69.642260619713,7.28318914561108));
#6160=CARTESIAN_POINT('Ctrl Pts',(154.831338418598,-68.373194694878,7.21172197053604));
#6161=CARTESIAN_POINT('Ctrl Pts',(155.893192195042,-67.6781653374291,7.14025479546099));
#6162=CARTESIAN_POINT('Ctrl Pts',(157.052861968299,-68.1936896019004,7.06878762038595));
#6163=CARTESIAN_POINT('Ctrl Pts',(157.248306861397,-69.447643565978,6.99732044531091));
#6164=CARTESIAN_POINT('Ctrl Pts',(156.300535862888,-70.291639646919,6.92585327023587));
#6165=CARTESIAN_POINT('Ctrl Pts',(155.077530156403,-69.9527350996136,6.85438609516082));
#6166=CARTESIAN_POINT('Ctrl Pts',(154.699334502127,-68.7413031793873,6.78291892008578));
#6167=CARTESIAN_POINT('Ctrl Pts',(155.512305469442,-67.7667892202658,6.71145174501073));
#6168=CARTESIAN_POINT('Ctrl Pts',(156.77191352168,-67.9216659620135,6.6399845699357));
#6169=CARTESIAN_POINT('Ctrl Pts',(157.324592987378,-69.0640952413791,6.56851739486065));
#6170=CARTESIAN_POINT('Ctrl Pts',(156.664192721178,-70.1478252531172,6.49705021978561));
#6171=CARTESIAN_POINT('Ctrl Pts',(155.395515998186,-70.1803617557122,6.42558304471057));
#6172=CARTESIAN_POINT('Ctrl Pts',(154.680433699704,-69.1319073907715,6.35411586963552));
#6173=CARTESIAN_POINT('Ctrl Pts',(155.173827624633,-67.9626504973326,6.28264869456049));
#6174=CARTESIAN_POINT('Ctrl Pts',(156.423841114986,-67.743411963129,6.21118151948544));
#6175=CARTESIAN_POINT('Ctrl Pts',(157.285695310416,-68.6749733308083,6.13971434441039));
#6176=CARTESIAN_POINT('Ctrl Pts',(156.970092801015,-69.9041984088636,6.06824716933536));
#6177=CARTESIAN_POINT('Ctrl Pts',(155.76606646184,-70.3053466579672,5.99677999426031));
#6178=CARTESIAN_POINT('Ctrl Pts',(154.776279636328,-69.5110412125592,5.92531281918527));
#6179=CARTESIAN_POINT('Ctrl Pts',(154.907191869635,-68.2487174927259,5.85384564411023));
#6180=CARTESIAN_POINT('Ctrl Pts',(156.0389126079,-67.6744281837721,5.78237846903518));
#6181=CARTESIAN_POINT('Ctrl Pts',(157.134995830246,-68.3141150736674,5.71091129396014));
#6182=CARTESIAN_POINT('Ctrl Pts',(157.191636635165,-69.5819443395644,5.6394441188851));
#6183=CARTESIAN_POINT('Ctrl Pts',(156.156957281209,-70.3168214846892,5.56797694381005));
#6184=CARTESIAN_POINT('Ctrl Pts',(154.978541872941,-69.8457357631711,5.49650976873501));
#6185=CARTESIAN_POINT('Ctrl Pts',(154.735575725744,-68.6001148601803,5.42504259365997));
#6186=CARTESIAN_POINT('Ctrl Pts',(155.650618344291,-67.7207124077363,5.35357541858492));
#6187=CARTESIAN_POINT('Ctrl Pts',(156.885562128104,-68.012901807229,5.28210824350988));
#6188=CARTESIAN_POINT('Ctrl Pts',(157.309635939733,-69.2090816989203,5.21064106843484));
#6189=CARTESIAN_POINT('Ctrl Pts',(156.534038071176,-70.2137965193362,5.1391738933598));
#6190=CARTESIAN_POINT('Ctrl Pts',(155.269962815251,-70.1068704676904,5.06770671828475));
#6191=CARTESIAN_POINT('Ctrl Pts',(154.673209595118,-68.9863284731161,4.99623954320971));
#6192=CARTESIAN_POINT('Ctrl Pts',(155.294137693248,-67.8782272924073,4.92477236813467));
#6193=CARTESIAN_POINT('Ctrl Pts',(156.134691765306,-67.8254330389244,4.87712758475131));
#6194=CARTESIAN_POINT('Ctrl Pts',(156.473043433207,-67.9827783240228,4.85330519305962));
#6195=CARTESIAN_POINT('Ctrl Pts',(155.097787827356,-69.8001551115107,10.0474873335971));
#6196=CARTESIAN_POINT('Ctrl Pts',(154.831637564387,-69.5000582883466,10.0236649419054));
#6197=CARTESIAN_POINT('Ctrl Pts',(154.627439598438,-68.6180517056977,9.97602015852203));
#6198=CARTESIAN_POINT('Ctrl Pts',(155.577764053591,-67.6376194234214,9.90455298344698));
#6199=CARTESIAN_POINT('Ctrl Pts',(156.915492107728,-67.9075646011122,9.83308580837194));
#6200=CARTESIAN_POINT('Ctrl Pts',(157.414486894885,-69.1766614892462,9.76161863329689));
#6201=CARTESIAN_POINT('Ctrl Pts',(156.618230121825,-70.2845984573908,9.69015145822186));
#6202=CARTESIAN_POINT('Ctrl Pts',(155.255716042566,-70.2157801852026,9.61868428314681));
#6203=CARTESIAN_POINT('Ctrl Pts',(154.574862679895,-69.0336802424473,9.54721710807177));
#6204=CARTESIAN_POINT('Ctrl Pts',(155.199151714532,-67.8206652652577,9.47574993299672));
#6205=CARTESIAN_POINT('Ctrl Pts',(156.556876436038,-67.6877344040962,9.40428275792168));
#6206=CARTESIAN_POINT('Ctrl Pts',(157.404602393377,-68.7565774111738,9.33281558284664));
#6207=CARTESIAN_POINT('Ctrl Pts',(156.965976863977,-70.0483578722474,9.26134840777159));
#6208=CARTESIAN_POINT('Ctrl Pts',(155.642696057251,-70.3800345913168,9.18988123269656));
#6209=CARTESIAN_POINT('Ctrl Pts',(154.646639358766,-69.447859242099,9.11841405762151));
#6210=CARTESIAN_POINT('Ctrl Pts',(154.890007975681,-68.1055276163494,9.04694688254647));
#6211=CARTESIAN_POINT('Ctrl Pts',(156.1499220346,-67.5823660205697,8.97547970747142));
#6212=CARTESIAN_POINT('Ctrl Pts',(157.272535466903,-68.3574921222407,8.90401253239638));
#6213=CARTESIAN_POINT('Ctrl Pts',(157.229744154887,-69.7210355120355,8.83254535732134));
#6214=CARTESIAN_POINT('Ctrl Pts',(156.060736911287,-70.4242450208761,8.76107818224629));
#6215=CARTESIAN_POINT('Ctrl Pts',(154.836106008602,-69.8231121732536,8.68961100717125));
#6216=CARTESIAN_POINT('Ctrl Pts',(154.677384574928,-68.4681623277992,8.61814383209621));
#6217=CARTESIAN_POINT('Ctrl Pts',(155.729931797053,-67.6002764439088,8.54667665702118));
#6218=CARTESIAN_POINT('Ctrl Pts',(157.02981104162,-68.0142758556288,8.47520948194612));
#6219=CARTESIAN_POINT('Ctrl Pts',(157.386575749072,-69.3310144438717,8.40374230687108));
#6220=CARTESIAN_POINT('Ctrl Pts',(156.473496093363,-70.3446056370155,8.33227513179604));
#6221=CARTESIAN_POINT('Ctrl Pts',(155.126782468956,-70.1267892497247,8.260807956721));
#6222=CARTESIAN_POINT('Ctrl Pts',(154.579772979126,-68.8770444025451,8.18934078164596));
#6223=CARTESIAN_POINT('Ctrl Pts',(155.33342613098,-67.7399039136378,8.11787360657091));
#6224=CARTESIAN_POINT('Ctrl Pts',(156.697536425666,-67.7567760440582,8.04640643149587));
#6225=CARTESIAN_POINT('Ctrl Pts',(157.422833659675,-68.912209074233,7.97493925642083));
#6226=CARTESIAN_POINT('Ctrl Pts',(156.845081057812,-70.1480421923755,7.90347208134578));
#6227=CARTESIAN_POINT('Ctrl Pts',(155.493392074708,-70.3324831255153,7.83200490627074));
#6228=CARTESIAN_POINT('Ctrl Pts',(154.605661312871,-69.2966184338918,7.7605377311957));
#6229=CARTESIAN_POINT('Ctrl Pts',(154.994884315133,-67.9891066674545,7.68907055612066));
#6230=CARTESIAN_POINT('Ctrl Pts',(156.304605521307,-67.6073843508923,7.61760338104561));
#6231=CARTESIAN_POINT('Ctrl Pts',(157.335364972644,-68.5010378174796,7.54613620597057));
#6232=CARTESIAN_POINT('Ctrl Pts',(157.143179565601,-69.8516474332393,7.47466903089553));
#6233=CARTESIAN_POINT('Ctrl Pts',(155.904055231301,-70.4223070945156,7.40320185582048));
#6234=CARTESIAN_POINT('Ctrl Pts',(154.7527983819,-69.690399155242,7.33173468074544));
#6235=CARTESIAN_POINT('Ctrl Pts',(154.743745227718,-68.3262145616981,7.26026750567039));
#6236=CARTESIAN_POINT('Ctrl Pts',(155.885186766784,-67.5790915612789,7.18880033059536));
#6237=CARTESIAN_POINT('Ctrl Pts',(157.131775779473,-68.1332552539815,7.11733315552031));
#6238=CARTESIAN_POINT('Ctrl Pts',(157.34186960268,-69.4811952193781,7.04586598044527));
#6239=CARTESIAN_POINT('Ctrl Pts',(156.323061541513,-70.3884502548332,6.97439880537023));
#6240=CARTESIAN_POINT('Ctrl Pts',(155.008389458721,-70.024144230167,6.90293163029518));
#6241=CARTESIAN_POINT('Ctrl Pts',(154.601847391196,-68.7219134087738,6.83146445522014));
#6242=CARTESIAN_POINT('Ctrl Pts',(155.475751927522,-67.6743579562076,6.7599972801451));
#6243=CARTESIAN_POINT('Ctrl Pts',(156.829769764688,-67.8408429755086,6.68853010507006));
#6244=CARTESIAN_POINT('Ctrl Pts',(157.423873504706,-69.0688992897041,6.61706292999502));
#6245=CARTESIAN_POINT('Ctrl Pts',(156.713975105346,-70.233856725439,6.54559575491997));
#6246=CARTESIAN_POINT('Ctrl Pts',(155.350208884991,-70.2688318947342,6.47412857984493));
#6247=CARTESIAN_POINT('Ctrl Pts',(154.581529941199,-69.1417940760551,6.40266140476989));
#6248=CARTESIAN_POINT('Ctrl Pts',(155.111904587436,-67.884899372077,6.33119422969484));
#6249=CARTESIAN_POINT('Ctrl Pts',(156.455608733841,-67.6492285335344,6.2597270546198));
#6250=CARTESIAN_POINT('Ctrl Pts',(157.382060380109,-68.6506120242258,6.18825987954475));
#6251=CARTESIAN_POINT('Ctrl Pts',(157.042802921073,-69.9719696311592,6.11679270446972));
#6252=CARTESIAN_POINT('Ctrl Pts',(155.748532741739,-70.4031846298799,6.04532552939467));
#6253=CARTESIAN_POINT('Ctrl Pts',(154.684559695239,-69.5493446283572,5.97385835431963));
#6254=CARTESIAN_POINT('Ctrl Pts',(154.825284025069,-68.1924075796491,5.90239117924458));
#6255=CARTESIAN_POINT('Ctrl Pts',(156.041829174633,-67.5750743015426,5.83092400416954));
#6256=CARTESIAN_POINT('Ctrl Pts',(157.220065715309,-68.2627068215005,5.7594568290945));
#6257=CARTESIAN_POINT('Ctrl Pts',(157.280951845749,-69.6255620663971,5.68798965401946));
#6258=CARTESIAN_POINT('Ctrl Pts',(156.168721498765,-70.4155195145549,5.61652247894442));
#6259=CARTESIAN_POINT('Ctrl Pts',(154.901981833556,-69.9091251098536,5.54505530386937));
#6260=CARTESIAN_POINT('Ctrl Pts',(154.64080495671,-68.5701427827715,5.47358812879433));
#6261=CARTESIAN_POINT('Ctrl Pts',(155.624431589677,-67.6248276075138,5.40212095371928));
#6262=CARTESIAN_POINT('Ctrl Pts',(156.951936529178,-67.9389171038784,5.33065377864425));
#6263=CARTESIAN_POINT('Ctrl Pts',(157.407795400674,-69.2247527310263,5.2591866035692));
#6264=CARTESIAN_POINT('Ctrl Pts',(156.574065140988,-70.3047726512638,5.18771942849416));
#6265=CARTESIAN_POINT('Ctrl Pts',(155.215245275553,-70.1898323085685,5.11625225341911));
#6266=CARTESIAN_POINT('Ctrl Pts',(154.573764377578,-68.9853037687166,5.04478507834407));
#6267=CARTESIAN_POINT('Ctrl Pts',(155.241232102139,-67.7941485030773,4.97331790326903));
#6268=CARTESIAN_POINT('Ctrl Pts',(156.144787144239,-67.737397229704,4.92567311988567));
#6269=CARTESIAN_POINT('Ctrl Pts',(156.50849885024,-67.9065358139157,4.90185072819399));
#6270=CARTESIAN_POINT('Ctrl Pts',(155.03488048977,-69.8559464533333,10.0960328687314));
#6271=CARTESIAN_POINT('Ctrl Pts',(154.750172724532,-69.5349251816464,10.0722104770397));
#6272=CARTESIAN_POINT('Ctrl Pts',(154.531736921003,-68.5914201094741,10.0245656936564));
#6273=CARTESIAN_POINT('Ctrl Pts',(155.548323374306,-67.5426265409829,9.95309851858134));
#6274=CARTESIAN_POINT('Ctrl Pts',(156.979325397528,-67.8313938238696,9.8816313435063));
#6275=CARTESIAN_POINT('Ctrl Pts',(157.513112924664,-69.1889793278647,9.81016416843125));
#6276=CARTESIAN_POINT('Ctrl Pts',(156.661336623996,-70.3741679303718,9.73869699335622));
#6277=CARTESIAN_POINT('Ctrl Pts',(155.203820353737,-70.3005512588582,9.66722981828117));
#6278=CARTESIAN_POINT('Ctrl Pts',(154.475494042207,-69.0360286195207,9.59576264320613));
#6279=CARTESIAN_POINT('Ctrl Pts',(155.143312040699,-67.7384353746244,9.52429546813108));
#6280=CARTESIAN_POINT('Ctrl Pts',(156.595705012084,-67.5962358216715,9.45282829305605));
#6281=CARTESIAN_POINT('Ctrl Pts',(157.502539219783,-68.739604610944,9.381361117981));
#6282=CARTESIAN_POINT('Ctrl Pts',(157.033330236637,-70.1214553149327,9.30989394290596));
#6283=CARTESIAN_POINT('Ctrl Pts',(155.617782804661,-70.4762584115531,9.23842676783091));
#6284=CARTESIAN_POINT('Ctrl Pts',(154.552275397256,-69.4790865225411,9.16695959275587));
#6285=CARTESIAN_POINT('Ctrl Pts',(154.812613051174,-68.0431599406461,9.09549241768083));
#6286=CARTESIAN_POINT('Ctrl Pts',(156.160375447144,-67.4835205582488,9.02402524260579));
#6287=CARTESIAN_POINT('Ctrl Pts',(157.361263839932,-68.3126928375569,8.95255806753074));
#6288=CARTESIAN_POINT('Ctrl Pts',(157.31548887552,-69.7713101877071,8.8810908924557));
#6289=CARTESIAN_POINT('Ctrl Pts',(156.064971832405,-70.5235514424133,8.80962371738065));
#6290=CARTESIAN_POINT('Ctrl Pts',(154.754952733962,-69.8805042113168,8.73815654230562));
#6291=CARTESIAN_POINT('Ctrl Pts',(154.585164343852,-68.4310795960425,8.66668936723057));
#6292=CARTESIAN_POINT('Ctrl Pts',(155.71110111384,-67.5026797976441,8.59522219215554));
#6293=CARTESIAN_POINT('Ctrl Pts',(157.101615294332,-67.9455455908461,8.52375501708048));
#6294=CARTESIAN_POINT('Ctrl Pts',(157.483255655838,-69.3540946438486,8.45228784200545));
#6295=CARTESIAN_POINT('Ctrl Pts',(156.506510920135,-70.4383591500934,8.3808206669304));
#6296=CARTESIAN_POINT('Ctrl Pts',(155.06589680184,-70.205355371829,8.30935349185536));
#6297=CARTESIAN_POINT('Ctrl Pts',(154.480746715283,-68.8684712425817,8.23788631678031));
#6298=CARTESIAN_POINT('Ctrl Pts',(155.286948829215,-67.6520428846045,8.16641914170528));
#6299=CARTESIAN_POINT('Ctrl Pts',(156.746172612074,-67.670091435424,8.09495196663023));
#6300=CARTESIAN_POINT('Ctrl Pts',(157.522041673124,-68.9060877941488,8.02348479155519));
#6301=CARTESIAN_POINT('Ctrl Pts',(156.904004890812,-70.2280901898951,7.95201761648015));
#6302=CARTESIAN_POINT('Ctrl Pts',(155.458068503661,-70.4253913884994,7.8805504414051));
#6303=CARTESIAN_POINT('Ctrl Pts',(154.508440130139,-69.317300349433,7.80908326633006));
#6304=CARTESIAN_POINT('Ctrl Pts',(154.924801962426,-67.9186214644596,7.73761609125502));
#6305=CARTESIAN_POINT('Ctrl Pts',(156.325844341776,-67.5102833081206,7.66614891617997));
#6306=CARTESIAN_POINT('Ctrl Pts',(157.428474174316,-68.4662473508799,7.59468174110493));
#6307=CARTESIAN_POINT('Ctrl Pts',(157.222888513268,-69.9110291110873,7.52321456602989));
#6308=CARTESIAN_POINT('Ctrl Pts',(155.897365419151,-70.5214783928617,7.45174739095484));
#6309=CARTESIAN_POINT('Ctrl Pts',(154.665836428154,-69.7385376907709,7.3802802158798));
#6310=CARTESIAN_POINT('Ctrl Pts',(154.656152036837,-68.2792344285182,7.30881304080476));
#6311=CARTESIAN_POINT('Ctrl Pts',(155.877181338527,-67.4800177851287,7.23734586572971));
#6312=CARTESIAN_POINT('Ctrl Pts',(157.210689590646,-68.0728209060628,7.16587869065467));
#6313=CARTESIAN_POINT('Ctrl Pts',(157.435432343962,-69.5147468727782,7.09441151557963));
#6314=CARTESIAN_POINT('Ctrl Pts',(156.345587220138,-70.4852608627475,7.02294434050458));
#6315=CARTESIAN_POINT('Ctrl Pts',(154.93924876104,-70.0955533607204,6.95147716542955));
#6316=CARTESIAN_POINT('Ctrl Pts',(154.504360280265,-68.7025236381604,6.8800099903545));
#6317=CARTESIAN_POINT('Ctrl Pts',(155.439198385602,-67.5819266921494,6.80854281527946));
#6318=CARTESIAN_POINT('Ctrl Pts',(156.887626007696,-67.7600199890038,6.73707564020442));
#6319=CARTESIAN_POINT('Ctrl Pts',(157.523154022033,-69.073703338029,6.66560846512937));
#6320=CARTESIAN_POINT('Ctrl Pts',(156.763757489514,-70.3198881977607,6.59414129005433));
#6321=CARTESIAN_POINT('Ctrl Pts',(155.304901771796,-70.3573020337562,6.52267411497929));
#6322=CARTESIAN_POINT('Ctrl Pts',(154.482626182693,-69.1516807613388,6.45120693990425));
#6323=CARTESIAN_POINT('Ctrl Pts',(155.04998155024,-67.8071482468214,6.3797397648292));
#6324=CARTESIAN_POINT('Ctrl Pts',(156.487376352696,-67.5550451039397,6.30827258975416));
#6325=CARTESIAN_POINT('Ctrl Pts',(157.478425449802,-68.6262507176432,6.23680541467912));
#6326=CARTESIAN_POINT('Ctrl Pts',(157.115513041132,-70.0397408534547,6.16533823960407));
#6327=CARTESIAN_POINT('Ctrl Pts',(155.730999021637,-70.5010226017926,6.09387106452903));
#6328=CARTESIAN_POINT('Ctrl Pts',(154.59283975415,-69.5876480441551,6.02240388945399));
#6329=CARTESIAN_POINT('Ctrl Pts',(154.743376180504,-68.1360976665723,5.95093671437895));
#6330=CARTESIAN_POINT('Ctrl Pts',(156.044745741367,-67.475720419313,5.8794695393039));
#6331=CARTESIAN_POINT('Ctrl Pts',(157.305135600372,-68.2112985693338,5.80800236422886));
#6332=CARTESIAN_POINT('Ctrl Pts',(157.370267056333,-69.6691797932297,5.73653518915382));
#6333=CARTESIAN_POINT('Ctrl Pts',(156.180485716321,-70.5142175444205,5.66506801407877));
#6334=CARTESIAN_POINT('Ctrl Pts',(154.825421794171,-69.9725144565361,5.59360083900374));
#6335=CARTESIAN_POINT('Ctrl Pts',(154.546034187677,-68.5401707053626,5.52213366392869));
#6336=CARTESIAN_POINT('Ctrl Pts',(155.598244835064,-67.5289428072915,5.45066648885365));
#6337=CARTESIAN_POINT('Ctrl Pts',(157.018310930251,-67.8649324005278,5.3791993137786));
#6338=CARTESIAN_POINT('Ctrl Pts',(157.505954861615,-69.2404237631322,5.30773213870356));
#6339=CARTESIAN_POINT('Ctrl Pts',(156.614092210801,-70.3957487831914,5.23626496362852));
#6340=CARTESIAN_POINT('Ctrl Pts',(155.160527735855,-70.2727941494465,5.16479778855348));
#6341=CARTESIAN_POINT('Ctrl Pts',(154.474319160038,-68.984279064317,5.09333061347843));
#6342=CARTESIAN_POINT('Ctrl Pts',(155.18832651103,-67.7100697137473,5.02186343840339));
#6343=CARTESIAN_POINT('Ctrl Pts',(156.154882523172,-67.6493614204836,4.97421865502003));
#6344=CARTESIAN_POINT('Ctrl Pts',(156.543954267274,-67.8302933038087,4.95039626332835));
#6345=CARTESIAN_POINT('Ctrl Pts',(156.543954267274,-67.8302933038087,4.95039626332835));
#6346=CARTESIAN_POINT('Ctrl Pts',(156.493845955853,-67.8126008949136,4.95039626332835));
#6347=CARTESIAN_POINT('Ctrl Pts',(156.442682565601,-67.7983111735138,4.95039626332835));
#6348=CARTESIAN_POINT('Ctrl Pts',(156.390787023274,-67.7873520067751,4.95039626332835));
#6349=CARTESIAN_POINT('Ctrl Pts',(156.344434306568,-67.7775633596506,4.95039626332835));
#6350=CARTESIAN_POINT('Ctrl Pts',(156.297496724849,-67.770432714209,4.95039626332835));
#6351=CARTESIAN_POINT('Ctrl Pts',(156.250207145229,-67.7659437184777,4.95039626332835));
#6352=CARTESIAN_POINT('Ctrl Pts',(156.237148492738,-67.7647041169468,4.95039626332835));
#6353=CARTESIAN_POINT('Ctrl Pts',(156.224061632863,-67.763666192042,4.95039626332835));
#6354=CARTESIAN_POINT('Ctrl Pts',(156.210969830352,-67.7628307450373,4.95039626332835));
#6355=CARTESIAN_POINT('Ctrl Pts',(156.1586478147,-67.7594918410764,4.95039626332835));
#6356=CARTESIAN_POINT('Ctrl Pts',(156.106180136154,-67.7593757729132,4.95039626332835));
#6357=CARTESIAN_POINT('Ctrl Pts',(156.053884395128,-67.7624428734909,4.95039626332835));
#6358=CARTESIAN_POINT('Ctrl Pts',(156.023234028181,-67.7642404913528,4.95039626332835));
#6359=CARTESIAN_POINT('Ctrl Pts',(155.992642884961,-67.7671325284869,4.95039626332835));
#6360=CARTESIAN_POINT('Ctrl Pts',(155.962177982061,-67.7711187722942,4.95039626332835));
#6361=CARTESIAN_POINT('Ctrl Pts',(155.949998722661,-67.7727123929114,4.95039626332835));
#6362=CARTESIAN_POINT('Ctrl Pts',(155.937839674466,-67.7744809557246,4.95039626332835));
#6363=CARTESIAN_POINT('Ctrl Pts',(155.925705276651,-67.7764246887005,4.95039626332835));
#6364=CARTESIAN_POINT('Ctrl Pts',(155.915964382856,-67.7779850212999,4.95039626332835));
#6365=CARTESIAN_POINT('Ctrl Pts',(155.906249090928,-67.7796566808387,4.95039626332835));
#6366=CARTESIAN_POINT('Ctrl Pts',(155.896561507423,-67.7814391987832,4.95039626332835));
#6367=CARTESIAN_POINT('Ctrl Pts',(155.846765900355,-67.7906016037425,4.95039626332835));
#6368=CARTESIAN_POINT('Ctrl Pts',(155.79770046196,-67.80268929819,4.95039626332834));
#6369=CARTESIAN_POINT('Ctrl Pts',(155.749654335037,-67.8176683881508,4.95039626332834));
#6370=CARTESIAN_POINT('Ctrl Pts',(155.702542743178,-67.8323561229977,4.95039626332834));
#6371=CARTESIAN_POINT('Ctrl Pts',(155.656410300326,-67.8498243126973,4.95039626332835));
#6372=CARTESIAN_POINT('Ctrl Pts',(155.611555633169,-67.870082318081,4.95039626332835));
#6373=CARTESIAN_POINT('Ctrl Pts',(155.588071338077,-67.8806886831832,4.95039626332835));
#6374=CARTESIAN_POINT('Ctrl Pts',(155.564937822795,-67.8920604411253,4.95039626332835));
#6375=CARTESIAN_POINT('Ctrl Pts',(155.542202096571,-67.904202991734,4.95039626332835));
#6376=CARTESIAN_POINT('Ctrl Pts',(155.527835638667,-67.9118757372822,4.95039626332835));
#6377=CARTESIAN_POINT('Ctrl Pts',(155.513628073368,-67.9198563021208,4.95039626332835));
#6378=CARTESIAN_POINT('Ctrl Pts',(155.499591979379,-67.9281465819757,4.95039626332835));
#6379=CARTESIAN_POINT('Ctrl Pts',(155.491308334425,-67.9330392347998,4.95039626332835));
#6380=CARTESIAN_POINT('Ctrl Pts',(155.483083872867,-67.9380402552617,4.95039626332835));
#6381=CARTESIAN_POINT('Ctrl Pts',(155.474934760773,-67.9431412325488,4.95039626332835));
#6382=CARTESIAN_POINT('Ctrl Pts',(155.441019204538,-67.96437084383,4.95039626332835));
#6383=CARTESIAN_POINT('Ctrl Pts',(155.408349486061,-67.9873637807126,4.95039626332835));
#6384=CARTESIAN_POINT('Ctrl Pts',(155.377082221258,-68.012117044987,4.95039626332835));
#6385=CARTESIAN_POINT('Ctrl Pts',(155.338669962719,-68.0425267655997,4.95039626332835));
#6386=CARTESIAN_POINT('Ctrl Pts',(155.302372781211,-68.0755931354106,4.95039626332835));
#6387=CARTESIAN_POINT('Ctrl Pts',(155.26832628245,-68.1110139337589,4.95039626332835));
#6388=CARTESIAN_POINT('Ctrl Pts',(155.240655714994,-68.1398014339634,4.95039626332835));
#6389=CARTESIAN_POINT('Ctrl Pts',(155.21447248424,-68.1701450849547,4.95039626332835));
#6390=CARTESIAN_POINT('Ctrl Pts',(155.189872970453,-68.2018919675487,4.95039626332835));
#6391=CARTESIAN_POINT('Ctrl Pts',(155.18154449507,-68.2126402747078,4.95039626332835));
#6392=CARTESIAN_POINT('Ctrl Pts',(155.173397742888,-68.2235494632195,4.95039626332835));
#6393=CARTESIAN_POINT('Ctrl Pts',(155.165437054048,-68.2346136635975,4.95039626332835));
#6394=CARTESIAN_POINT('Ctrl Pts',(155.160212085212,-68.2418756108151,4.95039626332835));
#6395=CARTESIAN_POINT('Ctrl Pts',(155.155073322828,-68.2491959318586,4.95039626332834));
#6396=CARTESIAN_POINT('Ctrl Pts',(155.150021452458,-68.2565725916983,4.95039626332834));
#6397=CARTESIAN_POINT('Ctrl Pts',(155.122893047857,-68.2961850516585,4.95039626332834));
#6398=CARTESIAN_POINT('Ctrl Pts',(155.098265776041,-68.3374213707719,4.95039626332834));
#6399=CARTESIAN_POINT('Ctrl Pts',(155.076263249009,-68.3799954662201,4.95039626332834));
#6400=CARTESIAN_POINT('Ctrl Pts',(155.054479944224,-68.4221453745325,4.95039626332834));
#6401=CARTESIAN_POINT('Ctrl Pts',(155.035269082476,-68.4656077418715,4.95039626332835));
#6402=CARTESIAN_POINT('Ctrl Pts',(155.018800191761,-68.5101145804578,4.95039626332835));
#6403=CARTESIAN_POINT('Ctrl Pts',(155.010813841466,-68.5316975279452,4.95039626332835));
#6404=CARTESIAN_POINT('Ctrl Pts',(155.003473071091,-68.5535261285313,4.95039626332834));
#6405=CARTESIAN_POINT('Ctrl Pts',(154.996801748502,-68.5755693853917,4.95039626332834));
#6406=CARTESIAN_POINT('Ctrl Pts',(154.992194261767,-68.5907933551843,4.95039626332834));
#6407=CARTESIAN_POINT('Ctrl Pts',(154.987906153709,-68.6061197038662,4.95039626332835));
#6408=CARTESIAN_POINT('Ctrl Pts',(154.983946156463,-68.6215379852445,4.95039626332835));
#6409=CARTESIAN_POINT('Ctrl Pts',(154.981736816514,-68.6301400682433,4.95039626332835));
#6410=CARTESIAN_POINT('Ctrl Pts',(154.979632022761,-68.6387614586761,4.95039626332835));
#6411=CARTESIAN_POINT('Ctrl Pts',(154.977633008957,-68.6473987212665,4.95039626332835));
#6412=CARTESIAN_POINT('Ctrl Pts',(154.967344077456,-68.6918547440165,4.95039626332835));
#6413=CARTESIAN_POINT('Ctrl Pts',(154.95984969999,-68.7367454373452,4.95039626332835));
#6414=CARTESIAN_POINT('Ctrl Pts',(154.955291403145,-68.781824530953,4.95039626332835));
#6415=CARTESIAN_POINT('Ctrl Pts',(154.950895203316,-68.8253005726224,4.95039626332835));
#6416=CARTESIAN_POINT('Ctrl Pts',(154.949230050139,-68.868952726514,4.95039626332834));
#6417=CARTESIAN_POINT('Ctrl Pts',(154.950469834216,-68.9125512266917,4.95039626332834));
#6418=CARTESIAN_POINT('Ctrl Pts',(154.951197592594,-68.9381437265441,4.95039626332834));
#6419=CARTESIAN_POINT('Ctrl Pts',(154.952927200348,-68.9637175053778,4.95039626332835));
#6420=CARTESIAN_POINT('Ctrl Pts',(154.955701651494,-68.9892228477381,4.95039626332835));
#6421=CARTESIAN_POINT('Ctrl Pts',(154.957118848373,-69.0022510431132,4.95039626332835));
#6422=CARTESIAN_POINT('Ctrl Pts',(154.958808774102,-69.0152613351221,4.95039626332835));
#6423=CARTESIAN_POINT('Ctrl Pts',(154.960768317881,-69.0282466812034,4.95039626332835));
#6424=CARTESIAN_POINT('Ctrl Pts',(155.223602502526,-69.6885724278656,9.95039626332835));
#6425=CARTESIAN_POINT('Ctrl Pts',(155.191129840761,-69.6597274665253,9.95039626332835));
#6426=CARTESIAN_POINT('Ctrl Pts',(155.16076090276,-69.6288043121775,9.95039626332835));
#6427=CARTESIAN_POINT('Ctrl Pts',(155.132501901632,-69.5961071630003,9.95039626332835));
#6428=CARTESIAN_POINT('Ctrl Pts',(155.102946389604,-69.5619098825856,9.95039626332835));
#6429=CARTESIAN_POINT('Ctrl Pts',(155.075698196814,-69.5257716412368,9.95039626332834));
#6430=CARTESIAN_POINT('Ctrl Pts',(155.050790456053,-69.487989715534,9.95039626332834));
#6431=CARTESIAN_POINT('Ctrl Pts',(155.031602742021,-69.4588843545568,9.95039626332834));
#6432=CARTESIAN_POINT('Ctrl Pts',(155.013804412345,-69.428802392709,9.95039626332835));
#6433=CARTESIAN_POINT('Ctrl Pts',(154.997424232834,-69.3978637224317,9.95039626332835));
#6434=CARTESIAN_POINT('Ctrl Pts',(154.992301005837,-69.3881870378331,9.95039626332835));
#6435=CARTESIAN_POINT('Ctrl Pts',(154.987316606427,-69.3784264606274,9.95039626332834));
#6436=CARTESIAN_POINT('Ctrl Pts',(154.982472190692,-69.3685854460712,9.95039626332834));
#6437=CARTESIAN_POINT('Ctrl Pts',(154.978614342986,-69.3607485597458,9.95039626332834));
#6438=CARTESIAN_POINT('Ctrl Pts',(154.974845954104,-69.3528618272539,9.95039626332834));
#6439=CARTESIAN_POINT('Ctrl Pts',(154.971172586089,-69.344938470639,9.95039626332834));
#6440=CARTESIAN_POINT('Ctrl Pts',(154.951403640246,-69.3022973829002,9.95039626332834));
#6441=CARTESIAN_POINT('Ctrl Pts',(154.934340994669,-69.2585125176883,9.95039626332834));
#6442=CARTESIAN_POINT('Ctrl Pts',(154.920014407684,-69.213898999256,9.95039626332834));
#6443=CARTESIAN_POINT('Ctrl Pts',(154.905399289696,-69.168386984673,9.95039626332834));
#6444=CARTESIAN_POINT('Ctrl Pts',(154.893630880262,-69.122011656242,9.95039626332834));
#6445=CARTESIAN_POINT('Ctrl Pts',(154.8847803296,-69.0750715238491,9.95039626332834));
#6446=CARTESIAN_POINT('Ctrl Pts',(154.87874439879,-69.0430591212164,9.95039626332834));
#6447=CARTESIAN_POINT('Ctrl Pts',(154.874066395751,-69.0107832704286,9.95039626332834));
#6448=CARTESIAN_POINT('Ctrl Pts',(154.870781561532,-68.9783329526209,9.95039626332834));
#6449=CARTESIAN_POINT('Ctrl Pts',(154.86986029528,-68.969231920212,9.95039626332834));
#6450=CARTESIAN_POINT('Ctrl Pts',(154.869048680463,-68.9601171472494,9.95039626332834));
#6451=CARTESIAN_POINT('Ctrl Pts',(154.868347656456,-68.9509905645488,9.95039626332834));
#6452=CARTESIAN_POINT('Ctrl Pts',(154.867658179738,-68.9420143151971,9.95039626332834));
#6453=CARTESIAN_POINT('Ctrl Pts',(154.867076375353,-68.9330353810622,9.95039626332834));
#6454=CARTESIAN_POINT('Ctrl Pts',(154.866602659522,-68.9240584903486,9.95039626332834));
#6455=CARTESIAN_POINT('Ctrl Pts',(154.864006401627,-68.874859536302,9.95039626332834));
#6456=CARTESIAN_POINT('Ctrl Pts',(154.864651136559,-68.8256977183696,9.95039626332834));
#6457=CARTESIAN_POINT('Ctrl Pts',(154.868597024299,-68.7768904316059,9.95039626332834));
#6458=CARTESIAN_POINT('Ctrl Pts',(154.871029423296,-68.7468037177394,9.95039626332834));
#6459=CARTESIAN_POINT('Ctrl Pts',(154.874717105472,-68.7168511344039,9.95039626332834));
#6460=CARTESIAN_POINT('Ctrl Pts',(154.879683451535,-68.687103644938,9.95039626332834));
#6461=CARTESIAN_POINT('Ctrl Pts',(154.887530887337,-68.6400989636456,9.95039626332834));
#6462=CARTESIAN_POINT('Ctrl Pts',(154.898568062227,-68.593605886636,9.95039626332834));
#6463=CARTESIAN_POINT('Ctrl Pts',(154.912584836145,-68.5478180860511,9.95039626332834));
#6464=CARTESIAN_POINT('Ctrl Pts',(154.915622585863,-68.5378948412916,9.95039626332834));
#6465=CARTESIAN_POINT('Ctrl Pts',(154.918800475986,-68.5280047396089,9.95039626332834));
#6466=CARTESIAN_POINT('Ctrl Pts',(154.922116679366,-68.5181497962429,9.95039626332834));
#6467=CARTESIAN_POINT('Ctrl Pts',(154.925004183384,-68.5095688422702,9.95039626332834));
#6468=CARTESIAN_POINT('Ctrl Pts',(154.927996306864,-68.5010155895258,9.95039626332834));
#6469=CARTESIAN_POINT('Ctrl Pts',(154.931087210302,-68.4925032225082,9.95039626332834));
#6470=CARTESIAN_POINT('Ctrl Pts',(154.94787257097,-68.4462762363267,9.95039626332834));
#6471=CARTESIAN_POINT('Ctrl Pts',(154.967597564749,-68.4011614426413,9.95039626332834));
#6472=CARTESIAN_POINT('Ctrl Pts',(154.989992524165,-68.3573590710258,9.95039626332834));
#6473=CARTESIAN_POINT('Ctrl Pts',(155.012947331648,-68.3124616908132,9.95039626332834));
#6474=CARTESIAN_POINT('Ctrl Pts',(155.038707595185,-68.2689422242881,9.95039626332834));
#6475=CARTESIAN_POINT('Ctrl Pts',(155.067038535947,-68.2270202587342,9.95039626332834));
#6476=CARTESIAN_POINT('Ctrl Pts',(155.083967080879,-68.2019706889556,9.95039626332834));
#6477=CARTESIAN_POINT('Ctrl Pts',(155.10181449987,-68.1774916320696,9.95039626332834));
#6478=CARTESIAN_POINT('Ctrl Pts',(155.120539003932,-68.153632797607,9.95039626332834));
#6479=CARTESIAN_POINT('Ctrl Pts',(155.130687657418,-68.1407013446437,9.95039626332834));
#6480=CARTESIAN_POINT('Ctrl Pts',(155.141094066532,-68.1279521373834,9.95039626332834));
#6481=CARTESIAN_POINT('Ctrl Pts',(155.151752251229,-68.1153935037464,9.95039626332834));
#6482=CARTESIAN_POINT('Ctrl Pts',(155.158274673754,-68.1077080753877,9.95039626332834));
#6483=CARTESIAN_POINT('Ctrl Pts',(155.164890676557,-68.1000950203375,9.95039626332834));
#6484=CARTESIAN_POINT('Ctrl Pts',(155.171590375493,-68.0925654017003,9.95039626332834));
#6485=CARTESIAN_POINT('Ctrl Pts',(155.206566953768,-68.0532561285267,9.95039626332834));
#6486=CARTESIAN_POINT('Ctrl Pts',(155.243878866341,-68.0161500329519,9.95039626332834));
#6487=CARTESIAN_POINT('Ctrl Pts',(155.283280300109,-67.9814872576102,9.95039626332834));
#6488=CARTESIAN_POINT('Ctrl Pts',(155.310167959424,-67.9578332733461,9.95039626332834));
#6489=CARTESIAN_POINT('Ctrl Pts',(155.338029772852,-67.9353173331772,9.95039626332834));
#6490=CARTESIAN_POINT('Ctrl Pts',(155.366799609495,-67.9140228523503,9.95039626332834));
#6491=CARTESIAN_POINT('Ctrl Pts',(155.379767317093,-67.9044245844055,9.95039626332834));
#6492=CARTESIAN_POINT('Ctrl Pts',(155.392923508616,-67.895072165805,9.95039626332834));
#6493=CARTESIAN_POINT('Ctrl Pts',(155.406238157378,-67.8859897683117,9.95039626332834));
#6494=CARTESIAN_POINT('Ctrl Pts',(155.450116714828,-67.8560586370205,9.95039626332834));
#6495=CARTESIAN_POINT('Ctrl Pts',(155.495756499071,-67.8290232026899,9.95039626332834));
#6496=CARTESIAN_POINT('Ctrl Pts',(155.542930061915,-67.8051371103682,9.95039626332834));
#6497=CARTESIAN_POINT('Ctrl Pts',(155.567796523413,-67.7925461047447,9.95039626332834));
#6498=CARTESIAN_POINT('Ctrl Pts',(155.593089861695,-67.7808306841158,9.95039626332834));
#6499=CARTESIAN_POINT('Ctrl Pts',(155.618780831393,-67.7700322314601,9.95039626332834));
#6500=CARTESIAN_POINT('Ctrl Pts',(155.633705948744,-67.7637588920342,9.95039626332834));
#6501=CARTESIAN_POINT('Ctrl Pts',(155.648765314742,-67.7577950905922,9.95039626332834));
#6502=CARTESIAN_POINT('Ctrl Pts',(155.663950113314,-67.7521383421698,9.95039626332834));
#6503=CARTESIAN_POINT('Ctrl Pts',(157.038429656187,-68.9991379731233,9.22343473910128));
#6504=CARTESIAN_POINT('Ctrl Pts',(157.038958272099,-68.9398875944636,9.22753133026016));
#6505=CARTESIAN_POINT('Ctrl Pts',(157.034324066016,-68.8807199087477,9.23162792141904));
#6506=CARTESIAN_POINT('Ctrl Pts',(157.024234060811,-68.8224977670594,9.23572451257792));
#6507=CARTESIAN_POINT('Ctrl Pts',(156.965558921692,-68.4839258640708,9.2595469042696));
#6508=CARTESIAN_POINT('Ctrl Pts',(156.722389102819,-68.1773287165081,9.28336929596128));
#6509=CARTESIAN_POINT('Ctrl Pts',(156.406072823091,-68.0430957223233,9.30719168765296));
#6510=CARTESIAN_POINT('Ctrl Pts',(156.089756543363,-67.9088627281384,9.33101407934464));
#6511=CARTESIAN_POINT('Ctrl Pts',(155.700293802781,-67.9469938873314,9.35483647103632));
#6512=CARTESIAN_POINT('Ctrl Pts',(155.416023914668,-68.1400358738906,9.378658862728));
#6513=CARTESIAN_POINT('Ctrl Pts',(155.131754026556,-68.3330778604497,9.40248125441968));
#6514=CARTESIAN_POINT('Ctrl Pts',(154.952676990913,-68.6810306743751,9.42630364611136));
#6515=CARTESIAN_POINT('Ctrl Pts',(154.960789717251,-69.0245495062696,9.45012603780304));
#6516=CARTESIAN_POINT('Ctrl Pts',(154.968902443589,-69.3680683381642,9.47394842949473));
#6517=CARTESIAN_POINT('Ctrl Pts',(155.164204931907,-69.7071531880279,9.49777082118641));
#6518=CARTESIAN_POINT('Ctrl Pts',(155.457274458942,-69.8865658585493,9.52159321287809));
#6519=CARTESIAN_POINT('Ctrl Pts',(155.750343985978,-70.0659785290707,9.54541560456977));
#6520=CARTESIAN_POINT('Ctrl Pts',(156.14118055173,-70.0857190202498,9.56923799626145));
#6521=CARTESIAN_POINT('Ctrl Pts',(156.45080178758,-69.9366836492694,9.59306038795313));
#6522=CARTESIAN_POINT('Ctrl Pts',(156.76042302343,-69.7876482782889,9.61688277964481));
#6523=CARTESIAN_POINT('Ctrl Pts',(156.988828929378,-69.469837045149,9.64070517133649));
#6524=CARTESIAN_POINT('Ctrl Pts',(157.031463664486,-69.1289114858438,9.66452756302818));
#6525=CARTESIAN_POINT('Ctrl Pts',(157.036777363985,-69.0864208741557,9.66749662171921));
#6526=CARTESIAN_POINT('Ctrl Pts',(157.039205403472,-69.0435712181315,9.67046568041025));
#6527=CARTESIAN_POINT('Ctrl Pts',(157.038874543068,-69.0006846981619,9.67343473910128));
#6528=CARTESIAN_POINT('Ctrl Pts',(156.335179827523,-67.754305622064,9.95039626332835));
#6529=CARTESIAN_POINT('Ctrl Pts',(156.749526847866,-67.8657942546476,9.92657387163666));
#6530=CARTESIAN_POINT('Ctrl Pts',(157.450929155806,-68.5335898443991,9.87892908825331));
#6531=CARTESIAN_POINT('Ctrl Pts',(157.178844565251,-69.9686457836985,9.80746191317826));
#6532=CARTESIAN_POINT('Ctrl Pts',(155.824936752912,-70.5146192877763,9.73599473810322));
#6533=CARTESIAN_POINT('Ctrl Pts',(154.632408037462,-69.6744747305024,9.66452756302818));
#6534=CARTESIAN_POINT('Ctrl Pts',(154.691830220984,-68.2161661608879,9.59306038795313));
#6535=CARTESIAN_POINT('Ctrl Pts',(155.949535958302,-67.4759301084563,9.52159321287809));
#6536=CARTESIAN_POINT('Ctrl Pts',(157.253339659239,-68.1313480484323,9.45012603780304));
#6537=CARTESIAN_POINT('Ctrl Pts',(157.409375015613,-69.582341537198,9.37865886272801));
#6538=CARTESIAN_POINT('Ctrl Pts',(156.274658867169,-70.4999936255369,9.30719168765296));
#6539=CARTESIAN_POINT('Ctrl Pts',(154.888419634634,-70.0439439619072,9.23572451257792));
#6540=CARTESIAN_POINT('Ctrl Pts',(154.520174043866,-68.6318307733128,9.16425733750287));
#6541=CARTESIAN_POINT('Ctrl Pts',(155.507175629044,-67.5568946467694,9.09279016242784));
#6542=CARTESIAN_POINT('Ctrl Pts',(156.94551080955,-67.8035720793534,9.02132298735278));
#6543=CARTESIAN_POINT('Ctrl Pts',(157.517935422592,-69.1459546404939,8.94985581227775));
#6544=CARTESIAN_POINT('Ctrl Pts',(156.700214411125,-70.3546697009323,8.8783886372027));
#6545=CARTESIAN_POINT('Ctrl Pts',(155.241227968037,-70.3227605300286,8.80692146212766));
#6546=CARTESIAN_POINT('Ctrl Pts',(154.477134883011,-69.0794497424551,8.73545428705262));
#6547=CARTESIAN_POINT('Ctrl Pts',(155.107701799988,-67.7633778678234,8.66398711197757));
#6548=CARTESIAN_POINT('Ctrl Pts',(156.555447161693,-67.5798208386874,8.59251993690253));
#6549=CARTESIAN_POINT('Ctrl Pts',(157.494506693918,-68.6968826289604,8.52105276182749));
#6550=CARTESIAN_POINT('Ctrl Pts',(157.064877275759,-70.0915433024958,8.44958558675244));
#6551=CARTESIAN_POINT('Ctrl Pts',(155.660019202398,-70.4865542216136,8.37811841167741));
#6552=CARTESIAN_POINT('Ctrl Pts',(154.566520027602,-69.5201591727125,8.30665123660236));
#6553=CARTESIAN_POINT('Ctrl Pts',(154.785820722788,-68.0773954918236,8.23518406152732));
#6554=CARTESIAN_POINT('Ctrl Pts',(156.117082817542,-67.4795651905163,8.16371688645228));
#6555=CARTESIAN_POINT('Ctrl Pts',(157.341118923517,-68.2741691457508,8.09224971137723));
#6556=CARTESIAN_POINT('Ctrl Pts',(157.336940626943,-69.7334985725805,8.02078253630219));
#6557=CARTESIAN_POINT('Ctrl Pts',(156.108374467021,-70.5210803301877,7.94931536122715));
#6558=CARTESIAN_POINT('Ctrl Pts',(154.780557540489,-69.9156366549665,7.8778481861521));
#6559=CARTESIAN_POINT('Ctrl Pts',(154.56952210554,-68.4716408518495,7.80638101107706));
#6560=CARTESIAN_POINT('Ctrl Pts',(155.668537197518,-67.5115233268377,7.73491383600201));
#6561=CARTESIAN_POINT('Ctrl Pts',(157.071110296742,-67.9145723754257,7.66344666092698));
#6562=CARTESIAN_POINT('Ctrl Pts',(157.492746455882,-69.3116703618014,7.59197948585193));
#6563=CARTESIAN_POINT('Ctrl Pts',(156.547305718082,-70.4233365192149,7.5205123107769));
#6564=CARTESIAN_POINT('Ctrl Pts',(155.100635183482,-70.2314923153582,7.44904513570184));
#6565=CARTESIAN_POINT('Ctrl Pts',(154.477614812471,-68.9118312029752,7.37757796062681));
#6566=CARTESIAN_POINT('Ctrl Pts',(155.248814879844,-67.6729162380499,7.30611078555176));
#6567=CARTESIAN_POINT('Ctrl Pts',(156.707960190057,-67.6493620895036,7.23464361047672));
#6568=CARTESIAN_POINT('Ctrl Pts',(157.518746218647,-68.8627399573066,7.16317643540168));
#6569=CARTESIAN_POINT('Ctrl Pts',(156.938644424562,-70.2018223829731,7.09170926032663));
#6570=CARTESIAN_POINT('Ctrl Pts',(155.498919683655,-70.4402600156043,7.02024208525159));
#6571=CARTESIAN_POINT('Ctrl Pts',(154.518090906822,-69.3596885257126,6.94877491017655));
#6572=CARTESIAN_POINT('Ctrl Pts',(154.894414027194,-67.9497095388842,6.87730773510151));
#6573=CARTESIAN_POINT('Ctrl Pts',(156.283247366605,-67.5016004120071,6.80584056002646));
#6574=CARTESIAN_POINT('Ctrl Pts',(157.412679031003,-68.4257453950453,6.73437338495142));
#6575=CARTESIAN_POINT('Ctrl Pts',(157.24836060246,-69.8758003209754,6.66290620987637));
#6576=CARTESIAN_POINT('Ctrl Pts',(155.940777065474,-70.5237857592456,6.59143903480134));
#6577=CARTESIAN_POINT('Ctrl Pts',(154.68743067333,-69.7762680969886,6.51997185972629));
#6578=CARTESIAN_POINT('Ctrl Pts',(154.636152586007,-68.3178338709909,6.44850468465125));
#6579=CARTESIAN_POINT('Ctrl Pts',(155.833903953118,-67.4841363848466,6.37703750957621));
#6580=CARTESIAN_POINT('Ctrl Pts',(157.183768270061,-68.0386867958619,6.30557033450116));
#6581=CARTESIAN_POINT('Ctrl Pts',(157.449521990987,-69.4736205194419,6.23410315942612));
#6582=CARTESIAN_POINT('Ctrl Pts',(156.387784345497,-70.4748063266227,6.16263598435107));
#6583=CARTESIAN_POINT('Ctrl Pts',(154.970908690328,-70.1253450368182,6.09116880927604));
#6584=CARTESIAN_POINT('Ctrl Pts',(154.496488412484,-68.7452779312203,6.01970163420099));
#6585=CARTESIAN_POINT('Ctrl Pts',(155.399003922846,-67.5984886259698,5.94823445912595));
#6586=CARTESIAN_POINT('Ctrl Pts',(156.851919482526,-67.7352219896501,5.8767672840509));
#6587=CARTESIAN_POINT('Ctrl Pts',(157.524636121308,-69.0302556084532,5.80530010897586));
#6588=CARTESIAN_POINT('Ctrl Pts',(156.801070513152,-70.2975810160591,5.73383293390082));
#6589=CARTESIAN_POINT('Ctrl Pts',(155.343874737393,-70.3765640416998,5.66236575882578));
#6590=CARTESIAN_POINT('Ctrl Pts',(154.487565520502,-69.1948727409122,5.59089858375074));
#6591=CARTESIAN_POINT('Ctrl Pts',(155.016367101474,-67.8347119561213,5.51943140867569));
#6592=CARTESIAN_POINT('Ctrl Pts',(156.445985710471,-67.5417424383801,5.44796423360066));
#6593=CARTESIAN_POINT('Ctrl Pts',(157.467179172547,-68.5842538319796,5.3764970585256));
#6594=CARTESIAN_POINT('Ctrl Pts',(157.144680577544,-70.0075330713067,5.30502988345057));
#6595=CARTESIAN_POINT('Ctrl Pts',(155.773930755683,-70.5080544919163,5.23356270837551));
#6596=CARTESIAN_POINT('Ctrl Pts',(154.610088625155,-69.6275747191731,5.16209553330048));
#6597=CARTESIAN_POINT('Ctrl Pts',(154.719414668551,-68.1721563269777,5.09062835822543));
#6598=CARTESIAN_POINT('Ctrl Pts',(156.00095879433,-67.47529746898,5.01916118315039));
#6599=CARTESIAN_POINT('Ctrl Pts',(157.282785981968,-68.1739193212735,4.94769400807535));
#6600=CARTESIAN_POINT('Ctrl Pts',(157.387384861335,-69.6307908488183,4.87622683300031));
#6601=CARTESIAN_POINT('Ctrl Pts',(156.613579960359,-70.2131499498034,4.82858204961694));
#6602=CARTESIAN_POINT('Ctrl Pts',(156.189132663,-70.2760598872258,4.80475965792526));
#6603=CARTESIAN_POINT('Ctrl Pts',(156.313332511892,-67.8355010760263,9.99894179846271));
#6604=CARTESIAN_POINT('Ctrl Pts',(156.700672029423,-67.9397227815895,9.97511940677103));
#6605=CARTESIAN_POINT('Ctrl Pts',(157.356356318712,-68.5639908681072,9.92747462338767));
#6606=CARTESIAN_POINT('Ctrl Pts',(157.10200644081,-69.9055086005104,9.85600744831262));
#6607=CARTESIAN_POINT('Ctrl Pts',(155.836347529159,-70.4158950719258,9.78454027323757));
#6608=CARTESIAN_POINT('Ctrl Pts',(154.721548883082,-69.6305118750064,9.71307309816254));
#6609=CARTESIAN_POINT('Ctrl Pts',(154.777097876477,-68.2672571391608,9.64160592308749));
#6610=CARTESIAN_POINT('Ctrl Pts',(155.952825248875,-67.5752703229632,9.57013874801246));
#6611=CARTESIAN_POINT('Ctrl Pts',(157.171645879124,-68.1879675457923,9.4986715729374));
#6612=CARTESIAN_POINT('Ctrl Pts',(157.317510713885,-69.5443840041855,9.42720439786237));
#6613=CARTESIAN_POINT('Ctrl Pts',(156.256756360905,-70.4022227232006,9.35573722278732));
#6614=CARTESIAN_POINT('Ctrl Pts',(154.960873419431,-69.9758987773099,9.28427004771228));
#6615=CARTESIAN_POINT('Ctrl Pts',(154.616630399793,-68.6558283669645,9.21280287263724));
#6616=CARTESIAN_POINT('Ctrl Pts',(155.539298354515,-67.6509575215374,9.14133569756219));
#6617=CARTESIAN_POINT('Ctrl Pts',(156.883881584302,-67.8815563023465,9.06986852248715));
#6618=CARTESIAN_POINT('Ctrl Pts',(157.41899505816,-69.1364411887975,8.99840134741211));
#6619=CARTESIAN_POINT('Ctrl Pts',(156.654573820632,-70.2663711396765,8.92693417233706));
#6620=CARTESIAN_POINT('Ctrl Pts',(155.290685395702,-70.236541836566,8.85546699726203));
#6621=CARTESIAN_POINT('Ctrl Pts',(154.576396569254,-69.0742711384411,8.78399982218697));
#6622=CARTESIAN_POINT('Ctrl Pts',(155.165862580596,-67.8439819848367,8.71253264711194));
#6623=CARTESIAN_POINT('Ctrl Pts',(156.519242627704,-67.6723893641243,8.64106547203689));
#6624=CARTESIAN_POINT('Ctrl Pts',(157.397093434605,-68.7166400855095,8.56959829696185));
#6625=CARTESIAN_POINT('Ctrl Pts',(156.995467639375,-70.0203955510605,8.49813112188681));
#6626=CARTESIAN_POINT('Ctrl Pts',(155.682179449476,-70.3896593114323,8.42666394681176));
#6627=CARTESIAN_POINT('Ctrl Pts',(154.659955511592,-69.4862547408477,8.35519677173672));
#6628=CARTESIAN_POINT('Ctrl Pts',(154.864961994798,-68.1375316642235,8.28372959666168));
#6629=CARTESIAN_POINT('Ctrl Pts',(156.109451256631,-67.5786684671808,8.21226242158664));
#6630=CARTESIAN_POINT('Ctrl Pts',(157.253703613838,-68.3214794385117,8.14079524651159));
#6631=CARTESIAN_POINT('Ctrl Pts',(157.249797662305,-69.6856884912023,8.06932807143655));
#6632=CARTESIAN_POINT('Ctrl Pts',(156.101310524048,-70.4219349779164,7.99786089636151));
#6633=CARTESIAN_POINT('Ctrl Pts',(154.860041871345,-69.8559546533606,7.92639372128646));
#6634=CARTESIAN_POINT('Ctrl Pts',(154.662761911452,-68.5060797653174,7.85492654621142));
#6635=CARTESIAN_POINT('Ctrl Pts',(155.690142234192,-67.6085435441001,7.78345937113638));
#6636=CARTESIAN_POINT('Ctrl Pts',(157.001294386573,-67.9853215016011,7.71199219606134));
#6637=CARTESIAN_POINT('Ctrl Pts',(157.395447930431,-69.2913554138004,7.6405250209863));
#6638=CARTESIAN_POINT('Ctrl Pts',(156.51163185054,-70.3305621944159,7.56905784591125));
#6639=CARTESIAN_POINT('Ctrl Pts',(155.159256572363,-70.1512225643119,7.49759067083621));
#6640=CARTESIAN_POINT('Ctrl Pts',(154.576845216491,-68.9175781226262,7.42612349576116));
#6641=CARTESIAN_POINT('Ctrl Pts',(155.297777785931,-67.7594167235672,7.35465632068613));
#6642=CARTESIAN_POINT('Ctrl Pts',(156.661814722889,-67.7373978551167,7.28318914561108));
#6643=CARTESIAN_POINT('Ctrl Pts',(157.419753005817,-68.8716866874797,7.21172197053604));
#6644=CARTESIAN_POINT('Ctrl Pts',(156.87746275632,-70.1234865441862,7.140254795461));
#6645=CARTESIAN_POINT('Ctrl Pts',(155.5315805389,-70.3463826024426,7.06878762038595));
#6646=CARTESIAN_POINT('Ctrl Pts',(154.614683043451,-69.3362437116012,6.99732044531092));
#6647=CARTESIAN_POINT('Ctrl Pts',(154.966477092217,-68.0181683938756,6.92585327023586));
#6648=CARTESIAN_POINT('Ctrl Pts',(156.264785054402,-67.5992674135759,6.85438609516083));
#6649=CARTESIAN_POINT('Ctrl Pts',(157.320599370649,-68.4631758147093,6.78291892008578));
#6650=CARTESIAN_POINT('Ctrl Pts',(157.166991361641,-69.8187148866174,6.71145174501074));
#6651=CARTESIAN_POINT('Ctrl Pts',(155.944637268377,-70.4244640647314,6.6399845699357));
#6652=CARTESIAN_POINT('Ctrl Pts',(154.772985095204,-69.7256702604342,6.56851739486065));
#6653=CARTESIAN_POINT('Ctrl Pts',(154.725049358664,-68.3622980585988,6.49705021978561));
#6654=CARTESIAN_POINT('Ctrl Pts',(155.844730239378,-67.5829417070488,6.42558304471056));
#6655=CARTESIAN_POINT('Ctrl Pts',(157.106609214215,-68.1013460350722,6.35411586963552));
#6656=CARTESIAN_POINT('Ctrl Pts',(157.355040874132,-69.4427495178839,6.28264869456048));
#6657=CARTESIAN_POINT('Ctrl Pts',(156.362508221169,-70.378677154558,6.21118151948544));
#6658=CARTESIAN_POINT('Ctrl Pts',(155.037985766004,-70.0519940586432,6.1397143444104));
#6659=CARTESIAN_POINT('Ctrl Pts',(154.594488618673,-68.7618809394502,6.06824716933535));
#6660=CARTESIAN_POINT('Ctrl Pts',(155.438177375162,-67.689840368631,5.99677999426031));
#6661=CARTESIAN_POINT('Ctrl Pts',(156.796390622198,-67.8176613315392,5.92531281918526));
#6662=CARTESIAN_POINT('Ctrl Pts',(157.425258999447,-69.028283521313,5.85384564411023));
#6663=CARTESIAN_POINT('Ctrl Pts',(156.748856033322,-70.2130035454387,5.78237846903518));
#6664=CARTESIAN_POINT('Ctrl Pts',(155.386641558451,-70.2868383880774,5.71091129396013));
#6665=CARTESIAN_POINT('Ctrl Pts',(154.586147328629,-69.1821707644535,5.6394441188851));
#6666=CARTESIAN_POINT('Ctrl Pts',(155.080481157973,-67.9106664545887,5.56797694381005));
#6667=CARTESIAN_POINT('Ctrl Pts',(156.416915970041,-67.636792947403,5.49650976873501));
#6668=CARTESIAN_POINT('Ctrl Pts',(157.371547145086,-68.6113525324663,5.42504259365996));
#6669=CARTESIAN_POINT('Ctrl Pts',(157.070069291837,-69.9418611805478,5.35357541858493));
#6670=CARTESIAN_POINT('Ctrl Pts',(155.788666147642,-70.4097581752275,5.28210824350987));
#6671=CARTESIAN_POINT('Ctrl Pts',(154.700684269678,-69.5866688476197,5.21064106843484));
#6672=CARTESIAN_POINT('Ctrl Pts',(154.802884345517,-68.2261159048899,5.1391738933598));
#6673=CARTESIAN_POINT('Ctrl Pts',(156.000896299274,-67.5746789194838,5.06770671828475));
#6674=CARTESIAN_POINT('Ctrl Pts',(157.199172864668,-68.2277639856685,4.99623954320971));
#6675=CARTESIAN_POINT('Ctrl Pts',(157.296953897183,-69.5896753471092,4.92477236813467));
#6676=CARTESIAN_POINT('Ctrl Pts',(156.57358627948,-70.1340757702587,4.8771275847513));
#6677=CARTESIAN_POINT('Ctrl Pts',(156.176804829862,-70.1928851826902,4.85330519305962));
#6678=CARTESIAN_POINT('Ctrl Pts',(156.291485196261,-67.9166965299887,10.0474873335971));
#6679=CARTESIAN_POINT('Ctrl Pts',(156.65181721098,-68.0136513085314,10.0236649419054));
#6680=CARTESIAN_POINT('Ctrl Pts',(157.261783481619,-68.5943918918154,9.97602015852202));
#6681=CARTESIAN_POINT('Ctrl Pts',(157.02516831637,-69.8423714173223,9.90455298344699));
#6682=CARTESIAN_POINT('Ctrl Pts',(155.847758305407,-70.3171708560753,9.83308580837194));
#6683=CARTESIAN_POINT('Ctrl Pts',(154.810689728702,-69.5865490195105,9.7616186332969));
#6684=CARTESIAN_POINT('Ctrl Pts',(154.862365531969,-68.3183481174337,9.69015145822185));
#6685=CARTESIAN_POINT('Ctrl Pts',(155.956114539448,-67.6746105374702,9.61868428314682));
#6686=CARTESIAN_POINT('Ctrl Pts',(157.08995209901,-68.2445870431522,9.54721710807176));
#6687=CARTESIAN_POINT('Ctrl Pts',(157.225646412156,-69.5064264711731,9.47574993299673));
#6688=CARTESIAN_POINT('Ctrl Pts',(156.23885385464,-70.3044518208642,9.40428275792169));
#6689=CARTESIAN_POINT('Ctrl Pts',(155.033327204228,-69.9078535927128,9.33281558284664));
#6690=CARTESIAN_POINT('Ctrl Pts',(154.713086755719,-68.6798259606161,9.2613484077716));
#6691=CARTESIAN_POINT('Ctrl Pts',(155.571421079986,-67.7450203963054,9.18988123269655));
#6692=CARTESIAN_POINT('Ctrl Pts',(156.822252359055,-67.9595405253396,9.11841405762151));
#6693=CARTESIAN_POINT('Ctrl Pts',(157.320054693729,-69.1269277371013,9.04694688254647));
#6694=CARTESIAN_POINT('Ctrl Pts',(156.60893323014,-70.1780725784206,8.97547970747143));
#6695=CARTESIAN_POINT('Ctrl Pts',(155.340142823366,-70.1503231431037,8.90401253239638));
#6696=CARTESIAN_POINT('Ctrl Pts',(154.675658255497,-69.0690925344271,8.83254535732134));
#6697=CARTESIAN_POINT('Ctrl Pts',(155.224023361204,-67.92458610185,8.7610781822463));
#6698=CARTESIAN_POINT('Ctrl Pts',(156.483038093715,-67.7649578895613,8.68961100717126));
#6699=CARTESIAN_POINT('Ctrl Pts',(157.299680175292,-68.7363975420585,8.61814383209621));
#6700=CARTESIAN_POINT('Ctrl Pts',(156.926058002989,-69.9492477996252,8.54667665702118));
#6701=CARTESIAN_POINT('Ctrl Pts',(155.704339696555,-70.2927644012508,8.47520948194612));
#6702=CARTESIAN_POINT('Ctrl Pts',(154.75339099558,-69.4523503089829,8.40374230687109));
#6703=CARTESIAN_POINT('Ctrl Pts',(154.944103266807,-68.1976678366233,8.33227513179604));
#6704=CARTESIAN_POINT('Ctrl Pts',(156.10181969572,-67.6777717438456,8.260807956721));
#6705=CARTESIAN_POINT('Ctrl Pts',(157.166288304159,-68.3687897312725,8.18934078164596));
#6706=CARTESIAN_POINT('Ctrl Pts',(157.162654697668,-69.6378784098242,8.11787360657091));
#6707=CARTESIAN_POINT('Ctrl Pts',(156.094246581075,-70.3227896256452,8.04640643149587));
#6708=CARTESIAN_POINT('Ctrl Pts',(154.9395262022,-69.7962726517544,7.97493925642082));
#6709=CARTESIAN_POINT('Ctrl Pts',(154.756001717363,-68.5405186787854,7.90347208134579));
#6710=CARTESIAN_POINT('Ctrl Pts',(155.711747270865,-67.7055637613624,7.83200490627074));
#6711=CARTESIAN_POINT('Ctrl Pts',(156.931478476404,-68.0560706277765,7.7605377311957));
#6712=CARTESIAN_POINT('Ctrl Pts',(157.29814940498,-69.2710404657992,7.68907055612065));
#6713=CARTESIAN_POINT('Ctrl Pts',(156.475957982999,-70.237787869617,7.61760338104561));
#6714=CARTESIAN_POINT('Ctrl Pts',(155.217877961243,-70.0709528132656,7.54613620597057));
#6715=CARTESIAN_POINT('Ctrl Pts',(154.67607562051,-68.9233250422772,7.47466903089553));
#6716=CARTESIAN_POINT('Ctrl Pts',(155.346740692019,-67.8459172090845,7.40320185582048));
#6717=CARTESIAN_POINT('Ctrl Pts',(156.61566925572,-67.8254336207297,7.33173468074544));
#6718=CARTESIAN_POINT('Ctrl Pts',(157.320759792986,-68.8806334176526,7.2602675056704));
#6719=CARTESIAN_POINT('Ctrl Pts',(156.816281088078,-70.0451507053994,7.18880033059536));
#6720=CARTESIAN_POINT('Ctrl Pts',(155.564241394145,-70.2525051892807,7.11733315552031));
#6721=CARTESIAN_POINT('Ctrl Pts',(154.71127518008,-69.3127988974899,7.04586598044527));
#6722=CARTESIAN_POINT('Ctrl Pts',(155.03854015724,-68.0866272488669,6.97439880537022));
#6723=CARTESIAN_POINT('Ctrl Pts',(156.246322742198,-67.6969344151446,6.90293163029519));
#6724=CARTESIAN_POINT('Ctrl Pts',(157.228519710295,-68.5006062343734,6.83146445522014));
#6725=CARTESIAN_POINT('Ctrl Pts',(157.085622120821,-69.7616294522592,6.7599972801451));
#6726=CARTESIAN_POINT('Ctrl Pts',(155.94849747128,-70.3251423702173,6.68853010507006));
#6727=CARTESIAN_POINT('Ctrl Pts',(154.858539517078,-69.6750724238799,6.61706292999501));
#6728=CARTESIAN_POINT('Ctrl Pts',(154.81394613132,-68.4067622462067,6.54559575491997));
#6729=CARTESIAN_POINT('Ctrl Pts',(155.855556525638,-67.681747029251,6.47412857984493));
#6730=CARTESIAN_POINT('Ctrl Pts',(157.029450158369,-68.1640052742826,6.40266140476989));
#6731=CARTESIAN_POINT('Ctrl Pts',(157.260559757278,-69.4118785163259,6.33119422969484));
#6732=CARTESIAN_POINT('Ctrl Pts',(156.33723209684,-70.2825479824933,6.2597270546198));
#6733=CARTESIAN_POINT('Ctrl Pts',(155.105062841679,-69.9786430804681,6.18825987954475));
#6734=CARTESIAN_POINT('Ctrl Pts',(154.692488824862,-68.7784839476801,6.11679270446971));
#6735=CARTESIAN_POINT('Ctrl Pts',(155.477350827478,-67.7811921112923,6.04532552939467));
#6736=CARTESIAN_POINT('Ctrl Pts',(156.740861761871,-67.9001006734282,5.97385835431963));
#6737=CARTESIAN_POINT('Ctrl Pts',(157.325881877587,-69.0263114341729,5.90239117924459));
#6738=CARTESIAN_POINT('Ctrl Pts',(156.696641553492,-70.1284260748183,5.83092400416954));
#6739=CARTESIAN_POINT('Ctrl Pts',(155.429408379509,-70.197112734455,5.7594568290945));
#6740=CARTESIAN_POINT('Ctrl Pts',(154.684729136757,-69.1694687879948,5.68798965401946));
#6741=CARTESIAN_POINT('Ctrl Pts',(155.144595214473,-67.9866209530559,5.61652247894441));
#6742=CARTESIAN_POINT('Ctrl Pts',(156.38784622961,-67.7318434564259,5.54505530386937));
#6743=CARTESIAN_POINT('Ctrl Pts',(157.275915117625,-68.6384512329528,5.47358812879433));
#6744=CARTESIAN_POINT('Ctrl Pts',(156.99545800613,-69.8761892897889,5.40212095371928));
#6745=CARTESIAN_POINT('Ctrl Pts',(155.8034015396,-70.3114618585386,5.33065377864424));
#6746=CARTESIAN_POINT('Ctrl Pts',(154.791279914201,-69.5457629760664,5.2591866035692));
#6747=CARTESIAN_POINT('Ctrl Pts',(154.886354022483,-68.2800754828019,5.18771942849415));
#6748=CARTESIAN_POINT('Ctrl Pts',(156.000833804217,-67.6740603699877,5.11625225341912));
#6749=CARTESIAN_POINT('Ctrl Pts',(157.115559747367,-68.2816086500635,5.04478507834406));
#6750=CARTESIAN_POINT('Ctrl Pts',(157.20652293303,-69.5485598454,4.97331790326903));
#6751=CARTESIAN_POINT('Ctrl Pts',(156.533592598602,-70.0550015907141,4.92567311988567));
#6752=CARTESIAN_POINT('Ctrl Pts',(156.164476996725,-70.1097104781546,4.90185072819398));
#6753=CARTESIAN_POINT('Ctrl Pts',(156.26963788063,-67.9978919839511,10.0960328687314));
#6754=CARTESIAN_POINT('Ctrl Pts',(156.602962392537,-68.0875798354733,10.0722104770398));
#6755=CARTESIAN_POINT('Ctrl Pts',(157.167210644525,-68.6247929155234,10.0245656936564));
#6756=CARTESIAN_POINT('Ctrl Pts',(156.948330191929,-69.7792342341342,9.95309851858135));
#6757=CARTESIAN_POINT('Ctrl Pts',(155.859169081654,-70.2184466402247,9.8816313435063));
#6758=CARTESIAN_POINT('Ctrl Pts',(154.899830574322,-69.5425861640146,9.81016416843126));
#6759=CARTESIAN_POINT('Ctrl Pts',(154.947633187462,-68.3694390957066,9.73869699335621));
#6760=CARTESIAN_POINT('Ctrl Pts',(155.959403830021,-67.7739507519771,9.66722981828118));
#6761=CARTESIAN_POINT('Ctrl Pts',(157.008258318895,-68.3012065405121,9.59576264320612));
#6762=CARTESIAN_POINT('Ctrl Pts',(157.133782110428,-69.4684689381606,9.5242954681311));
#6763=CARTESIAN_POINT('Ctrl Pts',(156.220951348376,-70.2066809185278,9.45282829305604));
#6764=CARTESIAN_POINT('Ctrl Pts',(155.105780989024,-69.8398084081156,9.381361117981));
#6765=CARTESIAN_POINT('Ctrl Pts',(154.809543111645,-68.7038235542678,9.30989394290595));
#6766=CARTESIAN_POINT('Ctrl Pts',(155.603543805458,-67.8390832710735,9.23842676783092));
#6767=CARTESIAN_POINT('Ctrl Pts',(156.760623133807,-68.0375247483326,9.16695959275587));
#6768=CARTESIAN_POINT('Ctrl Pts',(157.221114329298,-69.117414285405,9.09549241768083));
#6769=CARTESIAN_POINT('Ctrl Pts',(156.563292639647,-70.0897740171648,9.02402524260579));
#6770=CARTESIAN_POINT('Ctrl Pts',(155.389600251031,-70.0641044496412,8.95255806753075));
#6771=CARTESIAN_POINT('Ctrl Pts',(154.77491994174,-69.0639139304131,8.8810908924557));
#6772=CARTESIAN_POINT('Ctrl Pts',(155.282184141812,-68.0051902188633,8.80962371738066));
#6773=CARTESIAN_POINT('Ctrl Pts',(156.446833559726,-67.8575264149983,8.73815654230561));
#6774=CARTESIAN_POINT('Ctrl Pts',(157.202266915979,-68.7561549986075,8.66668936723057));
#6775=CARTESIAN_POINT('Ctrl Pts',(156.856648366604,-69.8781000481899,8.59522219215553));
#6776=CARTESIAN_POINT('Ctrl Pts',(155.726499943634,-70.1958694910694,8.52375501708049));
#6777=CARTESIAN_POINT('Ctrl Pts',(154.846826479569,-69.4184458771181,8.45228784200545));
#6778=CARTESIAN_POINT('Ctrl Pts',(155.023244538817,-68.2578040090232,8.3808206669304));
#6779=CARTESIAN_POINT('Ctrl Pts',(156.094188134809,-67.7768750205103,8.30935349185536));
#6780=CARTESIAN_POINT('Ctrl Pts',(157.07887299448,-68.4161000240333,8.23788631678032));
#6781=CARTESIAN_POINT('Ctrl Pts',(157.075511733031,-69.5900683284461,8.16641914170527));
#6782=CARTESIAN_POINT('Ctrl Pts',(156.087182638101,-70.2236442733738,8.09495196663023));
#6783=CARTESIAN_POINT('Ctrl Pts',(155.019010533056,-69.7365906501485,8.02348479155518));
#6784=CARTESIAN_POINT('Ctrl Pts',(154.849241523275,-68.5749575922533,7.95201761648015));
#6785=CARTESIAN_POINT('Ctrl Pts',(155.733352307539,-67.8025839786247,7.8805504414051));
#6786=CARTESIAN_POINT('Ctrl Pts',(156.861662566236,-68.126819753952,7.80908326633006));
#6787=CARTESIAN_POINT('Ctrl Pts',(157.200850879529,-69.250725517798,7.73761609125502));
#6788=CARTESIAN_POINT('Ctrl Pts',(156.440284115457,-70.145013544818,7.66614891617997));
#6789=CARTESIAN_POINT('Ctrl Pts',(155.276499350123,-69.9906830622194,7.59468174110493));
#6790=CARTESIAN_POINT('Ctrl Pts',(154.775306024529,-68.9290719619282,7.52321456602988));
#6791=CARTESIAN_POINT('Ctrl Pts',(155.395703598107,-67.9324176946019,7.45174739095485));
#6792=CARTESIAN_POINT('Ctrl Pts',(156.569523788552,-67.9134693863429,7.38028021587979));
#6793=CARTESIAN_POINT('Ctrl Pts',(157.221766580156,-68.8895801478255,7.30881304080476));
#6794=CARTESIAN_POINT('Ctrl Pts',(156.755099419836,-69.9668148666126,7.23734586572971));
#6795=CARTESIAN_POINT('Ctrl Pts',(155.59690224939,-70.1586277761189,7.16587869065468));
#6796=CARTESIAN_POINT('Ctrl Pts',(154.807867316709,-69.2893540833785,7.09441151557963));
#6797=CARTESIAN_POINT('Ctrl Pts',(155.110603222264,-68.1550861038582,7.02294434050459));
#6798=CARTESIAN_POINT('Ctrl Pts',(156.227860429995,-67.7946014167135,6.95147716542955));
#6799=CARTESIAN_POINT('Ctrl Pts',(157.136440049941,-68.5380366540374,6.8800099903545));
#6800=CARTESIAN_POINT('Ctrl Pts',(157.004252880002,-69.704544017901,6.80854281527946));
#6801=CARTESIAN_POINT('Ctrl Pts',(155.952357674183,-70.2258206757031,6.73707564020442));
#6802=CARTESIAN_POINT('Ctrl Pts',(154.944093938952,-69.6244745873256,6.66560846512937));
#6803=CARTESIAN_POINT('Ctrl Pts',(154.902842903976,-68.4512264338145,6.59414129005433));
#6804=CARTESIAN_POINT('Ctrl Pts',(155.866382811898,-67.7805523514533,6.52267411497929));
#6805=CARTESIAN_POINT('Ctrl Pts',(156.952291102524,-68.2266645134928,6.45120693990425));
#6806=CARTESIAN_POINT('Ctrl Pts',(157.166078640424,-69.3810075147681,6.37973976482921));
#6807=CARTESIAN_POINT('Ctrl Pts',(156.311955972511,-70.1864188104285,6.30827258975416));
#6808=CARTESIAN_POINT('Ctrl Pts',(155.172139917355,-69.9052921022931,6.23680541467912));
#6809=CARTESIAN_POINT('Ctrl Pts',(154.790489031051,-68.79508695591,6.16533823960407));
#6810=CARTESIAN_POINT('Ctrl Pts',(155.516524279793,-67.8725438539536,6.09387106452903));
#6811=CARTESIAN_POINT('Ctrl Pts',(156.685332901543,-67.9825400153173,6.02240388945399));
#6812=CARTESIAN_POINT('Ctrl Pts',(157.226504755727,-69.0243393470328,5.95093671437894));
#6813=CARTESIAN_POINT('Ctrl Pts',(156.644427073662,-70.0438486041979,5.87946953930391));
#6814=CARTESIAN_POINT('Ctrl Pts',(155.472175200566,-70.1073870808325,5.80800236422886));
#6815=CARTESIAN_POINT('Ctrl Pts',(154.783310944884,-69.1567668115361,5.73653518915382));
#6816=CARTESIAN_POINT('Ctrl Pts',(155.208709270973,-68.0625754515232,5.66506801407877));
#6817=CARTESIAN_POINT('Ctrl Pts',(156.35877648918,-67.8268939654488,5.59360083900373));
#6818=CARTESIAN_POINT('Ctrl Pts',(157.180283090164,-68.6655499334395,5.52213366392869));
#6819=CARTESIAN_POINT('Ctrl Pts',(156.920846720423,-69.8105173990299,5.45066648885364));
#6820=CARTESIAN_POINT('Ctrl Pts',(155.818136931558,-70.2131655418497,5.37919931377861));
#6821=CARTESIAN_POINT('Ctrl Pts',(154.881875558725,-69.5048571045131,5.30773213870356));
#6822=CARTESIAN_POINT('Ctrl Pts',(154.969823699449,-68.334035060714,5.23626496362852));
#6823=CARTESIAN_POINT('Ctrl Pts',(156.00077130916,-67.7734418204916,5.16479778855348));
#6824=CARTESIAN_POINT('Ctrl Pts',(157.031946630067,-68.3354533144585,5.09333061347843));
#6825=CARTESIAN_POINT('Ctrl Pts',(157.116091968877,-69.5074443436909,5.02186343840339));
#6826=CARTESIAN_POINT('Ctrl Pts',(156.493598917723,-69.9759274111694,4.97421865502003));
#6827=CARTESIAN_POINT('Ctrl Pts',(156.152149163587,-70.026535773619,4.95039626332835));
#6828=CARTESIAN_POINT('Ctrl Pts',(156.152149163587,-70.026535773619,4.95039626332835));
#6829=CARTESIAN_POINT('Ctrl Pts',(156.195896312975,-70.0253029633279,4.95039626332835));
#6830=CARTESIAN_POINT('Ctrl Pts',(156.239405400523,-70.0210797656961,4.95039626332835));
#6831=CARTESIAN_POINT('Ctrl Pts',(156.282472520065,-70.014083412531,4.95039626332835));
#6832=CARTESIAN_POINT('Ctrl Pts',(156.310485815746,-70.0095325878649,4.95039626332835));
#6833=CARTESIAN_POINT('Ctrl Pts',(156.338312490063,-70.0038073966358,4.95039626332834));
#6834=CARTESIAN_POINT('Ctrl Pts',(156.365898436382,-69.9969565336979,4.95039626332834));
#6835=CARTESIAN_POINT('Ctrl Pts',(156.380152479138,-69.9934165973801,4.95039626332834));
#6836=CARTESIAN_POINT('Ctrl Pts',(156.39434226252,-69.9895759761483,4.95039626332834));
#6837=CARTESIAN_POINT('Ctrl Pts',(156.408460335662,-69.9854405277972,4.95039626332834));
#6838=CARTESIAN_POINT('Ctrl Pts',(156.418845687745,-69.9823984634364,4.95039626332834));
#6839=CARTESIAN_POINT('Ctrl Pts',(156.429182607521,-69.9791996675163,4.95039626332835));
#6840=CARTESIAN_POINT('Ctrl Pts',(156.439467883046,-69.9758473169036,4.95039626332835));
#6841=CARTESIAN_POINT('Ctrl Pts',(156.48358291518,-69.9614686009767,4.95039626332835));
#6842=CARTESIAN_POINT('Ctrl Pts',(156.52674936448,-69.9442687326424,4.95039626332835));
#6843=CARTESIAN_POINT('Ctrl Pts',(156.568738784334,-69.9244580366464,4.95039626332835));
#6844=CARTESIAN_POINT('Ctrl Pts',(156.585630191392,-69.9164886355128,4.95039626332835));
#6845=CARTESIAN_POINT('Ctrl Pts',(156.602331138033,-69.9080961257882,4.95039626332835));
#6846=CARTESIAN_POINT('Ctrl Pts',(156.618826581813,-69.8992918480073,4.95039626332835));
#6847=CARTESIAN_POINT('Ctrl Pts',(156.628975931103,-69.8938747345531,4.95039626332835));
#6848=CARTESIAN_POINT('Ctrl Pts',(156.639047478792,-69.8883017116559,4.95039626332834));
#6849=CARTESIAN_POINT('Ctrl Pts',(156.649037661568,-69.8825751834811,4.95039626332834));
#6850=CARTESIAN_POINT('Ctrl Pts',(156.656793001957,-69.8781297017276,4.95039626332834));
#6851=CARTESIAN_POINT('Ctrl Pts',(156.66449768632,-69.8735925549998,4.95039626332835));
#6852=CARTESIAN_POINT('Ctrl Pts',(156.672142252707,-69.8689698966194,4.95039626332835));
#6853=CARTESIAN_POINT('Ctrl Pts',(156.713409698848,-69.8440155308549,4.95039626332835));
#6854=CARTESIAN_POINT('Ctrl Pts',(156.752990648358,-69.816536661094,4.95039626332835));
#6855=CARTESIAN_POINT('Ctrl Pts',(156.790646677,-69.7867575197478,4.95039626332835));
#6856=CARTESIAN_POINT('Ctrl Pts',(156.828424908859,-69.7568817376501,4.95039626332835));
#6857=CARTESIAN_POINT('Ctrl Pts',(156.864266851545,-69.7246902494556,4.95039626332835));
#6858=CARTESIAN_POINT('Ctrl Pts',(156.897918792128,-69.6903585001159,4.95039626332835));
#6859=CARTESIAN_POINT('Ctrl Pts',(156.914510552865,-69.6734315663088,4.95039626332835));
#6860=CARTESIAN_POINT('Ctrl Pts',(156.930569643289,-69.6559836239831,4.95039626332835));
#6861=CARTESIAN_POINT('Ctrl Pts',(156.946063175363,-69.638031718711,4.95039626332835));
#6862=CARTESIAN_POINT('Ctrl Pts',(156.954369335137,-69.628407612811,4.95039626332835));
#6863=CARTESIAN_POINT('Ctrl Pts',(156.962512914838,-69.6186386213397,4.95039626332835));
#6864=CARTESIAN_POINT('Ctrl Pts',(156.970488580848,-69.6087270913886,4.95039626332835));
#6865=CARTESIAN_POINT('Ctrl Pts',(156.977857947627,-69.5995690224007,4.95039626332835));
#6866=CARTESIAN_POINT('Ctrl Pts',(156.985086089859,-69.5902861497836,4.95039626332835));
#6867=CARTESIAN_POINT('Ctrl Pts',(156.992152838213,-69.5809020060461,4.95039626332835));
#6868=CARTESIAN_POINT('Ctrl Pts',(157.016464221688,-69.5486182022988,4.95039626332835));
#6869=CARTESIAN_POINT('Ctrl Pts',(157.038904772639,-69.5150917772116,4.95039626332835));
#6870=CARTESIAN_POINT('Ctrl Pts',(157.059338166884,-69.4804330270734,4.95039626332835));
#6871=CARTESIAN_POINT('Ctrl Pts',(157.083361503744,-69.4396850818345,4.95039626332835));
#6872=CARTESIAN_POINT('Ctrl Pts',(157.104612388842,-69.3973727312362,4.95039626332835));
#6873=CARTESIAN_POINT('Ctrl Pts',(157.123152518791,-69.353792726726,4.95039626332835));
#6874=CARTESIAN_POINT('Ctrl Pts',(157.140716009228,-69.3125083886664,4.95039626332835));
#6875=CARTESIAN_POINT('Ctrl Pts',(157.155846654669,-69.270085470478,4.95039626332835));
#6876=CARTESIAN_POINT('Ctrl Pts',(157.168564320181,-69.2267518020479,4.95039626332835));
#6877=CARTESIAN_POINT('Ctrl Pts',(157.171349493531,-69.2172617129799,4.95039626332835));
#6878=CARTESIAN_POINT('Ctrl Pts',(157.174018812368,-69.2077278757809,4.95039626332834));
#6879=CARTESIAN_POINT('Ctrl Pts',(157.176572272142,-69.1981525826472,4.95039626332834));
#6880=CARTESIAN_POINT('Ctrl Pts',(157.178805390012,-69.1897785489465,4.95039626332834));
#6881=CARTESIAN_POINT('Ctrl Pts',(157.180948998452,-69.1813759256598,4.95039626332835));
#6882=CARTESIAN_POINT('Ctrl Pts',(157.183001363829,-69.1729548014599,4.95039626332835));
#6883=CARTESIAN_POINT('Ctrl Pts',(157.19486651426,-69.1242705337639,4.95039626332835));
#6884=CARTESIAN_POINT('Ctrl Pts',(157.203707478257,-69.0748893041463,4.95039626332835));
#6885=CARTESIAN_POINT('Ctrl Pts',(157.209595599755,-69.025139312023,4.95039626332835));
#6886=CARTESIAN_POINT('Ctrl Pts',(157.215615868208,-68.9742727821354,4.95039626332835));
#6887=CARTESIAN_POINT('Ctrl Pts',(157.218549605904,-68.9230197270868,4.95039626332835));
#6888=CARTESIAN_POINT('Ctrl Pts',(157.218426007858,-68.8717034123326,4.95039626332835));
#6889=CARTESIAN_POINT('Ctrl Pts',(157.218360827884,-68.8446415280205,4.95039626332835));
#6890=CARTESIAN_POINT('Ctrl Pts',(157.21744458335,-68.817561688941,4.95039626332835));
#6891=CARTESIAN_POINT('Ctrl Pts',(157.21567597182,-68.7905098695367,4.95039626332835));
#6892=CARTESIAN_POINT('Ctrl Pts',(157.2147045398,-68.7756513191204,4.95039626332835));
#6893=CARTESIAN_POINT('Ctrl Pts',(157.213475888888,-68.7608012122191,4.95039626332835));
#6894=CARTESIAN_POINT('Ctrl Pts',(157.211989291472,-68.7459671472552,4.95039626332835));
#6895=CARTESIAN_POINT('Ctrl Pts',(157.210568549099,-68.7317902191583,4.95039626332835));
#6896=CARTESIAN_POINT('Ctrl Pts',(157.208911142156,-68.7176213606748,4.95039626332835));
#6897=CARTESIAN_POINT('Ctrl Pts',(157.20702147653,-68.7035031630005,4.95039626332835));
#6898=CARTESIAN_POINT('Ctrl Pts',(157.199981055379,-68.6509022921707,4.95039626332835));
#6899=CARTESIAN_POINT('Ctrl Pts',(157.189716183351,-68.598932493051,4.95039626332835));
#6900=CARTESIAN_POINT('Ctrl Pts',(157.176272502652,-68.5479358177162,4.95039626332835));
#6901=CARTESIAN_POINT('Ctrl Pts',(157.162947657515,-68.4973899280503,4.95039626332835));
#6902=CARTESIAN_POINT('Ctrl Pts',(157.146500020547,-68.4477987988317,4.95039626332835));
#6903=CARTESIAN_POINT('Ctrl Pts',(157.126924344403,-68.3994891962162,4.95039626332835));
#6904=CARTESIAN_POINT('Ctrl Pts',(157.113614644858,-68.3666430104059,4.95039626332835));
#6905=CARTESIAN_POINT('Ctrl Pts',(157.098857898764,-68.3343891201292,4.95039626332835));
#6906=CARTESIAN_POINT('Ctrl Pts',(157.0826388747,-68.3028329749584,4.95039626332835));
#6907=CARTESIAN_POINT('Ctrl Pts',(157.075240835339,-68.2884391616742,4.95039626332835));
#6908=CARTESIAN_POINT('Ctrl Pts',(157.067538400576,-68.2741905743651,4.95039626332835));
#6909=CARTESIAN_POINT('Ctrl Pts',(157.059539167715,-68.2600912070769,4.95039626332835));
#6910=CARTESIAN_POINT('Ctrl Pts',(157.036407878978,-69.0005695567223,9.5523577875554));
#6911=CARTESIAN_POINT('Ctrl Pts',(157.037088460425,-69.1365338672852,9.54300368108063));
#6912=CARTESIAN_POINT('Ctrl Pts',(157.012247044564,-69.2722598583738,9.53364957460585));
#6913=CARTESIAN_POINT('Ctrl Pts',(156.960723018164,-69.3969605352804,9.52429546813108));
#6914=CARTESIAN_POINT('Ctrl Pts',(156.829505189744,-69.714539598283,9.5004730764394));
#6915=CARTESIAN_POINT('Ctrl Pts',(156.52522826906,-69.9606102584054,9.47665068474772));
#6916=CARTESIAN_POINT('Ctrl Pts',(156.18722808216,-70.0225001700646,9.45282829305603));
#6917=CARTESIAN_POINT('Ctrl Pts',(155.849227895259,-70.0843900817238,9.42900590136435));
#6918=CARTESIAN_POINT('Ctrl Pts',(155.477504442142,-69.9620992449197,9.40518350967267));
#6919=CARTESIAN_POINT('Ctrl Pts',(155.24226973602,-69.711623017543,9.38136111798099));
#6920=CARTESIAN_POINT('Ctrl Pts',(155.007035029898,-69.4611467901663,9.35753872628931));
#6921=CARTESIAN_POINT('Ctrl Pts',(154.908289070772,-69.082485172217,9.33371633459763));
#6922=CARTESIAN_POINT('Ctrl Pts',(154.991249540177,-68.74903098271,9.30989394290595));
#6923=CARTESIAN_POINT('Ctrl Pts',(155.074210009583,-68.415576793203,9.28607155121427));
#6924=CARTESIAN_POINT('Ctrl Pts',(155.33887690752,-68.1273300321382,9.26224915952259));
#6925=CARTESIAN_POINT('Ctrl Pts',(155.664056911214,-68.0162802311491,9.23842676783091));
#6926=CARTESIAN_POINT('Ctrl Pts',(155.989236914907,-67.9052304301599,9.21460437613922));
#6927=CARTESIAN_POINT('Ctrl Pts',(156.374930024357,-67.9713775892462,9.19078198444754));
#6928=CARTESIAN_POINT('Ctrl Pts',(156.644525111664,-68.1844327583015,9.16695959275586));
#6929=CARTESIAN_POINT('Ctrl Pts',(156.888222015801,-68.3770211530968,9.14542565768904));
#6930=CARTESIAN_POINT('Ctrl Pts',(157.037055036972,-68.689648322086,9.12389172262222));
#6931=CARTESIAN_POINT('Ctrl Pts',(157.039109283097,-69.0005697414769,9.1023577875554));
#6932=CARTESIAN_POINT('Ctrl Pts',(156.335179827523,-67.754305622064,9.95039626332835));
#6933=CARTESIAN_POINT('Ctrl Pts',(156.384273494995,-67.7727125009494,9.95039626332835));
#6934=CARTESIAN_POINT('Ctrl Pts',(156.431962925706,-67.7942935860198,9.95039626332835));
#6935=CARTESIAN_POINT('Ctrl Pts',(156.478071060976,-67.8187769682213,9.95039626332835));
#6936=CARTESIAN_POINT('Ctrl Pts',(156.524723673721,-67.8435494675183,9.95039626332835));
#6937=CARTESIAN_POINT('Ctrl Pts',(156.569758207063,-67.8712941576522,9.95039626332835));
#6938=CARTESIAN_POINT('Ctrl Pts',(156.612958024658,-67.9017721840251,9.95039626332835));
#6939=CARTESIAN_POINT('Ctrl Pts',(156.644194293334,-67.9238097729195,9.95039626332835));
#6940=CARTESIAN_POINT('Ctrl Pts',(156.674470669574,-67.9472773517304,9.95039626332835));
#6941=CARTESIAN_POINT('Ctrl Pts',(156.703691143547,-67.9720940716895,9.95039626332835));
#6942=CARTESIAN_POINT('Ctrl Pts',(156.71617394511,-67.9826956174063,9.95039626332835));
#6943=CARTESIAN_POINT('Ctrl Pts',(156.728463887622,-67.9935434507076,9.95039626332835));
#6944=CARTESIAN_POINT('Ctrl Pts',(156.740552715996,-68.0046315542662,9.95039626332835));
#6945=CARTESIAN_POINT('Ctrl Pts',(156.748104213556,-68.0115579316108,9.95039626332835));
#6946=CARTESIAN_POINT('Ctrl Pts',(156.755578065181,-68.0185790290904,9.95039626332835));
#6947=CARTESIAN_POINT('Ctrl Pts',(156.762959634084,-68.0256808925731,9.95039626332835));
#6948=CARTESIAN_POINT('Ctrl Pts',(156.800113830744,-68.0614272272522,9.95039626332835));
#6949=CARTESIAN_POINT('Ctrl Pts',(156.835009993523,-68.0992859420014,9.95039626332835));
#6950=CARTESIAN_POINT('Ctrl Pts',(156.867451254753,-68.1390277783406,9.95039626332835));
#6951=CARTESIAN_POINT('Ctrl Pts',(156.89915508038,-68.1778662267133,9.95039626332835));
#6952=CARTESIAN_POINT('Ctrl Pts',(156.928514767104,-68.2185041484685,9.95039626332835));
#6953=CARTESIAN_POINT('Ctrl Pts',(156.955302698943,-68.2607483462913,9.95039626332835));
#6954=CARTESIAN_POINT('Ctrl Pts',(156.973925330279,-68.2901159782096,9.95039626332835));
#6955=CARTESIAN_POINT('Ctrl Pts',(156.991304170749,-68.3202603311092,9.95039626332835));
#6956=CARTESIAN_POINT('Ctrl Pts',(157.007348174191,-68.3511189608424,9.95039626332835));
#6957=CARTESIAN_POINT('Ctrl Pts',(157.012953854923,-68.3619007851385,9.95039626332835));
#6958=CARTESIAN_POINT('Ctrl Pts',(157.018396468957,-68.3727698115959,9.95039626332835));
#6959=CARTESIAN_POINT('Ctrl Pts',(157.023671752122,-68.3837233793062,9.95039626332835));
#6960=CARTESIAN_POINT('Ctrl Pts',(157.02762870496,-68.3919395734863,9.95039626332835));
#6961=CARTESIAN_POINT('Ctrl Pts',(157.031491082814,-68.4002026849231,9.95039626332835));
#6962=CARTESIAN_POINT('Ctrl Pts',(157.035252012679,-68.4084997028164,9.95039626332835));
#6963=CARTESIAN_POINT('Ctrl Pts',(157.055225826146,-68.4525640947799,9.95039626332835));
#6964=CARTESIAN_POINT('Ctrl Pts',(157.072384625097,-68.4976706459262,9.95039626332835));
#6965=CARTESIAN_POINT('Ctrl Pts',(157.086528424942,-68.5436372568193,9.95039626332835));
#6966=CARTESIAN_POINT('Ctrl Pts',(157.0966563104,-68.5765523556699,9.95039626332835));
#6967=CARTESIAN_POINT('Ctrl Pts',(157.105237327172,-68.6099088340999,9.95039626332835));
#6968=CARTESIAN_POINT('Ctrl Pts',(157.112181620084,-68.6436416369094,9.95039626332835));
#6969=CARTESIAN_POINT('Ctrl Pts',(157.121429579729,-68.6885647994273,9.95039626332835));
#6970=CARTESIAN_POINT('Ctrl Pts',(157.127775699469,-68.7341563311802,9.95039626332835));
#6971=CARTESIAN_POINT('Ctrl Pts',(157.131266922055,-68.7801518812381,9.95039626332835));
#6972=CARTESIAN_POINT('Ctrl Pts',(157.132179035237,-68.7921686308133,9.95039626332835));
#6973=CARTESIAN_POINT('Ctrl Pts',(157.132896091624,-68.8042128840336,9.95039626332835));
#6974=CARTESIAN_POINT('Ctrl Pts',(157.133418532522,-68.8162797401169,9.95039626332835));
#6975=CARTESIAN_POINT('Ctrl Pts',(157.133822227208,-68.8256039061612,9.95039626332835));
#6976=CARTESIAN_POINT('Ctrl Pts',(157.134109610074,-68.8349420215622,9.95039626332835));
#6977=CARTESIAN_POINT('Ctrl Pts',(157.13428088831,-68.8442763991718,9.95039626332835));
#6978=CARTESIAN_POINT('Ctrl Pts',(157.135165747131,-68.8924997261989,9.95039626332835));
#6979=CARTESIAN_POINT('Ctrl Pts',(157.132961349666,-68.9407240244259,9.95039626332835));
#6980=CARTESIAN_POINT('Ctrl Pts',(157.127771227342,-68.9886488930673,9.95039626332835));
#6981=CARTESIAN_POINT('Ctrl Pts',(157.122594977121,-69.0364456686461,9.95039626332835));
#6982=CARTESIAN_POINT('Ctrl Pts',(157.114448407506,-69.0839457921565,9.95039626332835));
#6983=CARTESIAN_POINT('Ctrl Pts',(157.103386207266,-69.1308333111313,9.95039626332835));
#6984=CARTESIAN_POINT('Ctrl Pts',(157.097465369746,-69.1559289860927,9.95039626332835));
#6985=CARTESIAN_POINT('Ctrl Pts',(157.090708513271,-69.1808487535201,9.95039626332835));
#6986=CARTESIAN_POINT('Ctrl Pts',(157.083119141634,-69.2055402862547,9.95039626332835));
#6987=CARTESIAN_POINT('Ctrl Pts',(157.07920245112,-69.2182829870559,9.95039626332835));
#6988=CARTESIAN_POINT('Ctrl Pts',(157.075063981335,-69.230964849198,9.95039626332835));
#6989=CARTESIAN_POINT('Ctrl Pts',(157.070703896778,-69.2435783109254,9.95039626332835));
#6990=CARTESIAN_POINT('Ctrl Pts',(157.067297100078,-69.2534339683624,9.95039626332835));
#6991=CARTESIAN_POINT('Ctrl Pts',(157.063754659405,-69.2632484019708,9.95039626332835));
#6992=CARTESIAN_POINT('Ctrl Pts',(157.060082465526,-69.2730032909863,9.95039626332835));
#6993=CARTESIAN_POINT('Ctrl Pts',(157.043770498722,-69.3163347247463,9.95039626332835));
#6994=CARTESIAN_POINT('Ctrl Pts',(157.024877508212,-69.3585651118275,9.95039626332835));
#6995=CARTESIAN_POINT('Ctrl Pts',(157.003448440804,-69.3993979263931,9.95039626332835));
#6996=CARTESIAN_POINT('Ctrl Pts',(156.989031537114,-69.426869152451,9.95039626332835));
#6997=CARTESIAN_POINT('Ctrl Pts',(156.973465909406,-69.4537072465667,9.95039626332835));
#6998=CARTESIAN_POINT('Ctrl Pts',(156.956756473111,-69.4798118288493,9.95039626332835));
#6999=CARTESIAN_POINT('Ctrl Pts',(156.94948413232,-69.491173158772,9.95039626332835));
#7000=CARTESIAN_POINT('Ctrl Pts',(156.941993573043,-69.5023971846585,9.95039626332835));
#7001=CARTESIAN_POINT('Ctrl Pts',(156.934298436494,-69.5134565855081,9.95039626332835));
#7002=CARTESIAN_POINT('Ctrl Pts',(156.909117533817,-69.5496464171868,9.95039626332835));
#7003=CARTESIAN_POINT('Ctrl Pts',(156.88172026514,-69.5841223234151,9.95039626332835));
#7004=CARTESIAN_POINT('Ctrl Pts',(156.852131448626,-69.6165996056627,9.95039626332835));
#7005=CARTESIAN_POINT('Ctrl Pts',(156.837586269685,-69.6325646876589,9.95039626332835));
#7006=CARTESIAN_POINT('Ctrl Pts',(156.822511054763,-69.6480461928342,9.95039626332835));
#7007=CARTESIAN_POINT('Ctrl Pts',(156.806906371617,-69.663006269456,9.95039626332835));
#7008=CARTESIAN_POINT('Ctrl Pts',(156.797443611064,-69.6720781372805,9.95039626332835));
#7009=CARTESIAN_POINT('Ctrl Pts',(156.787786113351,-69.6809581992145,9.95039626332835));
#7010=CARTESIAN_POINT('Ctrl Pts',(156.777941043522,-69.6896434687368,9.95039626332835));
#7011=CARTESIAN_POINT('Origin',(156.,-69.,9.95039626332835));
#7012=CARTESIAN_POINT('Origin',(156.,-69.,4.95039626332835));
#7013=CARTESIAN_POINT('Origin',(156.,-69.,2.99939626332835));
#7014=CARTESIAN_POINT('',(153.5,-69.,9.95039626332835));
#7015=CARTESIAN_POINT('Origin',(156.,-69.,9.95039626332835));
#7016=CARTESIAN_POINT('',(153.5,-69.,2.99939626332835));
#7017=CARTESIAN_POINT('Origin',(156.,-69.,9.95039626332835));
#7018=CARTESIAN_POINT('Origin',(162.000002399087,-119.566872060127,19.3053962633285));
#7019=CARTESIAN_POINT('',(162.000002399087,-119.566872060127,19.3053962633285));
#7020=CARTESIAN_POINT('',(162.000002399087,-119.566872060127,17.3053962633285));
#7021=CARTESIAN_POINT('',(162.000002399087,-119.566872060127,19.3053962633285));
#7022=CARTESIAN_POINT('',(137.000002399087,-119.566872060127,19.3053962633285));
#7023=CARTESIAN_POINT('',(162.000002399087,-119.566872060127,19.3053962633285));
#7024=CARTESIAN_POINT('',(137.000002399087,-119.566872060127,17.3053962633285));
#7025=CARTESIAN_POINT('',(137.000002399087,-119.566872060127,17.3053962633285));
#7026=CARTESIAN_POINT('',(149.500002220273,-119.566872060127,17.3053962633285));
#7027=CARTESIAN_POINT('Origin',(162.000002399087,-137.966872060127,17.3053962633285));
#7028=CARTESIAN_POINT('',(162.000002399087,-137.966872060127,17.3053962633285));
#7029=CARTESIAN_POINT('',(162.000002399087,-137.966872060127,19.3053962633285));
#7030=CARTESIAN_POINT('',(162.000002399087,-137.966872060127,18.3053962633285));
#7031=CARTESIAN_POINT('',(137.000002399087,-137.966872060127,17.3053962633285));
#7032=CARTESIAN_POINT('',(149.500002220273,-137.966872060127,17.3053962633285));
#7033=CARTESIAN_POINT('',(137.000002399087,-137.966872060127,19.3053962633285));
#7034=CARTESIAN_POINT('',(137.000002399087,-137.966872060127,19.3053962633285));
#7035=CARTESIAN_POINT('',(162.000002399087,-137.966872060127,19.3053962633285));
#7036=CARTESIAN_POINT('Origin',(137.000002399087,-128.766872060127,18.3053962633285));
#7037=CARTESIAN_POINT('',(137.000002399087,-115.133436786297,17.3053962633285));
#7038=CARTESIAN_POINT('',(137.000002399087,-119.566872060127,19.3053962633285));
#7039=CARTESIAN_POINT('Origin',(162.000002399087,-63.0000009536743,19.3053962633285));
#7040=CARTESIAN_POINT('',(162.000002399087,-140.000002071261,19.3053962633285));
#7041=CARTESIAN_POINT('',(162.000002399087,-82.250001233071,19.3053962633284));
#7042=CARTESIAN_POINT('',(162.000002399087,-140.000002071261,17.3053962633285));
#7043=CARTESIAN_POINT('',(162.000002399087,-140.000002071261,19.3053962633285));
#7044=CARTESIAN_POINT('',(162.000002399087,-63.0000009536743,17.3053962633285));
#7045=CARTESIAN_POINT('Origin',(137.000002041459,-101.500001512468,19.3053962633285));
#7046=CARTESIAN_POINT('',(164.000002399087,-139.000002071261,19.3053962633286));
#7047=CARTESIAN_POINT('',(164.000002399087,-64.0000009536743,19.3053962633283));
#7048=CARTESIAN_POINT('',(164.000002399087,-142.000002071261,19.3053962633286));
#7049=CARTESIAN_POINT('',(161.000002399087,-142.000002071261,19.3053962633286));
#7050=CARTESIAN_POINT('Origin',(161.000002399087,-139.000002071261,19.3053962633285));
#7051=CARTESIAN_POINT('',(113.000001683831,-142.000002071261,19.3053962633286));
#7052=CARTESIAN_POINT('',(110.000001683831,-142.000002071261,19.3053962633286));
#7053=CARTESIAN_POINT('',(110.000001683831,-139.000002071261,19.3053962633286));
#7054=CARTESIAN_POINT('Origin',(113.000001683831,-139.000002071261,19.3053962633285));
#7055=CARTESIAN_POINT('',(110.000001683831,-64.0000009536743,19.3053962633283));
#7056=CARTESIAN_POINT('',(110.000001683831,-61.0000009536743,19.3053962633283));
#7057=CARTESIAN_POINT('',(113.000001683831,-61.0000009536743,19.3053962633283));
#7058=CARTESIAN_POINT('Origin',(113.000001683831,-64.0000009536743,19.3053962633285));
#7059=CARTESIAN_POINT('',(161.000002399087,-61.0000009536743,19.3053962633283));
#7060=CARTESIAN_POINT('',(164.000002399087,-61.0000009536743,19.3053962633283));
#7061=CARTESIAN_POINT('Origin',(161.000002399087,-64.0000009536743,19.3053962633285));
#7062=CARTESIAN_POINT('',(162.000002399087,-63.0000009536743,19.3053962633285));
#7063=CARTESIAN_POINT('',(162.000002399087,-82.250001233071,19.3053962633284));
#7064=CARTESIAN_POINT('',(112.000001683831,-63.0000009536743,19.3053962633285));
#7065=CARTESIAN_POINT('',(124.500001862645,-63.0000009536743,19.3053962633283));
#7066=CARTESIAN_POINT('',(112.000001683831,-140.000002071261,19.3053962633285));
#7067=CARTESIAN_POINT('',(112.000001683831,-120.750001791865,19.3053962633285));
#7068=CARTESIAN_POINT('',(149.500002220273,-140.000002071261,19.3053962633286));
#7069=CARTESIAN_POINT('Origin',(162.000002399087,-63.0000009536743,19.3053962633285));
#7070=CARTESIAN_POINT('',(162.000002399087,-63.0000009536743,17.3053962633285));
#7071=CARTESIAN_POINT('',(162.000002399087,-63.0000009536743,17.3053962633285));
#7072=CARTESIAN_POINT('',(162.000002399087,-63.0000009536743,19.3053962633285));
#7073=CARTESIAN_POINT('Ctrl Pts',(164.000002399087,-135.637984659768,21.3053962633286));
#7074=CARTESIAN_POINT('Ctrl Pts',(164.000002399087,-135.637984659768,20.3053962633286));
#7075=CARTESIAN_POINT('Ctrl Pts',(163.414118399628,-134.731870554364,21.3053962633286));
#7076=CARTESIAN_POINT('Ctrl Pts',(163.414118399628,-134.731870554364,20.3053962633286));
#7077=CARTESIAN_POINT('Ctrl Pts',(162.214982918415,-132.992818746446,21.3053962633286));
#7078=CARTESIAN_POINT('Ctrl Pts',(162.214982918415,-132.992818746446,20.3053962633286));
#7079=CARTESIAN_POINT('Ctrl Pts',(160.33417782142,-130.603768724603,21.3053962633286));
#7080=CARTESIAN_POINT('Ctrl Pts',(160.33417782142,-130.603768724603,20.3053962633286));
#7081=CARTESIAN_POINT('Ctrl Pts',(157.661035011192,-127.860629640933,21.3053962633286));
#7082=CARTESIAN_POINT('Ctrl Pts',(157.661035011192,-127.860629640933,20.3053962633286));
#7083=CARTESIAN_POINT('Ctrl Pts',(154.042162339077,-125.17497590961,21.3053962633286));
#7084=CARTESIAN_POINT('Ctrl Pts',(154.042162339077,-125.17497590961,20.3053962633286));
#7085=CARTESIAN_POINT('Ctrl Pts',(150.153189103758,-123.217268733717,21.3053962633286));
#7086=CARTESIAN_POINT('Ctrl Pts',(150.153189103758,-123.217268733717,20.3053962633286));
#7087=CARTESIAN_POINT('Ctrl Pts',(146.019390902497,-121.928640941797,21.3053962633286));
#7088=CARTESIAN_POINT('Ctrl Pts',(146.019390902497,-121.928640941797,20.3053962633286));
#7089=CARTESIAN_POINT('Ctrl Pts',(141.693759754453,-121.182107258378,21.3053962633286));
#7090=CARTESIAN_POINT('Ctrl Pts',(141.693759754453,-121.182107258378,20.3053962633286));
#7091=CARTESIAN_POINT('Ctrl Pts',(137.268205340646,-120.754326980325,21.3053962633286));
#7092=CARTESIAN_POINT('Ctrl Pts',(137.268205340646,-120.754326980325,20.3053962633286));
#7093=CARTESIAN_POINT('Ctrl Pts',(132.857107560376,-120.366197881518,21.3053962633286));
#7094=CARTESIAN_POINT('Ctrl Pts',(132.857107560376,-120.366197881518,20.3053962633286));
#7095=CARTESIAN_POINT('Ctrl Pts',(128.580992712844,-119.722944261977,21.3053962633286));
#7096=CARTESIAN_POINT('Ctrl Pts',(128.580992712844,-119.722944261977,20.3053962633286));
#7097=CARTESIAN_POINT('Ctrl Pts',(124.551180447082,-118.551662499917,21.3053962633286));
#7098=CARTESIAN_POINT('Ctrl Pts',(124.551180447082,-118.551662499917,20.3053962633286));
#7099=CARTESIAN_POINT('Ctrl Pts',(120.852014251065,-116.644494363701,21.3053962633286));
#7100=CARTESIAN_POINT('Ctrl Pts',(120.852014251065,-116.644494363701,20.3053962633286));
#7101=CARTESIAN_POINT('Ctrl Pts',(117.527209618435,-113.891768483701,21.3053962633286));
#7102=CARTESIAN_POINT('Ctrl Pts',(117.527209618435,-113.891768483701,20.3053962633286));
#7103=CARTESIAN_POINT('Ctrl Pts',(114.594504501167,-110.24710006255,21.3053962633286));
#7104=CARTESIAN_POINT('Ctrl Pts',(114.594504501167,-110.24710006255,20.3053962633286));
#7105=CARTESIAN_POINT('Ctrl Pts',(112.563087138612,-106.613070148489,21.3053962633286));
#7106=CARTESIAN_POINT('Ctrl Pts',(112.563087138612,-106.613070148489,20.3053962633286));
#7107=CARTESIAN_POINT('Ctrl Pts',(111.21413519273,-103.488634727911,21.3053962633286));
#7108=CARTESIAN_POINT('Ctrl Pts',(111.21413519273,-103.488634727911,20.3053962633286));
#7109=CARTESIAN_POINT('Ctrl Pts',(110.391872807761,-101.22967668068,21.3053962633286));
#7110=CARTESIAN_POINT('Ctrl Pts',(110.391872807761,-101.22967668068,20.3053962633286));
#7111=CARTESIAN_POINT('Ctrl Pts',(110.000001683831,-100.056196578563,21.3053962633286));
#7112=CARTESIAN_POINT('Ctrl Pts',(110.000001683831,-100.056196578563,20.3053962633286));
#7113=CARTESIAN_POINT('',(164.000002399087,-135.637984659768,21.3053962633286));
#7114=CARTESIAN_POINT('',(110.000001683831,-100.056196578563,21.3053962633286));
#7115=CARTESIAN_POINT('Ctrl Pts',(164.000002399087,-135.637984659768,21.3053962633286));
#7116=CARTESIAN_POINT('Ctrl Pts',(163.414118399628,-134.731870554364,21.3053962633286));
#7117=CARTESIAN_POINT('Ctrl Pts',(162.214982918415,-132.992818746446,21.3053962633286));
#7118=CARTESIAN_POINT('Ctrl Pts',(160.33417782142,-130.603768724603,21.3053962633286));
#7119=CARTESIAN_POINT('Ctrl Pts',(157.661035011192,-127.860629640933,21.3053962633286));
#7120=CARTESIAN_POINT('Ctrl Pts',(154.042162339077,-125.17497590961,21.3053962633286));
#7121=CARTESIAN_POINT('Ctrl Pts',(150.153189103758,-123.217268733717,21.3053962633286));
#7122=CARTESIAN_POINT('Ctrl Pts',(146.019390902497,-121.928640941797,21.3053962633286));
#7123=CARTESIAN_POINT('Ctrl Pts',(141.693759754453,-121.182107258378,21.3053962633286));
#7124=CARTESIAN_POINT('Ctrl Pts',(137.268205340646,-120.754326980325,21.3053962633286));
#7125=CARTESIAN_POINT('Ctrl Pts',(132.857107560376,-120.366197881518,21.3053962633286));
#7126=CARTESIAN_POINT('Ctrl Pts',(128.580992712844,-119.722944261977,21.3053962633286));
#7127=CARTESIAN_POINT('Ctrl Pts',(124.551180447082,-118.551662499917,21.3053962633286));
#7128=CARTESIAN_POINT('Ctrl Pts',(120.852014251065,-116.644494363701,21.3053962633286));
#7129=CARTESIAN_POINT('Ctrl Pts',(117.527209618435,-113.891768483701,21.3053962633286));
#7130=CARTESIAN_POINT('Ctrl Pts',(114.594504501167,-110.24710006255,21.3053962633286));
#7131=CARTESIAN_POINT('Ctrl Pts',(112.563087138612,-106.613070148489,21.3053962633286));
#7132=CARTESIAN_POINT('Ctrl Pts',(111.21413519273,-103.488634727911,21.3053962633286));
#7133=CARTESIAN_POINT('Ctrl Pts',(110.391872807761,-101.22967668068,21.3053962633286));
#7134=CARTESIAN_POINT('Ctrl Pts',(110.000001683831,-100.056196578563,21.3053962633286));
#7135=CARTESIAN_POINT('',(164.000002399087,-135.637984659768,20.3053962633286));
#7136=CARTESIAN_POINT('',(164.000002399087,-135.637984659768,21.3053962633286));
#7137=CARTESIAN_POINT('',(110.000001683831,-100.056196578563,20.3053962633286));
#7138=CARTESIAN_POINT('Ctrl Pts',(164.000002399087,-135.637984659768,20.3053962633286));
#7139=CARTESIAN_POINT('Ctrl Pts',(163.414118399628,-134.731870554364,20.3053962633286));
#7140=CARTESIAN_POINT('Ctrl Pts',(162.214982918415,-132.992818746446,20.3053962633286));
#7141=CARTESIAN_POINT('Ctrl Pts',(160.33417782142,-130.603768724603,20.3053962633286));
#7142=CARTESIAN_POINT('Ctrl Pts',(157.661035011192,-127.860629640933,20.3053962633286));
#7143=CARTESIAN_POINT('Ctrl Pts',(154.042162339077,-125.17497590961,20.3053962633286));
#7144=CARTESIAN_POINT('Ctrl Pts',(150.153189103758,-123.217268733717,20.3053962633286));
#7145=CARTESIAN_POINT('Ctrl Pts',(146.019390902497,-121.928640941797,20.3053962633286));
#7146=CARTESIAN_POINT('Ctrl Pts',(141.693759754453,-121.182107258378,20.3053962633286));
#7147=CARTESIAN_POINT('Ctrl Pts',(137.268205340646,-120.754326980325,20.3053962633286));
#7148=CARTESIAN_POINT('Ctrl Pts',(132.857107560376,-120.366197881518,20.3053962633286));
#7149=CARTESIAN_POINT('Ctrl Pts',(128.580992712844,-119.722944261977,20.3053962633286));
#7150=CARTESIAN_POINT('Ctrl Pts',(124.551180447082,-118.551662499917,20.3053962633286));
#7151=CARTESIAN_POINT('Ctrl Pts',(120.852014251065,-116.644494363701,20.3053962633286));
#7152=CARTESIAN_POINT('Ctrl Pts',(117.527209618435,-113.891768483701,20.3053962633286));
#7153=CARTESIAN_POINT('Ctrl Pts',(114.594504501167,-110.24710006255,20.3053962633286));
#7154=CARTESIAN_POINT('Ctrl Pts',(112.563087138612,-106.613070148489,20.3053962633286));
#7155=CARTESIAN_POINT('Ctrl Pts',(111.21413519273,-103.488634727911,20.3053962633286));
#7156=CARTESIAN_POINT('Ctrl Pts',(110.391872807761,-101.22967668068,20.3053962633286));
#7157=CARTESIAN_POINT('Ctrl Pts',(110.000001683831,-100.056196578563,20.3053962633286));
#7158=CARTESIAN_POINT('',(110.000001683831,-100.056196578563,21.3053962633286));
#7159=CARTESIAN_POINT('Ctrl Pts',(110.000001639128,-95.0000014156103,21.3053962633286));
#7160=CARTESIAN_POINT('Ctrl Pts',(110.000001639128,-95.0000014156103,20.3053962633286));
#7161=CARTESIAN_POINT('Ctrl Pts',(110.399623592229,-96.366523672362,21.3053962633286));
#7162=CARTESIAN_POINT('Ctrl Pts',(110.399623592229,-96.366523672362,20.3053962633286));
#7163=CARTESIAN_POINT('Ctrl Pts',(111.234091415434,-98.9975547461202,21.3053962633286));
#7164=CARTESIAN_POINT('Ctrl Pts',(111.234091415434,-98.9975547461202,20.3053962633286));
#7165=CARTESIAN_POINT('Ctrl Pts',(112.591462276014,-102.638068991907,21.3053962633286));
#7166=CARTESIAN_POINT('Ctrl Pts',(112.591462276014,-102.638068991907,20.3053962633286));
#7167=CARTESIAN_POINT('Ctrl Pts',(114.614187585102,-106.875504334413,21.3053962633286));
#7168=CARTESIAN_POINT('Ctrl Pts',(114.614187585102,-106.875504334413,20.3053962633286));
#7169=CARTESIAN_POINT('Ctrl Pts',(117.502989152841,-111.129788217333,21.3053962633286));
#7170=CARTESIAN_POINT('Ctrl Pts',(117.502989152841,-111.129788217333,20.3053962633286));
#7171=CARTESIAN_POINT('Ctrl Pts',(120.752961127053,-114.343030805761,21.3053962633286));
#7172=CARTESIAN_POINT('Ctrl Pts',(120.752961127053,-114.343030805761,20.3053962633286));
#7173=CARTESIAN_POINT('Ctrl Pts',(124.351699981039,-116.558760686607,21.3053962633286));
#7174=CARTESIAN_POINT('Ctrl Pts',(124.351699981039,-116.558760686607,20.3053962633286));
#7175=CARTESIAN_POINT('Ctrl Pts',(128.266128149104,-117.885401650965,21.3053962633286));
#7176=CARTESIAN_POINT('Ctrl Pts',(128.266128149104,-117.885401650965,20.3053962633286));
#7177=CARTESIAN_POINT('Ctrl Pts',(132.428635747594,-118.538511070279,21.3053962633286));
#7178=CARTESIAN_POINT('Ctrl Pts',(132.428635747594,-118.538511070279,20.3053962633286));
#7179=CARTESIAN_POINT('Ctrl Pts',(136.742607629072,-118.823258366556,21.3053962633286));
#7180=CARTESIAN_POINT('Ctrl Pts',(136.742607629072,-118.823258366556,20.3053962633286));
#7181=CARTESIAN_POINT('Ctrl Pts',(141.100973742041,-119.076680216577,21.3053962633286));
#7182=CARTESIAN_POINT('Ctrl Pts',(141.100973742041,-119.076680216577,20.3053962633286));
#7183=CARTESIAN_POINT('Ctrl Pts',(145.400080772631,-119.624044082054,21.3053962633286));
#7184=CARTESIAN_POINT('Ctrl Pts',(145.400080772631,-119.624044082054,20.3053962633286));
#7185=CARTESIAN_POINT('Ctrl Pts',(149.554886806708,-120.730916991314,21.3053962633286));
#7186=CARTESIAN_POINT('Ctrl Pts',(149.554886806708,-120.730916991314,20.3053962633286));
#7187=CARTESIAN_POINT('Ctrl Pts',(153.514993784472,-122.552174517514,21.3053962633286));
#7188=CARTESIAN_POINT('Ctrl Pts',(153.514993784472,-122.552174517514,20.3053962633286));
#7189=CARTESIAN_POINT('Ctrl Pts',(157.25576517812,-125.161103611116,21.3053962633286));
#7190=CARTESIAN_POINT('Ctrl Pts',(157.25576517812,-125.161103611116,20.3053962633286));
#7191=CARTESIAN_POINT('Ctrl Pts',(160.066496287897,-127.895541554021,21.3053962633286));
#7192=CARTESIAN_POINT('Ctrl Pts',(160.066496287897,-127.895541554021,20.3053962633286));
#7193=CARTESIAN_POINT('Ctrl Pts',(162.072606063276,-130.308110388252,21.3053962633286));
#7194=CARTESIAN_POINT('Ctrl Pts',(162.072606063276,-130.308110388252,20.3053962633286));
#7195=CARTESIAN_POINT('Ctrl Pts',(163.365033466656,-132.076102619537,21.3053962633286));
#7196=CARTESIAN_POINT('Ctrl Pts',(163.365033466656,-132.076102619537,20.3053962633286));
#7197=CARTESIAN_POINT('Ctrl Pts',(164.000002399087,-133.000001981854,21.3053962633286));
#7198=CARTESIAN_POINT('Ctrl Pts',(164.000002399087,-133.000001981854,20.3053962633286));
#7199=CARTESIAN_POINT('',(110.000001639128,-95.0000014156103,21.3053962633286));
#7200=CARTESIAN_POINT('',(164.000002399087,-133.000001981854,21.3053962633286));
#7201=CARTESIAN_POINT('Ctrl Pts',(110.000001639128,-95.0000014156103,21.3053962633286));
#7202=CARTESIAN_POINT('Ctrl Pts',(110.399623592229,-96.366523672362,21.3053962633286));
#7203=CARTESIAN_POINT('Ctrl Pts',(111.234091415434,-98.9975547461202,21.3053962633286));
#7204=CARTESIAN_POINT('Ctrl Pts',(112.591462276014,-102.638068991907,21.3053962633286));
#7205=CARTESIAN_POINT('Ctrl Pts',(114.614187585102,-106.875504334413,21.3053962633286));
#7206=CARTESIAN_POINT('Ctrl Pts',(117.502989152841,-111.129788217333,21.3053962633286));
#7207=CARTESIAN_POINT('Ctrl Pts',(120.752961127053,-114.343030805761,21.3053962633286));
#7208=CARTESIAN_POINT('Ctrl Pts',(124.351699981039,-116.558760686607,21.3053962633286));
#7209=CARTESIAN_POINT('Ctrl Pts',(128.266128149104,-117.885401650965,21.3053962633286));
#7210=CARTESIAN_POINT('Ctrl Pts',(132.428635747594,-118.538511070279,21.3053962633286));
#7211=CARTESIAN_POINT('Ctrl Pts',(136.742607629072,-118.823258366556,21.3053962633286));
#7212=CARTESIAN_POINT('Ctrl Pts',(141.100973742041,-119.076680216577,21.3053962633286));
#7213=CARTESIAN_POINT('Ctrl Pts',(145.400080772631,-119.624044082054,21.3053962633286));
#7214=CARTESIAN_POINT('Ctrl Pts',(149.554886806708,-120.730916991314,21.3053962633286));
#7215=CARTESIAN_POINT('Ctrl Pts',(153.514993784472,-122.552174517514,21.3053962633286));
#7216=CARTESIAN_POINT('Ctrl Pts',(157.25576517812,-125.161103611116,21.3053962633286));
#7217=CARTESIAN_POINT('Ctrl Pts',(160.066496287897,-127.895541554021,21.3053962633286));
#7218=CARTESIAN_POINT('Ctrl Pts',(162.072606063276,-130.308110388252,21.3053962633286));
#7219=CARTESIAN_POINT('Ctrl Pts',(163.365033466656,-132.076102619537,21.3053962633286));
#7220=CARTESIAN_POINT('Ctrl Pts',(164.000002399087,-133.000001981854,21.3053962633286));
#7221=CARTESIAN_POINT('',(110.000001639128,-95.0000014156103,20.3053962633286));
#7222=CARTESIAN_POINT('',(110.000001639128,-95.0000014156103,21.3053962633286));
#7223=CARTESIAN_POINT('',(164.000002399087,-133.000001981854,20.3053962633286));
#7224=CARTESIAN_POINT('Ctrl Pts',(110.000001639128,-95.0000014156103,20.3053962633286));
#7225=CARTESIAN_POINT('Ctrl Pts',(110.399623592229,-96.366523672362,20.3053962633286));
#7226=CARTESIAN_POINT('Ctrl Pts',(111.234091415434,-98.9975547461202,20.3053962633286));
#7227=CARTESIAN_POINT('Ctrl Pts',(112.591462276014,-102.638068991907,20.3053962633286));
#7228=CARTESIAN_POINT('Ctrl Pts',(114.614187585102,-106.875504334413,20.3053962633286));
#7229=CARTESIAN_POINT('Ctrl Pts',(117.502989152841,-111.129788217333,20.3053962633286));
#7230=CARTESIAN_POINT('Ctrl Pts',(120.752961127053,-114.343030805761,20.3053962633286));
#7231=CARTESIAN_POINT('Ctrl Pts',(124.351699981039,-116.558760686607,20.3053962633286));
#7232=CARTESIAN_POINT('Ctrl Pts',(128.266128149104,-117.885401650965,20.3053962633286));
#7233=CARTESIAN_POINT('Ctrl Pts',(132.428635747594,-118.538511070279,20.3053962633286));
#7234=CARTESIAN_POINT('Ctrl Pts',(136.742607629072,-118.823258366556,20.3053962633286));
#7235=CARTESIAN_POINT('Ctrl Pts',(141.100973742041,-119.076680216577,20.3053962633286));
#7236=CARTESIAN_POINT('Ctrl Pts',(145.400080772631,-119.624044082054,20.3053962633286));
#7237=CARTESIAN_POINT('Ctrl Pts',(149.554886806708,-120.730916991314,20.3053962633286));
#7238=CARTESIAN_POINT('Ctrl Pts',(153.514993784472,-122.552174517514,20.3053962633286));
#7239=CARTESIAN_POINT('Ctrl Pts',(157.25576517812,-125.161103611116,20.3053962633286));
#7240=CARTESIAN_POINT('Ctrl Pts',(160.066496287897,-127.895541554021,20.3053962633286));
#7241=CARTESIAN_POINT('Ctrl Pts',(162.072606063276,-130.308110388252,20.3053962633286));
#7242=CARTESIAN_POINT('Ctrl Pts',(163.365033466656,-132.076102619537,20.3053962633286));
#7243=CARTESIAN_POINT('Ctrl Pts',(164.000002399087,-133.000001981854,20.3053962633286));
#7244=CARTESIAN_POINT('',(164.000002399087,-133.000001981854,21.3053962633286));
#7245=CARTESIAN_POINT('Origin',(137.000002019107,-115.318993037689,20.3053962633286));
#7246=CARTESIAN_POINT('',(110.000001683831,-88.1594969956817,20.3053962633286));
#7247=CARTESIAN_POINT('',(164.000002399087,-128.659497554475,20.3053962633286));
#7248=CARTESIAN_POINT('Origin',(164.000002399087,-142.000002071261,19.3053962633286));
#7249=CARTESIAN_POINT('',(164.000002399087,-139.000002071261,21.3053962633286));
#7250=CARTESIAN_POINT('',(164.000002399087,-142.000002071261,21.3053962633286));
#7251=CARTESIAN_POINT('',(164.000002399087,-139.000002071261,19.3053962633286));
#7252=CARTESIAN_POINT('',(164.000002399087,-64.0000009536743,21.3053962633283));
#7253=CARTESIAN_POINT('',(164.000002399087,-64.0000009536743,19.3053962633285));
#7254=CARTESIAN_POINT('',(164.000002399087,-80.8487635662276,21.3053962633286));
#7255=CARTESIAN_POINT('',(164.000002399087,-142.000002071261,21.3053962633286));
#7256=CARTESIAN_POINT('',(164.000002399087,-80.8487635662276,20.3053962633286));
#7257=CARTESIAN_POINT('',(164.000002399087,-80.8487635662276,21.3053962633286));
#7258=CARTESIAN_POINT('',(164.000002399087,-84.0000012516975,20.3053962633286));
#7259=CARTESIAN_POINT('',(164.000002399087,-107.247738119656,20.3053962633286));
#7260=CARTESIAN_POINT('',(164.000002399087,-84.0000012516975,21.3053962633286));
#7261=CARTESIAN_POINT('',(164.000002399087,-84.0000012516975,21.3053962633286));
#7262=CARTESIAN_POINT('',(164.000002399087,-142.000002071261,21.3053962633286));
#7263=CARTESIAN_POINT('Origin',(137.000002041459,-101.500001512468,21.3053962633286));
#7264=CARTESIAN_POINT('',(110.000001683831,-139.000002071261,21.3053962633286));
#7265=CARTESIAN_POINT('',(110.000001683831,-61.0000009536743,21.3053962633283));
#7266=CARTESIAN_POINT('',(113.000001683831,-142.000002071261,21.3053962633286));
#7267=CARTESIAN_POINT('Origin',(113.000001683831,-139.000002071261,21.3053962633286));
#7268=CARTESIAN_POINT('',(161.000002399087,-142.000002071261,21.3053962633286));
#7269=CARTESIAN_POINT('',(110.000001683831,-142.000002071261,21.3053962633286));
#7270=CARTESIAN_POINT('Origin',(161.000002399087,-139.000002071261,21.3053962633286));
#7271=CARTESIAN_POINT('Ctrl Pts',(164.000002399087,-84.0000012516975,21.3053962633286));
#7272=CARTESIAN_POINT('Ctrl Pts',(164.000002399087,-84.0000012516975,20.3053962633286));
#7273=CARTESIAN_POINT('Ctrl Pts',(163.471382141717,-83.3225934670345,21.3053962633286));
#7274=CARTESIAN_POINT('Ctrl Pts',(163.471382141717,-83.3225934670345,20.3053962633286));
#7275=CARTESIAN_POINT('Ctrl Pts',(162.402708178781,-82.0128846982261,21.3053962633286));
#7276=CARTESIAN_POINT('Ctrl Pts',(162.402708178781,-82.0128846982261,20.3053962633286));
#7277=CARTESIAN_POINT('Ctrl Pts',(160.765397743142,-80.1836395628948,21.3053962633286));
#7278=CARTESIAN_POINT('Ctrl Pts',(160.765397743142,-80.1836395628948,20.3053962633286));
#7279=CARTESIAN_POINT('Ctrl Pts',(158.513211940871,-78.0172703403172,21.3053962633286));
#7280=CARTESIAN_POINT('Ctrl Pts',(158.513211940871,-78.0172703403172,20.3053962633286));
#7281=CARTESIAN_POINT('Ctrl Pts',(155.58251348272,-75.770751572063,21.3053962633286));
#7282=CARTESIAN_POINT('Ctrl Pts',(155.58251348272,-75.770751572063,20.3053962633286));
#7283=CARTESIAN_POINT('Ctrl Pts',(152.540676545844,-73.9863336584286,21.3053962633286));
#7284=CARTESIAN_POINT('Ctrl Pts',(152.540676545844,-73.9863336584286,20.3053962633286));
#7285=CARTESIAN_POINT('Ctrl Pts',(149.400980715791,-72.6477345588619,21.3053962633286));
#7286=CARTESIAN_POINT('Ctrl Pts',(149.400980715791,-72.6477345588619,20.3053962633286));
#7287=CARTESIAN_POINT('Ctrl Pts',(146.189785606458,-71.7113221174722,21.3053962633286));
#7288=CARTESIAN_POINT('Ctrl Pts',(146.189785606458,-71.7113221174722,20.3053962633286));
#7289=CARTESIAN_POINT('Ctrl Pts',(142.952766138634,-71.090182183403,21.3053962633286));
#7290=CARTESIAN_POINT('Ctrl Pts',(142.952766138634,-71.090182183403,20.3053962633286));
#7291=CARTESIAN_POINT('Ctrl Pts',(139.756997448774,-70.6477419500789,21.3053962633286));
#7292=CARTESIAN_POINT('Ctrl Pts',(139.756997448774,-70.6477419500789,20.3053962633286));
#7293=CARTESIAN_POINT('Ctrl Pts',(136.679373128098,-70.2241459204109,21.3053962633286));
#7294=CARTESIAN_POINT('Ctrl Pts',(136.679373128098,-70.2241459204109,20.3053962633286));
#7295=CARTESIAN_POINT('Ctrl Pts',(133.797160055844,-69.6565104821949,21.3053962633286));
#7296=CARTESIAN_POINT('Ctrl Pts',(133.797160055844,-69.6565104821949,20.3053962633286));
#7297=CARTESIAN_POINT('Ctrl Pts',(131.178356733641,-68.7994371821382,21.3053962633286));
#7298=CARTESIAN_POINT('Ctrl Pts',(131.178356733641,-68.7994371821382,20.3053962633286));
#7299=CARTESIAN_POINT('Ctrl Pts',(128.869224970446,-67.5500712982449,21.3053962633286));
#7300=CARTESIAN_POINT('Ctrl Pts',(128.869224970446,-67.5500712982449,20.3053962633286));
#7301=CARTESIAN_POINT('Ctrl Pts',(126.888455938357,-65.86027362214,21.3053962633286));
#7302=CARTESIAN_POINT('Ctrl Pts',(126.888455938357,-65.86027362214,20.3053962633286));
#7303=CARTESIAN_POINT('Ctrl Pts',(125.569414887451,-64.1430961336644,21.3053962633286));
#7304=CARTESIAN_POINT('Ctrl Pts',(125.569414887451,-64.1430961336644,20.3053962633286));
#7305=CARTESIAN_POINT('Ctrl Pts',(124.727720898422,-62.6505708429912,21.3053962633286));
#7306=CARTESIAN_POINT('Ctrl Pts',(124.727720898422,-62.6505708429912,20.3053962633286));
#7307=CARTESIAN_POINT('Ctrl Pts',(124.231720378472,-61.5652422445233,21.3053962633286));
#7308=CARTESIAN_POINT('Ctrl Pts',(124.231720378472,-61.5652422445233,20.3053962633286));
#7309=CARTESIAN_POINT('Ctrl Pts',(124.000001847744,-61.0000009536742,21.3053962633286));
#7310=CARTESIAN_POINT('Ctrl Pts',(124.000001847744,-61.0000009536742,20.3053962633286));
#7311=CARTESIAN_POINT('',(124.000001847744,-61.0000009536742,21.3053962633286));
#7312=CARTESIAN_POINT('Ctrl Pts',(164.000002399087,-84.0000012516975,21.3053962633286));
#7313=CARTESIAN_POINT('Ctrl Pts',(163.471382141717,-83.3225934670345,21.3053962633286));
#7314=CARTESIAN_POINT('Ctrl Pts',(162.402708178781,-82.0128846982261,21.3053962633286));
#7315=CARTESIAN_POINT('Ctrl Pts',(160.765397743142,-80.1836395628948,21.3053962633286));
#7316=CARTESIAN_POINT('Ctrl Pts',(158.513211940871,-78.0172703403172,21.3053962633286));
#7317=CARTESIAN_POINT('Ctrl Pts',(155.58251348272,-75.770751572063,21.3053962633286));
#7318=CARTESIAN_POINT('Ctrl Pts',(152.540676545844,-73.9863336584286,21.3053962633286));
#7319=CARTESIAN_POINT('Ctrl Pts',(149.400980715791,-72.6477345588619,21.3053962633286));
#7320=CARTESIAN_POINT('Ctrl Pts',(146.189785606458,-71.7113221174722,21.3053962633286));
#7321=CARTESIAN_POINT('Ctrl Pts',(142.952766138634,-71.090182183403,21.3053962633286));
#7322=CARTESIAN_POINT('Ctrl Pts',(139.756997448774,-70.6477419500789,21.3053962633286));
#7323=CARTESIAN_POINT('Ctrl Pts',(136.679373128098,-70.2241459204109,21.3053962633286));
#7324=CARTESIAN_POINT('Ctrl Pts',(133.797160055844,-69.6565104821949,21.3053962633286));
#7325=CARTESIAN_POINT('Ctrl Pts',(131.178356733641,-68.7994371821382,21.3053962633286));
#7326=CARTESIAN_POINT('Ctrl Pts',(128.869224970446,-67.5500712982449,21.3053962633286));
#7327=CARTESIAN_POINT('Ctrl Pts',(126.888455938357,-65.86027362214,21.3053962633286));
#7328=CARTESIAN_POINT('Ctrl Pts',(125.569414887451,-64.1430961336644,21.3053962633286));
#7329=CARTESIAN_POINT('Ctrl Pts',(124.727720898422,-62.6505708429912,21.3053962633286));
#7330=CARTESIAN_POINT('Ctrl Pts',(124.231720378472,-61.5652422445233,21.3053962633286));
#7331=CARTESIAN_POINT('Ctrl Pts',(124.000001847744,-61.0000009536742,21.3053962633286));
#7332=CARTESIAN_POINT('',(124.000001847744,-61.0000009536742,20.3053962633286));
#7333=CARTESIAN_POINT('Ctrl Pts',(164.000002399087,-84.0000012516975,20.3053962633286));
#7334=CARTESIAN_POINT('Ctrl Pts',(163.471382141717,-83.3225934670345,20.3053962633286));
#7335=CARTESIAN_POINT('Ctrl Pts',(162.402708178781,-82.0128846982261,20.3053962633286));
#7336=CARTESIAN_POINT('Ctrl Pts',(160.765397743142,-80.1836395628948,20.3053962633286));
#7337=CARTESIAN_POINT('Ctrl Pts',(158.513211940871,-78.0172703403172,20.3053962633286));
#7338=CARTESIAN_POINT('Ctrl Pts',(155.58251348272,-75.770751572063,20.3053962633286));
#7339=CARTESIAN_POINT('Ctrl Pts',(152.540676545844,-73.9863336584286,20.3053962633286));
#7340=CARTESIAN_POINT('Ctrl Pts',(149.400980715791,-72.6477345588619,20.3053962633286));
#7341=CARTESIAN_POINT('Ctrl Pts',(146.189785606458,-71.7113221174722,20.3053962633286));
#7342=CARTESIAN_POINT('Ctrl Pts',(142.952766138634,-71.090182183403,20.3053962633286));
#7343=CARTESIAN_POINT('Ctrl Pts',(139.756997448774,-70.6477419500789,20.3053962633286));
#7344=CARTESIAN_POINT('Ctrl Pts',(136.679373128098,-70.2241459204109,20.3053962633286));
#7345=CARTESIAN_POINT('Ctrl Pts',(133.797160055844,-69.6565104821949,20.3053962633286));
#7346=CARTESIAN_POINT('Ctrl Pts',(131.178356733641,-68.7994371821382,20.3053962633286));
#7347=CARTESIAN_POINT('Ctrl Pts',(128.869224970446,-67.5500712982449,20.3053962633286));
#7348=CARTESIAN_POINT('Ctrl Pts',(126.888455938357,-65.86027362214,20.3053962633286));
#7349=CARTESIAN_POINT('Ctrl Pts',(125.569414887451,-64.1430961336644,20.3053962633286));
#7350=CARTESIAN_POINT('Ctrl Pts',(124.727720898422,-62.6505708429912,20.3053962633286));
#7351=CARTESIAN_POINT('Ctrl Pts',(124.231720378472,-61.5652422445233,20.3053962633286));
#7352=CARTESIAN_POINT('Ctrl Pts',(124.000001847744,-61.0000009536742,20.3053962633286));
#7353=CARTESIAN_POINT('',(124.000001847744,-61.0000009536742,21.3053962633286));
#7354=CARTESIAN_POINT('Ctrl Pts',(126.183128732064,-61.0000009536741,21.3053962633286));
#7355=CARTESIAN_POINT('Ctrl Pts',(126.183128732064,-61.0000009536741,20.3053962633286));
#7356=CARTESIAN_POINT('Ctrl Pts',(127.147443901789,-63.0584713352275,21.3053962633286));
#7357=CARTESIAN_POINT('Ctrl Pts',(127.147443901789,-63.0584713352275,20.3053962633286));
#7358=CARTESIAN_POINT('Ctrl Pts',(128.374454264465,-64.5666200543657,21.3053962633286));
#7359=CARTESIAN_POINT('Ctrl Pts',(128.374454264465,-64.5666200543657,20.3053962633286));
#7360=CARTESIAN_POINT('Ctrl Pts',(129.902059843856,-65.6641830931357,21.3053962633286));
#7361=CARTESIAN_POINT('Ctrl Pts',(129.902059843856,-65.6641830931357,20.3053962633286));
#7362=CARTESIAN_POINT('Ctrl Pts',(131.457537559861,-66.7817718685036,21.3053962633286));
#7363=CARTESIAN_POINT('Ctrl Pts',(131.457537559861,-66.7817718685036,20.3053962633286));
#7364=CARTESIAN_POINT('Ctrl Pts',(133.390960927275,-67.4867860403223,21.3053962633286));
#7365=CARTESIAN_POINT('Ctrl Pts',(133.390960927275,-67.4867860403223,20.3053962633286));
#7366=CARTESIAN_POINT('Ctrl Pts',(135.772068469985,-67.9753991447336,21.3053962633286));
#7367=CARTESIAN_POINT('Ctrl Pts',(135.772068469985,-67.9753991447336,20.3053962633286));
#7368=CARTESIAN_POINT('Ctrl Pts',(139.216298655365,-68.6821694073108,21.3053962633286));
#7369=CARTESIAN_POINT('Ctrl Pts',(139.216298655365,-68.6821694073108,20.3053962633286));
#7370=CARTESIAN_POINT('Ctrl Pts',(143.52241598801,-68.9426354714968,21.3053962633286));
#7371=CARTESIAN_POINT('Ctrl Pts',(143.52241598801,-68.9426354714968,20.3053962633286));
#7372=CARTESIAN_POINT('Ctrl Pts',(147.853170814204,-70.1607071952369,21.3053962633286));
#7373=CARTESIAN_POINT('Ctrl Pts',(147.853170814204,-70.1607071952369,20.3053962633286));
#7374=CARTESIAN_POINT('Ctrl Pts',(151.151093671281,-71.0882837357018,21.3053962633286));
#7375=CARTESIAN_POINT('Ctrl Pts',(151.151093671281,-71.0882837357018,20.3053962633286));
#7376=CARTESIAN_POINT('Ctrl Pts',(154.433612236353,-72.5929356418421,21.3053962633286));
#7377=CARTESIAN_POINT('Ctrl Pts',(154.433612236353,-72.5929356418421,20.3053962633286));
#7378=CARTESIAN_POINT('Ctrl Pts',(157.486412015922,-74.7959335510602,21.3053962633286));
#7379=CARTESIAN_POINT('Ctrl Pts',(157.486412015922,-74.7959335510602,20.3053962633286));
#7380=CARTESIAN_POINT('Ctrl Pts',(159.775531102558,-76.4478350598199,21.3053962633286));
#7381=CARTESIAN_POINT('Ctrl Pts',(159.775531102558,-76.4478350598199,20.3053962633286));
#7382=CARTESIAN_POINT('Ctrl Pts',(161.945217942027,-78.4723137234786,21.3053962633286));
#7383=CARTESIAN_POINT('Ctrl Pts',(161.945217942027,-78.4723137234786,20.3053962633286));
#7384=CARTESIAN_POINT('Ctrl Pts',(164.000002399087,-80.8487635662276,21.3053962633286));
#7385=CARTESIAN_POINT('Ctrl Pts',(164.000002399087,-80.8487635662276,20.3053962633286));
#7386=CARTESIAN_POINT('',(126.183128732064,-61.0000009536741,21.3053962633286));
#7387=CARTESIAN_POINT('Ctrl Pts',(126.183128732064,-61.0000009536741,21.3053962633286));
#7388=CARTESIAN_POINT('Ctrl Pts',(127.147443901789,-63.0584713352275,21.3053962633286));
#7389=CARTESIAN_POINT('Ctrl Pts',(128.374454264465,-64.5666200543657,21.3053962633286));
#7390=CARTESIAN_POINT('Ctrl Pts',(129.902059843856,-65.6641830931357,21.3053962633286));
#7391=CARTESIAN_POINT('Ctrl Pts',(131.457537559861,-66.7817718685036,21.3053962633286));
#7392=CARTESIAN_POINT('Ctrl Pts',(133.390960927275,-67.4867860403223,21.3053962633286));
#7393=CARTESIAN_POINT('Ctrl Pts',(135.772068469985,-67.9753991447336,21.3053962633286));
#7394=CARTESIAN_POINT('Ctrl Pts',(139.216298655365,-68.6821694073108,21.3053962633286));
#7395=CARTESIAN_POINT('Ctrl Pts',(143.52241598801,-68.9426354714968,21.3053962633286));
#7396=CARTESIAN_POINT('Ctrl Pts',(147.853170814204,-70.1607071952369,21.3053962633286));
#7397=CARTESIAN_POINT('Ctrl Pts',(151.151093671281,-71.0882837357018,21.3053962633286));
#7398=CARTESIAN_POINT('Ctrl Pts',(154.433612236353,-72.5929356418421,21.3053962633286));
#7399=CARTESIAN_POINT('Ctrl Pts',(157.486412015922,-74.7959335510602,21.3053962633286));
#7400=CARTESIAN_POINT('Ctrl Pts',(159.775531102558,-76.4478350598199,21.3053962633286));
#7401=CARTESIAN_POINT('Ctrl Pts',(161.945217942027,-78.4723137234786,21.3053962633286));
#7402=CARTESIAN_POINT('Ctrl Pts',(164.000002399087,-80.8487635662276,21.3053962633286));
#7403=CARTESIAN_POINT('',(126.183128732064,-61.0000009536741,20.3053962633286));
#7404=CARTESIAN_POINT('',(126.183128732064,-61.0000009536741,21.3053962633286));
#7405=CARTESIAN_POINT('Ctrl Pts',(126.183128732064,-61.0000009536741,20.3053962633286));
#7406=CARTESIAN_POINT('Ctrl Pts',(127.147443901789,-63.0584713352275,20.3053962633286));
#7407=CARTESIAN_POINT('Ctrl Pts',(128.374454264465,-64.5666200543657,20.3053962633286));
#7408=CARTESIAN_POINT('Ctrl Pts',(129.902059843856,-65.6641830931357,20.3053962633286));
#7409=CARTESIAN_POINT('Ctrl Pts',(131.457537559861,-66.7817718685036,20.3053962633286));
#7410=CARTESIAN_POINT('Ctrl Pts',(133.390960927275,-67.4867860403223,20.3053962633286));
#7411=CARTESIAN_POINT('Ctrl Pts',(135.772068469985,-67.9753991447336,20.3053962633286));
#7412=CARTESIAN_POINT('Ctrl Pts',(139.216298655365,-68.6821694073108,20.3053962633286));
#7413=CARTESIAN_POINT('Ctrl Pts',(143.52241598801,-68.9426354714968,20.3053962633286));
#7414=CARTESIAN_POINT('Ctrl Pts',(147.853170814204,-70.1607071952369,20.3053962633286));
#7415=CARTESIAN_POINT('Ctrl Pts',(151.151093671281,-71.0882837357018,20.3053962633286));
#7416=CARTESIAN_POINT('Ctrl Pts',(154.433612236353,-72.5929356418421,20.3053962633286));
#7417=CARTESIAN_POINT('Ctrl Pts',(157.486412015922,-74.7959335510602,20.3053962633286));
#7418=CARTESIAN_POINT('Ctrl Pts',(159.775531102558,-76.4478350598199,20.3053962633286));
#7419=CARTESIAN_POINT('Ctrl Pts',(161.945217942027,-78.4723137234786,20.3053962633286));
#7420=CARTESIAN_POINT('Ctrl Pts',(164.000002399087,-80.8487635662276,20.3053962633286));
#7421=CARTESIAN_POINT('Origin',(144.00452905805,-72.495474168051,20.3053962633286));
#7422=CARTESIAN_POINT('',(154.002265728569,-61.0000009536743,20.3053962633286));
#7423=CARTESIAN_POINT('Origin',(137.000002041459,-101.500001512468,21.3053962633286));
#7424=CARTESIAN_POINT('',(113.000001683831,-61.0000009536743,21.3053962633283));
#7425=CARTESIAN_POINT('',(164.000002399087,-61.0000009536743,21.3053962633283));
#7426=CARTESIAN_POINT('',(110.000001683831,-64.0000009536743,21.3053962633283));
#7427=CARTESIAN_POINT('Origin',(113.000001683831,-64.0000009536743,21.3053962633286));
#7428=CARTESIAN_POINT('',(110.000001683831,-61.0000009536743,21.3053962633283));
#7429=CARTESIAN_POINT('',(125.550000190735,-69.449999809265,21.3053962633286));
#7430=CARTESIAN_POINT('',(125.550000190735,-75.550000190735,21.3053962633286));
#7431=CARTESIAN_POINT('',(125.550000190735,-84.4750006608664,21.3053962633286));
#7432=CARTESIAN_POINT('',(123.550000190735,-77.550000190735,21.3053962633286));
#7433=CARTESIAN_POINT('Origin',(123.550000190735,-75.550000190735,21.3053962633286));
#7434=CARTESIAN_POINT('',(117.449999809265,-77.550000190735,21.3053962633286));
#7435=CARTESIAN_POINT('',(131.275001116097,-77.550000190735,21.3053962633286));
#7436=CARTESIAN_POINT('',(115.449999809265,-75.550000190735,21.3053962633286));
#7437=CARTESIAN_POINT('Origin',(117.449999809265,-75.550000190735,21.3053962633286));
#7438=CARTESIAN_POINT('',(115.449999809265,-69.449999809265,21.3053962633286));
#7439=CARTESIAN_POINT('',(115.449999809265,-89.5250008516014,21.3053962633286));
#7440=CARTESIAN_POINT('',(117.449999809265,-67.449999809265,21.3053962633286));
#7441=CARTESIAN_POINT('Origin',(117.449999809265,-69.449999809265,21.3053962633286));
#7442=CARTESIAN_POINT('',(123.550000190735,-67.449999809265,21.3053962633286));
#7443=CARTESIAN_POINT('',(126.225000925362,-67.449999809265,21.3053962633286));
#7444=CARTESIAN_POINT('Origin',(123.550000190735,-69.449999809265,21.3053962633286));
#7445=CARTESIAN_POINT('',(156.9508,-94.15,21.3053962633286));
#7446=CARTESIAN_POINT('Origin',(139.12,-94.15,21.3053962633286));
#7447=CARTESIAN_POINT('Origin',(137.000002041459,-101.500001512468,21.3053962633286));
#7448=CARTESIAN_POINT('',(161.000002399087,-61.0000009536743,21.3053962633283));
#7449=CARTESIAN_POINT('Origin',(161.000002399087,-64.0000009536743,21.3053962633286));
#7450=CARTESIAN_POINT('',(164.000002399087,-61.0000009536743,21.3053962633283));
#7451=CARTESIAN_POINT('Origin',(161.000002399087,-64.0000009536743,19.3053962633285));
#7452=CARTESIAN_POINT('',(161.000002399087,-61.0000009536743,19.3053962633285));
#7453=CARTESIAN_POINT('Origin',(113.000001683831,-64.0000009536743,19.3053962633283));
#7454=CARTESIAN_POINT('',(113.000001683831,-61.0000009536743,19.3053962633283));
#7455=CARTESIAN_POINT('',(110.000001683831,-64.0000009536743,19.3053962633283));
#7456=CARTESIAN_POINT('Origin',(110.000001683831,-61.0000009536743,19.3053962633283));
#7457=CARTESIAN_POINT('',(110.000001683831,-139.000002071261,19.3053962633285));
#7458=CARTESIAN_POINT('Origin',(113.000001683831,-139.000002071261,19.3053962633285));
#7459=CARTESIAN_POINT('',(113.000001683831,-142.000002071261,19.3053962633285));
#7460=CARTESIAN_POINT('Origin',(161.000002399087,-139.000002071261,19.3053962633286));
#7461=CARTESIAN_POINT('',(161.000002399087,-142.000002071261,19.3053962633286));
#7462=CARTESIAN_POINT('Origin',(117.449999809265,-69.449999809265,21.3053962633286));
#7463=CARTESIAN_POINT('',(115.449999809265,-69.449999809265,17.3053962633285));
#7464=CARTESIAN_POINT('',(115.449999809265,-69.449999809265,21.3053962633286));
#7465=CARTESIAN_POINT('',(117.449999809265,-67.449999809265,17.3053962633285));
#7466=CARTESIAN_POINT('Origin',(117.449999809265,-69.449999809265,17.3053962633285));
#7467=CARTESIAN_POINT('',(117.449999809265,-67.449999809265,21.3053962633286));
#7468=CARTESIAN_POINT('Origin',(115.449999809265,-77.550000190735,21.3053962633286));
#7469=CARTESIAN_POINT('',(115.449999809265,-75.550000190735,17.3053962633285));
#7470=CARTESIAN_POINT('',(115.449999809265,-75.550000190735,21.3053962633286));
#7471=CARTESIAN_POINT('',(115.449999809265,-89.5250008516014,17.3053962633285));
#7472=CARTESIAN_POINT('Origin',(117.449999809265,-75.550000190735,21.3053962633286));
#7473=CARTESIAN_POINT('',(117.449999809265,-77.550000190735,17.3053962633285));
#7474=CARTESIAN_POINT('',(117.449999809265,-77.550000190735,21.3053962633286));
#7475=CARTESIAN_POINT('Origin',(117.449999809265,-75.550000190735,17.3053962633285));
#7476=CARTESIAN_POINT('Origin',(125.550000190735,-77.550000190735,21.3053962633286));
#7477=CARTESIAN_POINT('',(123.550000190735,-77.550000190735,17.3053962633285));
#7478=CARTESIAN_POINT('',(123.550000190735,-77.550000190735,21.3053962633286));
#7479=CARTESIAN_POINT('',(131.275001116097,-77.550000190735,17.3053962633285));
#7480=CARTESIAN_POINT('Origin',(123.550000190735,-69.449999809265,21.3053962633286));
#7481=CARTESIAN_POINT('',(123.550000190735,-67.449999809265,17.3053962633285));
#7482=CARTESIAN_POINT('',(123.550000190735,-67.449999809265,21.3053962633286));
#7483=CARTESIAN_POINT('',(125.550000190735,-69.449999809265,17.3053962633285));
#7484=CARTESIAN_POINT('Origin',(123.550000190735,-69.449999809265,17.3053962633285));
#7485=CARTESIAN_POINT('',(125.550000190735,-69.449999809265,21.3053962633286));
#7486=CARTESIAN_POINT('Origin',(115.449999809265,-67.449999809265,21.3053962633286));
#7487=CARTESIAN_POINT('',(126.225000925362,-67.449999809265,17.3053962633285));
#7488=CARTESIAN_POINT('Origin',(123.550000190735,-75.550000190735,21.3053962633286));
#7489=CARTESIAN_POINT('',(125.550000190735,-75.550000190735,17.3053962633285));
#7490=CARTESIAN_POINT('',(125.550000190735,-75.550000190735,21.3053962633286));
#7491=CARTESIAN_POINT('Origin',(123.550000190735,-75.550000190735,17.3053962633285));
#7492=CARTESIAN_POINT('Origin',(125.550000190735,-67.449999809265,21.3053962633286));
#7493=CARTESIAN_POINT('',(125.550000190735,-84.4750006608664,17.3053962633285));
#7494=CARTESIAN_POINT('Origin',(139.12,-94.15,21.3053962633286));
#7495=CARTESIAN_POINT('',(156.9508,-94.15,17.3053962633286));
#7496=CARTESIAN_POINT('',(156.9508,-94.15,21.3053962633286));
#7497=CARTESIAN_POINT('Origin',(139.12,-94.15,17.3053962633285));
#7498=CARTESIAN_POINT('Origin',(112.000001683831,-140.000002071261,19.3053962633285));
#7499=CARTESIAN_POINT('',(112.000001683831,-63.0000009536743,17.3053962633285));
#7500=CARTESIAN_POINT('',(112.000001683831,-63.0000009536743,19.3053962633285));
#7501=CARTESIAN_POINT('',(112.000001683831,-140.000002071261,17.3053962633285));
#7502=CARTESIAN_POINT('',(112.000001683831,-140.000002071261,17.3053962633285));
#7503=CARTESIAN_POINT('',(112.000001683831,-140.000002071261,19.3053962633285));
#7504=CARTESIAN_POINT('Origin',(162.000002399087,-140.000002071261,19.3053962633285));
#7505=CARTESIAN_POINT('',(162.000002399087,-140.000002071261,17.3053962633285));
#7506=CARTESIAN_POINT('Origin',(112.000001683831,-63.0000009536743,19.3053962633285));
#7507=CARTESIAN_POINT('',(112.000001683831,-63.0000009536743,17.3053962633285));
#7508=CARTESIAN_POINT('Origin',(137.000002041459,-101.500001512468,17.3053962633285));
#7509=CARTESIAN_POINT('Origin',(110.000001683831,-142.000002071261,19.3053962633286));
#7510=CARTESIAN_POINT('Origin',(164.000002399087,-61.0000009536743,19.3053962633283));
#7511=CARTESIAN_POINT('',(0.,0.,0.));
#7512=UNCERTAINTY_MEASURE_WITH_UNIT(LENGTH_MEASURE(0.01),#7518,
'DISTANCE_ACCURACY_VALUE',
'Maximum model space distance between geometric entities at asserted c
onnectivities');
#7513=UNCERTAINTY_MEASURE_WITH_UNIT(LENGTH_MEASURE(0.01),#7518,
'DISTANCE_ACCURACY_VALUE',
'Maximum model space distance between geometric entities at asserted c
onnectivities');
#7514=UNCERTAINTY_MEASURE_WITH_UNIT(LENGTH_MEASURE(0.01),#7518,
'DISTANCE_ACCURACY_VALUE',
'Maximum model space distance between geometric entities at asserted c
onnectivities');
#7515=(
GEOMETRIC_REPRESENTATION_CONTEXT(3)
GLOBAL_UNCERTAINTY_ASSIGNED_CONTEXT((#7512))
GLOBAL_UNIT_ASSIGNED_CONTEXT((#7518,#7520,#7521))
REPRESENTATION_CONTEXT('','3D')
);
#7516=(
GEOMETRIC_REPRESENTATION_CONTEXT(3)
GLOBAL_UNCERTAINTY_ASSIGNED_CONTEXT((#7513))
GLOBAL_UNIT_ASSIGNED_CONTEXT((#7518,#7520,#7521))
REPRESENTATION_CONTEXT('','3D')
);
#7517=(
GEOMETRIC_REPRESENTATION_CONTEXT(3)
GLOBAL_UNCERTAINTY_ASSIGNED_CONTEXT((#7514))
GLOBAL_UNIT_ASSIGNED_CONTEXT((#7518,#7520,#7521))
REPRESENTATION_CONTEXT('','3D')
);
#7518=(
LENGTH_UNIT()
NAMED_UNIT(*)
SI_UNIT(.MILLI.,.METRE.)
);
#7519=(
LENGTH_UNIT()
NAMED_UNIT(*)
SI_UNIT($,.METRE.)
);
#7520=(
NAMED_UNIT(*)
PLANE_ANGLE_UNIT()
SI_UNIT($,.RADIAN.)
);
#7521=(
NAMED_UNIT(*)
SI_UNIT($,.STERADIAN.)
SOLID_ANGLE_UNIT()
);
#7522=SHAPE_DEFINITION_REPRESENTATION(#7524,#7527);
#7523=SHAPE_DEFINITION_REPRESENTATION(#7525,#7528);
#7524=PRODUCT_DEFINITION_SHAPE('',$,#7530);
#7525=PRODUCT_DEFINITION_SHAPE('',$,#7531);
#7526=PRODUCT_DEFINITION_SHAPE($,$,#14);
#7527=SHAPE_REPRESENTATION('',(#2522,#2693),#7515);
#7528=SHAPE_REPRESENTATION('',(#2523),#7516);
#7529=PRODUCT_DEFINITION_CONTEXT('part definition',#7537,'design');
#7530=PRODUCT_DEFINITION('2026-08-24-08-47-53-809','aries_casing',#7532,
#7529);
#7531=PRODUCT_DEFINITION('2026-08-24-08-56-57-790','base',#7533,#7529);
#7532=PRODUCT_DEFINITION_FORMATION('',$,#7539);
#7533=PRODUCT_DEFINITION_FORMATION('',$,#7540);
#7534=PRODUCT_RELATED_PRODUCT_CATEGORY('aries_casing','aries_casing',(#7539));
#7535=PRODUCT_RELATED_PRODUCT_CATEGORY('base','base',(#7540));
#7536=APPLICATION_PROTOCOL_DEFINITION('international standard',
'automotive_design',2009,#7537);
#7537=APPLICATION_CONTEXT(
'Core Data for Automotive Mechanical Design Process');
#7538=PRODUCT_CONTEXT('part definition',#7537,'mechanical');
#7539=PRODUCT('2026-08-24-08-47-53-809','aries_casing',$,(#7538));
#7540=PRODUCT('2026-08-24-08-56-57-790','base',$,(#7538));
#7541=PRESENTATION_STYLE_ASSIGNMENT((#7542));
#7542=SURFACE_STYLE_USAGE(.BOTH.,#7543);
#7543=SURFACE_SIDE_STYLE('',(#7544));
#7544=SURFACE_STYLE_FILL_AREA(#7545);
#7545=FILL_AREA_STYLE('Steel - Satin',(#7546));
#7546=FILL_AREA_STYLE_COLOUR('Steel - Satin',#7547);
#7547=COLOUR_RGB('Steel - Satin',0.627450980392157,0.627450980392157,0.627450980392157);
ENDSEC;
END-ISO-10303-21;
